timestamp,average_provision_of_build_contract_moscow,brent,rent_price_3room_bus
1/1/10,NA,NA,NA
1/2/10,NA,NA,NA
1/3/10,NA,NA,NA
1/4/10,NA,80.12,NA
1/5/10,NA,80.59,NA
1/6/10,NA,81.89,NA
1/7/10,NA,81.51,NA
1/8/10,NA,81.37,NA
1/9/10,NA,81.37,NA
1/10/10,NA,81.37,NA
1/11/10,NA,80.97,NA
1/12/10,NA,79.3,NA
1/13/10,NA,78.31,NA
1/14/10,NA,77.82,NA
1/15/10,NA,77.11,NA
1/16/10,NA,77.11,NA
1/17/10,NA,77.11,NA
1/18/10,NA,77.1,NA
1/19/10,NA,77.63,NA
1/20/10,NA,76.32,NA
1/21/10,NA,74.58,NA
1/22/10,NA,72.83,NA
1/23/10,NA,72.83,NA
1/24/10,NA,72.83,NA
1/25/10,NA,73.69,NA
1/26/10,NA,73.29,NA
1/27/10,NA,72.24,NA
1/28/10,NA,72.13,NA
1/29/10,NA,71.46,NA
1/30/10,NA,71.46,NA
1/31/10,NA,71.46,NA
2/1/10,NA,73.11,NA
2/2/10,NA,76.06,NA
2/3/10,NA,75.92,NA
2/4/10,NA,72.13,NA
2/5/10,NA,69.59,NA
2/6/10,NA,69.59,NA
2/7/10,NA,69.59,NA
2/8/10,NA,70.11,NA
2/9/10,NA,72.13,NA
2/10/10,NA,72.54,NA
2/11/10,NA,73.05,NA
2/12/10,NA,72.9,NA
2/13/10,NA,72.9,NA
2/14/10,NA,72.9,NA
2/15/10,NA,72.51,NA
2/16/10,NA,75.68,NA
2/17/10,NA,76.27,NA
2/18/10,NA,77.78,NA
2/19/10,NA,78.19,NA
2/20/10,NA,78.19,NA
2/21/10,NA,78.19,NA
2/22/10,NA,78.61,NA
2/23/10,NA,77.25,NA
2/24/10,NA,78.09,NA
2/25/10,NA,76.29,NA
2/26/10,NA,77.59,NA
2/27/10,NA,77.59,NA
2/28/10,NA,77.59,NA
3/1/10,NA,76.89,NA
3/2/10,NA,78.18,NA
3/3/10,NA,79.25,NA
3/4/10,NA,78.54,NA
3/5/10,NA,79.89,NA
3/6/10,NA,79.89,NA
3/7/10,NA,79.89,NA
3/8/10,NA,80.47,NA
3/9/10,NA,79.91,NA
3/10/10,NA,80.48,NA
3/11/10,NA,80.28,NA
3/12/10,NA,79.39,NA
3/13/10,NA,79.39,NA
3/14/10,NA,79.39,NA
3/15/10,NA,77.89,NA
3/16/10,NA,79.02,NA
3/17/10,NA,81.96,NA
3/18/10,NA,81.48,NA
3/19/10,NA,79.88,NA
3/20/10,NA,79.88,NA
3/21/10,NA,79.88,NA
3/22/10,NA,80.54,NA
3/23/10,NA,80.7,NA
3/24/10,NA,79.62,NA
3/25/10,NA,79.61,NA
3/26/10,NA,79.29,NA
3/27/10,NA,79.29,NA
3/28/10,NA,79.29,NA
3/29/10,NA,81.17,NA
3/30/10,NA,81.28,NA
3/31/10,NA,82.7,NA
4/1/10,NA,84.01,NA
4/2/10,NA,84.01,NA
4/3/10,NA,84.01,NA
4/4/10,NA,84.01,NA
4/5/10,NA,85.88,NA
4/6/10,NA,86.15,NA
4/7/10,NA,85.59,NA
4/8/10,NA,84.81,NA
4/9/10,NA,84.83,NA
4/10/10,NA,84.83,NA
4/11/10,NA,84.83,NA
4/12/10,NA,84.77,NA
4/13/10,NA,84.72,NA
4/14/10,NA,86.15,NA
4/15/10,NA,87.17,NA
4/16/10,NA,85.99,NA
4/17/10,NA,85.99,NA
4/18/10,NA,85.99,NA
4/19/10,NA,84.23,NA
4/20/10,NA,84.8,NA
4/21/10,NA,85.7,NA
4/22/10,NA,85.67,NA
4/23/10,NA,87.25,NA
4/24/10,NA,87.25,NA
4/25/10,NA,87.25,NA
4/26/10,NA,86.83,NA
4/27/10,NA,85.78,NA
4/28/10,NA,86.16,NA
4/29/10,NA,86.9,NA
4/30/10,NA,87.44,NA
5/1/10,NA,87.44,NA
5/2/10,NA,87.44,NA
5/3/10,NA,88.94,NA
5/4/10,NA,85.67,NA
5/5/10,NA,82.61,NA
5/6/10,NA,79.83,NA
5/7/10,NA,78.27,NA
5/8/10,NA,78.27,NA
5/9/10,NA,78.27,NA
5/10/10,NA,80.12,NA
5/11/10,NA,80.49,NA
5/12/10,NA,81.2,NA
5/13/10,NA,80.11,NA
5/14/10,NA,77.18,NA
5/15/10,NA,77.18,NA
5/16/10,NA,77.18,NA
5/17/10,NA,75.1,NA
5/18/10,NA,74.43,NA
5/19/10,NA,73.69,NA
5/20/10,NA,71.84,NA
5/21/10,NA,71.68,NA
5/22/10,NA,71.68,NA
5/23/10,NA,71.68,NA
5/24/10,NA,71.17,NA
5/25/10,NA,69.55,NA
5/26/10,NA,71.74,NA
5/27/10,NA,74.66,NA
5/28/10,NA,74.02,NA
5/29/10,NA,74.02,NA
5/30/10,NA,74.02,NA
5/31/10,NA,74.65,NA
6/1/10,NA,72.71,NA
6/2/10,NA,73.75,NA
6/3/10,NA,75.41,NA
6/4/10,NA,72.09,NA
6/5/10,NA,72.09,NA
6/6/10,NA,72.09,NA
6/7/10,NA,72.12,NA
6/8/10,NA,72.3,NA
6/9/10,NA,74.27,NA
6/10/10,NA,75.29,NA
6/11/10,NA,74.35,NA
6/12/10,NA,74.35,NA
6/13/10,NA,74.35,NA
6/14/10,NA,75.2,NA
6/15/10,NA,76.2,NA
6/16/10,NA,78.14,NA
6/17/10,NA,78.68,NA
6/18/10,NA,78.22,NA
6/19/10,NA,78.22,NA
6/20/10,NA,78.22,NA
6/21/10,NA,78.82,NA
6/22/10,NA,78.04,NA
6/23/10,NA,76.27,NA
6/24/10,NA,76.47,NA
6/25/10,NA,78.12,NA
6/26/10,NA,78.12,NA
6/27/10,NA,78.12,NA
6/28/10,NA,77.59,NA
6/29/10,NA,75.44,NA
6/30/10,NA,75.01,NA
7/1/10,NA,72.34,NA
7/2/10,NA,71.65,NA
7/3/10,NA,71.65,NA
7/4/10,NA,71.65,NA
7/5/10,NA,71.47,NA
7/6/10,NA,71.45,NA
7/7/10,NA,73.51,NA
7/8/10,NA,74.71,NA
7/9/10,NA,75.42,NA
7/10/10,NA,75.42,NA
7/11/10,NA,75.42,NA
7/12/10,NA,74.37,NA
7/13/10,NA,76.65,NA
7/14/10,NA,76.77,NA
7/15/10,NA,76.19,NA
7/16/10,NA,75.37,NA
7/17/10,NA,75.37,NA
7/18/10,NA,75.37,NA
7/19/10,NA,75.62,NA
7/20/10,NA,76.22,NA
7/21/10,NA,75.37,NA
7/22/10,NA,77.82,NA
7/23/10,NA,77.45,NA
7/24/10,NA,77.45,NA
7/25/10,NA,77.45,NA
7/26/10,NA,77.5,NA
7/27/10,NA,76.13,NA
7/28/10,NA,76.06,NA
7/29/10,NA,77.59,NA
7/30/10,NA,78.18,NA
7/31/10,NA,78.18,NA
8/1/10,NA,78.18,NA
8/2/10,NA,80.82,NA
8/3/10,NA,82.68,NA
8/4/10,NA,82.2,NA
8/5/10,NA,81.61,NA
8/6/10,NA,80.16,NA
8/7/10,NA,80.16,NA
8/8/10,NA,80.16,NA
8/9/10,NA,80.99,NA
8/10/10,NA,79.6,NA
8/11/10,NA,77.64,NA
8/12/10,NA,75.52,NA
8/13/10,NA,75.11,NA
8/14/10,NA,75.11,NA
8/15/10,NA,75.11,NA
8/16/10,NA,74.85,NA
8/17/10,NA,76.93,NA
8/18/10,NA,76.47,NA
8/19/10,NA,75.3,NA
8/20/10,NA,74.26,NA
8/21/10,NA,74.26,NA
8/22/10,NA,74.26,NA
8/23/10,NA,73.62,NA
8/24/10,NA,72.38,NA
8/25/10,NA,73.48,NA
8/26/10,NA,75.02,NA
8/27/10,NA,76.65,NA
8/28/10,NA,76.65,NA
8/29/10,NA,76.65,NA
8/30/10,NA,76.6,NA
8/31/10,NA,74.64,NA
9/1/10,NA,76.35,NA
9/2/10,NA,76.93,NA
9/3/10,NA,76.67,NA
9/4/10,NA,76.67,NA
9/5/10,NA,76.67,NA
9/6/10,NA,76.87,NA
9/7/10,NA,77.74,NA
9/8/10,NA,78.17,NA
9/9/10,NA,77.47,NA
9/10/10,NA,78.16,NA
9/11/10,NA,78.16,NA
9/12/10,NA,78.16,NA
9/13/10,NA,79.03,NA
9/14/10,NA,79.16,NA
9/15/10,NA,78.91,NA
9/16/10,NA,78.48,NA
9/17/10,NA,78.21,NA
9/18/10,NA,78.21,NA
9/19/10,NA,78.21,NA
9/20/10,NA,79.32,NA
9/21/10,NA,78.42,NA
9/22/10,NA,77.95,NA
9/23/10,NA,78.11,NA
9/24/10,NA,78.87,NA
9/25/10,NA,78.87,NA
9/26/10,NA,78.87,NA
9/27/10,NA,78.57,NA
9/28/10,NA,78.71,NA
9/29/10,NA,80.77,NA
9/30/10,NA,82.31,NA
10/1/10,NA,83.75,76.81
10/2/10,NA,83.75,76.81
10/3/10,NA,83.75,76.81
10/4/10,NA,83.28,76.81
10/5/10,NA,84.84,76.81
10/6/10,NA,85.06,76.81
10/7/10,NA,83.43,76.81
10/8/10,NA,84.03,76.81
10/9/10,NA,84.03,76.81
10/10/10,NA,84.03,76.81
10/11/10,NA,83.72,76.81
10/12/10,NA,83.5,76.81
10/13/10,NA,84.64,76.81
10/14/10,NA,84.53,76.81
10/15/10,NA,82.45,76.81
10/16/10,NA,82.45,76.81
10/17/10,NA,82.45,76.81
10/18/10,NA,84.37,76.81
10/19/10,NA,81.1,76.81
10/20/10,NA,83.6,76.81
10/21/10,NA,81.83,76.81
10/22/10,NA,82.96,76.81
10/23/10,NA,82.96,76.81
10/24/10,NA,82.96,76.81
10/25/10,NA,83.54,76.81
10/26/10,NA,83.66,76.81
10/27/10,NA,83.23,76.81
10/28/10,NA,83.59,76.81
10/29/10,NA,83.15,76.81
10/30/10,NA,83.15,76.81
10/31/10,NA,83.15,76.81
11/1/10,NA,84.62,85.6
11/2/10,NA,85.41,85.6
11/3/10,NA,86.38,85.6
11/4/10,NA,88,85.6
11/5/10,NA,88.11,85.6
11/6/10,NA,88.11,85.6
11/7/10,NA,88.11,85.6
11/8/10,NA,88.46,85.6
11/9/10,NA,88.33,85.6
11/10/10,NA,88.96,85.6
11/11/10,NA,88.81,85.6
11/12/10,NA,86.34,85.6
11/13/10,NA,86.34,85.6
11/14/10,NA,86.34,85.6
11/15/10,NA,86.7,85.6
11/16/10,NA,84.73,85.6
11/17/10,NA,83.28,85.6
11/18/10,NA,85.05,85.6
11/19/10,NA,84.34,85.6
11/20/10,NA,84.34,85.6
11/21/10,NA,84.34,85.6
11/22/10,NA,83.96,85.6
11/23/10,NA,83.25,85.6
11/24/10,NA,85.84,85.6
11/25/10,NA,86.1,85.6
11/26/10,NA,85.58,85.6
11/27/10,NA,85.58,85.6
11/28/10,NA,85.58,85.6
11/29/10,NA,87.34,85.6
11/30/10,NA,85.92,85.6
12/1/10,NA,88.87,78.14
12/2/10,NA,90.69,78.14
12/3/10,NA,91.42,78.14
12/4/10,NA,91.42,78.14
12/5/10,NA,91.42,78.14
12/6/10,NA,91.45,78.14
12/7/10,NA,91.39,78.14
12/8/10,NA,90.77,78.14
12/9/10,NA,90.99,78.14
12/10/10,NA,90.48,78.14
12/11/10,NA,90.48,78.14
12/12/10,NA,90.48,78.14
12/13/10,NA,91.19,78.14
12/14/10,NA,91.21,78.14
12/15/10,NA,92.2,78.14
12/16/10,NA,91.71,78.14
12/17/10,NA,91.67,78.14
12/18/10,NA,91.67,78.14
12/19/10,NA,91.67,78.14
12/20/10,NA,92.74,78.14
12/21/10,NA,93.2,78.14
12/22/10,NA,93.65,78.14
12/23/10,NA,94.25,78.14
12/24/10,NA,93.77,78.14
12/25/10,NA,93.77,78.14
12/26/10,NA,93.77,78.14
12/27/10,NA,93.85,78.14
12/28/10,NA,94.38,78.14
12/29/10,NA,94.14,78.14
12/30/10,NA,93.09,78.14
12/31/10,NA,94.75,78.14
1/1/11,6.02,94.75,78.77
1/2/11,6.02,94.75,78.77
1/3/11,6.02,94.84,78.77
1/4/11,6.02,93.53,78.77
1/5/11,6.02,95.5,78.77
1/6/11,6.02,94.52,78.77
1/7/11,6.02,93.33,78.77
1/8/11,6.02,93.33,78.77
1/9/11,6.02,93.33,78.77
1/10/11,6.02,95.7,78.77
1/11/11,6.02,97.61,78.77
1/12/11,6.02,98.12,78.77
1/13/11,6.02,98.06,78.77
1/14/11,6.02,98.68,78.77
1/15/11,6.02,98.68,78.77
1/16/11,6.02,98.68,78.77
1/17/11,6.02,97.43,78.77
1/18/11,6.02,97.8,78.77
1/19/11,6.02,98.16,78.77
1/20/11,6.02,96.58,78.77
1/21/11,6.02,97.6,78.77
1/22/11,6.02,97.6,78.77
1/23/11,6.02,97.6,78.77
1/24/11,6.02,96.61,78.77
1/25/11,6.02,95.25,78.77
1/26/11,6.02,97.91,78.77
1/27/11,6.02,97.39,78.77
1/28/11,6.02,99.42,78.77
1/29/11,6.02,99.42,78.77
1/30/11,6.02,99.42,78.77
1/31/11,6.02,101.01,78.77
2/1/11,6.02,101.74,82.28
2/2/11,6.02,102.34,82.28
2/3/11,6.02,101.76,82.28
2/4/11,6.02,99.83,82.28
2/5/11,6.02,99.83,82.28
2/6/11,6.02,99.83,82.28
2/7/11,6.02,99.25,82.28
2/8/11,6.02,99.92,82.28
2/9/11,6.02,101.82,82.28
2/10/11,6.02,100.87,82.28
2/11/11,6.02,101.43,82.28
2/12/11,6.02,101.43,82.28
2/13/11,6.02,101.43,82.28
2/14/11,6.02,103.08,82.28
2/15/11,6.02,101.64,82.28
2/16/11,6.02,103.78,82.28
2/17/11,6.02,102.59,82.28
2/18/11,6.02,102.52,82.28
2/19/11,6.02,102.52,82.28
2/20/11,6.02,102.52,82.28
2/21/11,6.02,105.74,82.28
2/22/11,6.02,105.78,82.28
2/23/11,6.02,111.25,82.28
2/24/11,6.02,111.36,82.28
2/25/11,6.02,112.14,82.28
2/26/11,6.02,112.14,82.28
2/27/11,6.02,112.14,82.28
2/28/11,6.02,111.8,82.28
3/1/11,6.02,115.42,84.34
3/2/11,6.02,116.35,84.34
3/3/11,6.02,114.79,84.34
3/4/11,6.02,115.97,84.34
3/5/11,6.02,115.97,84.34
3/6/11,6.02,115.97,84.34
3/7/11,6.02,115.04,84.34
3/8/11,6.02,113.06,84.34
3/9/11,6.02,115.94,84.34
3/10/11,6.02,115.43,84.34
3/11/11,6.02,113.84,84.34
3/12/11,6.02,113.84,84.34
3/13/11,6.02,113.84,84.34
3/14/11,6.02,113.67,84.34
3/15/11,6.02,108.52,84.34
3/16/11,6.02,110.62,84.34
3/17/11,6.02,114.9,84.34
3/18/11,6.02,113.93,84.34
3/19/11,6.02,113.93,84.34
3/20/11,6.02,113.93,84.34
3/21/11,6.02,114.96,84.34
3/22/11,6.02,115.7,84.34
3/23/11,6.02,115.55,84.34
3/24/11,6.02,115.72,84.34
3/25/11,6.02,115.59,84.34
3/26/11,6.02,115.59,84.34
3/27/11,6.02,115.59,84.34
3/28/11,6.02,114.8,84.34
3/29/11,6.02,115.16,84.34
3/30/11,6.02,115.13,84.34
3/31/11,6.02,117.36,84.34
4/1/11,6.19,118.7,82.05
4/2/11,6.19,118.7,82.05
4/3/11,6.19,118.7,82.05
4/4/11,6.19,121.06,82.05
4/5/11,6.19,122.22,82.05
4/6/11,6.19,122.3,82.05
4/7/11,6.19,122.67,82.05
4/8/11,6.19,126.65,82.05
4/9/11,6.19,126.65,82.05
4/10/11,6.19,126.65,82.05
4/11/11,6.19,123.98,82.05
4/12/11,6.19,120.92,82.05
4/13/11,6.19,122.88,82.05
4/14/11,6.19,122.36,82.05
4/15/11,6.19,123.45,82.05
4/16/11,6.19,123.45,82.05
4/17/11,6.19,123.45,82.05
4/18/11,6.19,121.61,82.05
4/19/11,6.19,121.33,82.05
4/20/11,6.19,123.85,82.05
4/21/11,6.19,123.99,82.05
4/22/11,6.19,123.99,82.05
4/23/11,6.19,123.99,82.05
4/24/11,6.19,123.99,82.05
4/25/11,6.19,123.66,82.05
4/26/11,6.19,124.14,82.05
4/27/11,6.19,125.13,82.05
4/28/11,6.19,125.02,82.05
4/29/11,6.19,125.89,82.05
4/30/11,6.19,125.89,82.05
5/1/11,6.19,125.89,92.99
5/2/11,6.19,125.12,92.99
5/3/11,6.19,122.45,92.99
5/4/11,6.19,121.19,92.99
5/5/11,6.19,110.8,92.99
5/6/11,6.19,109.13,92.99
5/7/11,6.19,109.13,92.99
5/8/11,6.19,109.13,92.99
5/9/11,6.19,115.9,92.99
5/10/11,6.19,117.63,92.99
5/11/11,6.19,112.57,92.99
5/12/11,6.19,112.98,92.99
5/13/11,6.19,113.83,92.99
5/14/11,6.19,113.83,92.99
5/15/11,6.19,113.83,92.99
5/16/11,6.19,112.73,92.99
5/17/11,6.19,109.99,92.99
5/18/11,6.19,112.3,92.99
5/19/11,6.19,111.42,92.99
5/20/11,6.19,112.39,92.99
5/21/11,6.19,112.39,92.99
5/22/11,6.19,112.39,92.99
5/23/11,6.19,110.1,92.99
5/24/11,6.19,112.53,92.99
5/25/11,6.19,114.93,92.99
5/26/11,6.19,115.05,92.99
5/27/11,6.19,115.03,92.99
5/28/11,6.19,115.03,92.99
5/29/11,6.19,115.03,92.99
5/30/11,6.19,114.68,92.99
5/31/11,6.19,116.73,92.99
6/1/11,6.19,114.53,80.39
6/2/11,6.19,115.54,80.39
6/3/11,6.19,115.84,80.39
6/4/11,6.19,115.84,80.39
6/5/11,6.19,115.84,80.39
6/6/11,6.19,114.48,80.39
6/7/11,6.19,116.78,80.39
6/8/11,6.19,117.85,80.39
6/9/11,6.19,119.57,80.39
6/10/11,6.19,118.78,80.39
6/11/11,6.19,118.78,80.39
6/12/11,6.19,118.78,80.39
6/13/11,6.19,119.1,80.39
6/14/11,6.19,120.16,80.39
6/15/11,6.19,117.1,80.39
6/16/11,6.19,114.02,80.39
6/17/11,6.19,113.21,80.39
6/18/11,6.19,113.21,80.39
6/19/11,6.19,113.21,80.39
6/20/11,6.19,111.69,80.39
6/21/11,6.19,110.95,80.39
6/22/11,6.19,114.21,80.39
6/23/11,6.19,107.26,80.39
6/24/11,6.19,105.12,80.39
6/25/11,6.19,105.12,80.39
6/26/11,6.19,105.12,80.39
6/27/11,6.19,105.99,80.39
6/28/11,6.19,108.78,80.39
6/29/11,6.19,112.4,80.39
6/30/11,6.19,112.48,80.39
7/1/11,6.74,111.77,85.09
7/2/11,6.74,111.77,85.09
7/3/11,6.74,111.77,85.09
7/4/11,6.74,111.39,85.09
7/5/11,6.74,113.61,85.09
7/6/11,6.74,113.62,85.09
7/7/11,6.74,118.59,85.09
7/8/11,6.74,118.33,85.09
7/9/11,6.74,118.33,85.09
7/10/11,6.74,118.33,85.09
7/11/11,6.74,117.24,85.09
7/12/11,6.74,117.75,85.09
7/13/11,6.74,118.78,85.09
7/14/11,6.74,118.32,85.09
7/15/11,6.74,117.26,85.09
7/16/11,6.74,117.26,85.09
7/17/11,6.74,117.26,85.09
7/18/11,6.74,116.05,85.09
7/19/11,6.74,117.06,85.09
7/20/11,6.74,118.15,85.09
7/21/11,6.74,117.51,85.09
7/22/11,6.74,118.67,85.09
7/23/11,6.74,118.67,85.09
7/24/11,6.74,118.67,85.09
7/25/11,6.74,117.94,85.09
7/26/11,6.74,118.28,85.09
7/27/11,6.74,117.43,85.09
7/28/11,6.74,117.36,85.09
7/29/11,6.74,116.74,85.09
7/30/11,6.74,116.74,85.09
7/31/11,6.74,116.74,85.09
8/1/11,6.74,116.81,77.93
8/2/11,6.74,116.46,77.93
8/3/11,6.74,113.23,77.93
8/4/11,6.74,107.25,77.93
8/5/11,6.74,109.37,77.93
8/6/11,6.74,109.37,77.93
8/7/11,6.74,109.37,77.93
8/8/11,6.74,103.74,77.93
8/9/11,6.74,102.57,77.93
8/10/11,6.74,106.68,77.93
8/11/11,6.74,108.02,77.93
8/12/11,6.74,108.03,77.93
8/13/11,6.74,108.03,77.93
8/14/11,6.74,108.03,77.93
8/15/11,6.74,109.91,77.93
8/16/11,6.74,109.47,77.93
8/17/11,6.74,110.6,77.93
8/18/11,6.74,106.99,77.93
8/19/11,6.74,108.62,77.93
8/20/11,6.74,108.62,77.93
8/21/11,6.74,108.62,77.93
8/22/11,6.74,108.36,77.93
8/23/11,6.74,109.31,77.93
8/24/11,6.74,110.15,77.93
8/25/11,6.74,110.62,77.93
8/26/11,6.74,111.36,77.93
8/27/11,6.74,111.36,77.93
8/28/11,6.74,111.36,77.93
8/29/11,6.74,111.88,77.93
8/30/11,6.74,114.02,77.93
8/31/11,6.74,114.85,77.93
9/1/11,6.74,114.29,94.02
9/2/11,6.74,112.33,94.02
9/3/11,6.74,112.33,94.02
9/4/11,6.74,112.33,94.02
9/5/11,6.74,110.08,94.02
9/6/11,6.74,112.89,94.02
9/7/11,6.74,115.8,94.02
9/8/11,6.74,114.55,94.02
9/9/11,6.74,112.77,94.02
9/10/11,6.74,112.77,94.02
9/11/11,6.74,112.77,94.02
9/12/11,6.74,112.25,94.02
9/13/11,6.74,111.89,94.02
9/14/11,6.74,112.4,94.02
9/15/11,6.74,115.34,94.02
9/16/11,6.74,112.22,94.02
9/17/11,6.74,112.22,94.02
9/18/11,6.74,112.22,94.02
9/19/11,6.74,109.14,94.02
9/20/11,6.74,110.54,94.02
9/21/11,6.74,110.36,94.02
9/22/11,6.74,105.49,94.02
9/23/11,6.74,103.97,94.02
9/24/11,6.74,103.97,94.02
9/25/11,6.74,103.97,94.02
9/26/11,6.74,103.94,94.02
9/27/11,6.74,107.14,94.02
9/28/11,6.74,103.81,94.02
9/29/11,6.74,103.95,94.02
9/30/11,6.74,102.76,94.02
10/1/11,6.65,102.76,81.5
10/2/11,6.65,102.76,81.5
10/3/11,6.65,101.71,81.5
10/4/11,6.65,99.79,81.5
10/5/11,6.65,102.73,81.5
10/6/11,6.65,105.73,81.5
10/7/11,6.65,105.88,81.5
10/8/11,6.65,105.88,81.5
10/9/11,6.65,105.88,81.5
10/10/11,6.65,108.95,81.5
10/11/11,6.65,110.73,81.5
10/12/11,6.65,111.36,81.5
10/13/11,6.65,111.11,81.5
10/14/11,6.65,114.68,81.5
10/15/11,6.65,114.68,81.5
10/16/11,6.65,114.68,81.5
10/17/11,6.65,110.16,81.5
10/18/11,6.65,111.15,81.5
10/19/11,6.65,108.39,81.5
10/20/11,6.65,109.76,81.5
10/21/11,6.65,109.56,81.5
10/22/11,6.65,109.56,81.5
10/23/11,6.65,109.56,81.5
10/24/11,6.65,111.45,81.5
10/25/11,6.65,110.92,81.5
10/26/11,6.65,108.91,81.5
10/27/11,6.65,112.08,81.5
10/28/11,6.65,109.91,81.5
10/29/11,6.65,109.91,81.5
10/30/11,6.65,109.91,81.5
10/31/11,6.65,109.56,81.5
11/1/11,6.65,109.54,89.65
11/2/11,6.65,109.34,89.65
11/3/11,6.65,110.83,89.65
11/4/11,6.65,111.97,89.65
11/5/11,6.65,111.97,89.65
11/6/11,6.65,111.97,89.65
11/7/11,6.65,114.56,89.65
11/8/11,6.65,115,89.65
11/9/11,6.65,112.31,89.65
11/10/11,6.65,113.71,89.65
11/11/11,6.65,114.16,89.65
11/12/11,6.65,114.16,89.65
11/13/11,6.65,114.16,89.65
11/14/11,6.65,111.89,89.65
11/15/11,6.65,112.39,89.65
11/16/11,6.65,111.88,89.65
11/17/11,6.65,108.22,89.65
11/18/11,6.65,107.56,89.65
11/19/11,6.65,107.56,89.65
11/20/11,6.65,107.56,89.65
11/21/11,6.65,106.88,89.65
11/22/11,6.65,109.03,89.65
11/23/11,6.65,107.02,89.65
11/24/11,6.65,107.78,89.65
11/25/11,6.65,106.4,89.65
11/26/11,6.65,106.4,89.65
11/27/11,6.65,106.4,89.65
11/28/11,6.65,109,89.65
11/29/11,6.65,110.82,89.65
11/30/11,6.65,110.52,89.65
12/1/11,6.65,108.99,86.41
12/2/11,6.65,109.94,86.41
12/3/11,6.65,109.94,86.41
12/4/11,6.65,109.94,86.41
12/5/11,6.65,109.81,86.41
12/6/11,6.65,110.81,86.41
12/7/11,6.65,109.53,86.41
12/8/11,6.65,108.11,86.41
12/9/11,6.65,108.62,86.41
12/10/11,6.65,108.62,86.41
12/11/11,6.65,108.62,86.41
12/12/11,6.65,107.26,86.41
12/13/11,6.65,109.5,86.41
12/14/11,6.65,105.02,86.41
12/15/11,6.65,105.09,86.41
12/16/11,6.65,103.35,86.41
12/17/11,6.65,103.35,86.41
12/18/11,6.65,103.35,86.41
12/19/11,6.65,103.64,86.41
12/20/11,6.65,106.73,86.41
12/21/11,6.65,107.71,86.41
12/22/11,6.65,107.89,86.41
12/23/11,6.65,107.96,86.41
12/24/11,6.65,107.96,86.41
12/25/11,6.65,107.96,86.41
12/26/11,6.65,107.96,86.41
12/27/11,6.65,109.27,86.41
12/28/11,6.65,107.56,86.41
12/29/11,6.65,108.01,86.41
12/30/11,6.65,107.38,86.41
12/31/11,6.65,107.38,86.41
1/1/12,6.65,107.38,87.09
1/2/12,6.65,107.38,87.09
1/3/12,6.65,112.13,87.09
1/4/12,6.65,113.7,87.09
1/5/12,6.65,112.74,87.09
1/6/12,6.65,113.06,87.09
1/7/12,6.65,113.06,87.09
1/8/12,6.65,113.06,87.09
1/9/12,6.65,112.45,87.09
1/10/12,6.65,113.28,87.09
1/11/12,6.65,112.24,87.09
1/12/12,6.65,111.26,87.09
1/13/12,6.65,110.44,87.09
1/14/12,6.65,110.44,87.09
1/15/12,6.65,110.44,87.09
1/16/12,6.65,111.2,87.09
1/17/12,6.65,111.53,87.09
1/18/12,6.65,110.66,87.09
1/19/12,6.65,111.55,87.09
1/20/12,6.65,109.86,87.09
1/21/12,6.65,109.86,87.09
1/22/12,6.65,109.86,87.09
1/23/12,6.65,110.58,87.09
1/24/12,6.65,110.03,87.09
1/25/12,6.65,109.81,87.09
1/26/12,6.65,110.79,87.09
1/27/12,6.65,111.46,87.09
1/28/12,6.65,111.46,87.09
1/29/12,6.65,111.46,87.09
1/30/12,6.65,110.75,87.09
1/31/12,6.65,110.98,87.09
2/1/12,6.65,111.56,91.68
2/2/12,6.65,112.07,91.68
2/3/12,6.65,114.58,91.68
2/4/12,6.65,114.58,91.68
2/5/12,6.65,114.58,91.68
2/6/12,6.65,115.93,91.68
2/7/12,6.65,116.23,91.68
2/8/12,6.65,117.2,91.68
2/9/12,6.65,118.59,91.68
2/10/12,6.65,117.31,91.68
2/11/12,6.65,117.31,91.68
2/12/12,6.65,117.31,91.68
2/13/12,6.65,117.93,91.68
2/14/12,6.65,118.16,91.68
2/15/12,6.65,118.93,91.68
2/16/12,6.65,120.11,91.68
2/17/12,6.65,119.58,91.68
2/18/12,6.65,119.58,91.68
2/19/12,6.65,119.58,91.68
2/20/12,6.65,120.05,91.68
2/21/12,6.65,121.66,91.68
2/22/12,6.65,122.9,91.68
2/23/12,6.65,123.62,91.68
2/24/12,6.65,125.47,91.68
2/25/12,6.65,125.47,91.68
2/26/12,6.65,125.47,91.68
2/27/12,6.65,124.17,91.68
2/28/12,6.65,121.55,91.68
2/29/12,6.65,122.66,91.68
3/1/12,6.65,126.2,91.74
3/2/12,6.65,123.65,91.74
3/3/12,6.65,123.65,91.74
3/4/12,6.65,123.65,91.74
3/5/12,6.65,123.8,91.74
3/6/12,6.65,121.98,91.74
3/7/12,6.65,124.12,91.74
3/8/12,6.65,125.44,91.74
3/9/12,6.65,125.98,91.74
3/10/12,6.65,125.98,91.74
3/11/12,6.65,125.98,91.74
3/12/12,6.65,125.34,91.74
3/13/12,6.65,126.22,91.74
3/14/12,6.65,124.97,91.74
3/15/12,6.65,123.55,91.74
3/16/12,6.65,125.81,91.74
3/17/12,6.65,125.81,91.74
3/18/12,6.65,125.81,91.74
3/19/12,6.65,125.71,91.74
3/20/12,6.65,124.12,91.74
3/21/12,6.65,124.2,91.74
3/22/12,6.65,123.14,91.74
3/23/12,6.65,125.13,91.74
3/24/12,6.65,125.13,91.74
3/25/12,6.65,125.13,91.74
3/26/12,6.65,125.65,91.74
3/27/12,6.65,125.54,91.74
3/28/12,6.65,124.16,91.74
3/29/12,6.65,122.39,91.74
3/30/12,6.65,122.88,91.74
3/31/12,6.65,122.88,91.74
4/1/12,6.59,122.88,84.45
4/2/12,6.59,125.43,84.45
4/3/12,6.59,124.86,84.45
4/4/12,6.59,122.34,84.45
4/5/12,6.59,123.43,84.45
4/6/12,6.59,123.43,84.45
4/7/12,6.59,123.43,84.45
4/8/12,6.59,123.43,84.45
4/9/12,6.59,122.67,84.45
4/10/12,6.59,119.88,84.45
4/11/12,6.59,120.18,84.45
4/12/12,6.59,121.71,84.45
4/13/12,6.59,121.83,84.45
4/14/12,6.59,121.83,84.45
4/15/12,6.59,121.83,84.45
4/16/12,6.59,118.68,84.45
4/17/12,6.59,118.78,84.45
4/18/12,6.59,117.97,84.45
4/19/12,6.59,118,84.45
4/20/12,6.59,118.76,84.45
4/21/12,6.59,118.76,84.45
4/22/12,6.59,118.76,84.45
4/23/12,6.59,118.71,84.45
4/24/12,6.59,118.16,84.45
4/25/12,6.59,119.12,84.45
4/26/12,6.59,119.92,84.45
4/27/12,6.59,119.83,84.45
4/28/12,6.59,119.83,84.45
4/29/12,6.59,119.83,84.45
4/30/12,6.59,119.47,84.45
5/1/12,6.59,119.66,81.31
5/2/12,6.59,118.2,81.31
5/3/12,6.59,116.08,81.31
5/4/12,6.59,113.18,81.31
5/5/12,6.59,113.18,81.31
5/6/12,6.59,113.18,81.31
5/7/12,6.59,113.16,81.31
5/8/12,6.59,112.73,81.31
5/9/12,6.59,113.2,81.31
5/10/12,6.59,112.73,81.31
5/11/12,6.59,112.26,81.31
5/12/12,6.59,112.26,81.31
5/13/12,6.59,112.26,81.31
5/14/12,6.59,111.57,81.31
5/15/12,6.59,112.24,81.31
5/16/12,6.59,111.71,81.31
5/17/12,6.59,107.49,81.31
5/18/12,6.59,107.14,81.31
5/19/12,6.59,107.14,81.31
5/20/12,6.59,107.14,81.31
5/21/12,6.59,108.81,81.31
5/22/12,6.59,108.41,81.31
5/23/12,6.59,105.56,81.31
5/24/12,6.59,106.55,81.31
5/25/12,6.59,106.83,81.31
5/26/12,6.59,106.83,81.31
5/27/12,6.59,106.83,81.31
5/28/12,6.59,107.11,81.31
5/29/12,6.59,106.68,81.31
5/30/12,6.59,103.47,81.31
5/31/12,6.59,101.87,81.31
6/1/12,6.59,98.43,97.26
6/2/12,6.59,98.43,97.26
6/3/12,6.59,98.43,97.26
6/4/12,6.59,98.85,97.26
6/5/12,6.59,98.84,97.26
6/6/12,6.59,100.64,97.26
6/7/12,6.59,99.93,97.26
6/8/12,6.59,99.47,97.26
6/9/12,6.59,99.47,97.26
6/10/12,6.59,99.47,97.26
6/11/12,6.59,98,97.26
6/12/12,6.59,97.14,97.26
6/13/12,6.59,97.13,97.26
6/14/12,6.59,97.03,97.26
6/15/12,6.59,97.61,97.26
6/16/12,6.59,97.61,97.26
6/17/12,6.59,97.61,97.26
6/18/12,6.59,96.05,97.26
6/19/12,6.59,95.76,97.26
6/20/12,6.59,92.69,97.26
6/21/12,6.59,89.23,97.26
6/22/12,6.59,90.98,97.26
6/23/12,6.59,90.98,97.26
6/24/12,6.59,90.98,97.26
6/25/12,6.59,91.01,97.26
6/26/12,6.59,93.02,97.26
6/27/12,6.59,93.5,97.26
6/28/12,6.59,91.36,97.26
6/29/12,6.59,97.8,97.26
6/30/12,6.59,97.8,97.26
7/1/12,6.75,97.8,85.62
7/2/12,6.75,97.34,85.62
7/3/12,6.75,100.68,85.62
7/4/12,6.75,99.77,85.62
7/5/12,6.75,100.7,85.62
7/6/12,6.75,98.19,85.62
7/7/12,6.75,98.19,85.62
7/8/12,6.75,98.19,85.62
7/9/12,6.75,100.32,85.62
7/10/12,6.75,97.97,85.62
7/11/12,6.75,100.23,85.62
7/12/12,6.75,101.07,85.62
7/13/12,6.75,102.4,85.62
7/14/12,6.75,102.4,85.62
7/15/12,6.75,102.4,85.62
7/16/12,6.75,103.55,85.62
7/17/12,6.75,104,85.62
7/18/12,6.75,105.16,85.62
7/19/12,6.75,107.8,85.62
7/20/12,6.75,106.83,85.62
7/21/12,6.75,106.83,85.62
7/22/12,6.75,106.83,85.62
7/23/12,6.75,103.26,85.62
7/24/12,6.75,103.42,85.62
7/25/12,6.75,104.38,85.62
7/26/12,6.75,105.26,85.62
7/27/12,6.75,106.47,85.62
7/28/12,6.75,106.47,85.62
7/29/12,6.75,106.47,85.62
7/30/12,6.75,106.2,85.62
7/31/12,6.75,104.92,85.62
8/1/12,6.75,105.96,85.13
8/2/12,6.75,105.9,85.13
8/3/12,6.75,108.94,85.13
8/4/12,6.75,108.94,85.13
8/5/12,6.75,108.94,85.13
8/6/12,6.75,109.55,85.13
8/7/12,6.75,112,85.13
8/8/12,6.75,112.14,85.13
8/9/12,6.75,113.22,85.13
8/10/12,6.75,112.95,85.13
8/11/12,6.75,112.95,85.13
8/12/12,6.75,112.95,85.13
8/13/12,6.75,113.6,85.13
8/14/12,6.75,114.03,85.13
8/15/12,6.75,116.25,85.13
8/16/12,6.75,116.9,85.13
8/17/12,6.75,113.71,85.13
8/18/12,6.75,113.71,85.13
8/19/12,6.75,113.71,85.13
8/20/12,6.75,113.7,85.13
8/21/12,6.75,114.64,85.13
8/22/12,6.75,114.91,85.13
8/23/12,6.75,115.01,85.13
8/24/12,6.75,113.59,85.13
8/25/12,6.75,113.59,85.13
8/26/12,6.75,113.59,85.13
8/27/12,6.75,112.26,85.13
8/28/12,6.75,112.58,85.13
8/29/12,6.75,112.54,85.13
8/30/12,6.75,112.65,85.13
8/31/12,6.75,114.57,85.13
9/1/12,6.75,114.57,91.76
9/2/12,6.75,114.57,91.76
9/3/12,6.75,115.78,91.76
9/4/12,6.75,114.18,91.76
9/5/12,6.75,113.09,91.76
9/6/12,6.75,113.49,91.76
9/7/12,6.75,114.25,91.76
9/8/12,6.75,114.25,91.76
9/9/12,6.75,114.25,91.76
9/10/12,6.75,114.81,91.76
9/11/12,6.75,115.4,91.76
9/12/12,6.75,115.96,91.76
9/13/12,6.75,116.9,91.76
9/14/12,6.75,116.66,91.76
9/15/12,6.75,116.66,91.76
9/16/12,6.75,116.66,91.76
9/17/12,6.75,113.79,91.76
9/18/12,6.75,112.03,91.76
9/19/12,6.75,108.19,91.76
9/20/12,6.75,110.03,91.76
9/21/12,6.75,111.42,91.76
9/22/12,6.75,111.42,91.76
9/23/12,6.75,111.42,91.76
9/24/12,6.75,109.81,91.76
9/25/12,6.75,110.45,91.76
9/26/12,6.75,110.04,91.76
9/27/12,6.75,112.01,91.76
9/28/12,6.75,112.39,91.76
9/29/12,6.75,112.39,91.76
9/30/12,6.75,112.39,91.76
10/1/12,6,112.19,97.07
10/2/12,6,111.57,97.07
10/3/12,6,108.17,97.07
10/4/12,6,112.58,97.07
10/5/12,6,112.02,97.07
10/6/12,6,112.02,97.07
10/7/12,6,112.02,97.07
10/8/12,6,111.82,97.07
10/9/12,6,114.5,97.07
10/10/12,6,114.33,97.07
10/11/12,6,115.71,97.07
10/12/12,6,114.62,97.07
10/13/12,6,114.62,97.07
10/14/12,6,114.62,97.07
10/15/12,6,115.8,97.07
10/16/12,6,115.07,97.07
10/17/12,6,113.22,97.07
10/18/12,6,112.42,97.07
10/19/12,6,110.14,97.07
10/20/12,6,110.14,97.07
10/21/12,6,110.14,97.07
10/22/12,6,109.44,97.07
10/23/12,6,108.25,97.07
10/24/12,6,107.85,97.07
10/25/12,6,108.49,97.07
10/26/12,6,109.55,97.07
10/27/12,6,109.55,97.07
10/28/12,6,109.55,97.07
10/29/12,6,109.44,97.07
10/30/12,6,109.08,97.07
10/31/12,6,108.7,97.07
11/1/12,6,108.17,90.97
11/2/12,6,105.68,90.97
11/3/12,6,105.68,90.97
11/4/12,6,105.68,90.97
11/5/12,6,107.73,90.97
11/6/12,6,111.07,90.97
11/7/12,6,106.82,90.97
11/8/12,6,107.25,90.97
11/9/12,6,109.4,90.97
11/10/12,6,109.4,90.97
11/11/12,6,109.4,90.97
11/12/12,6,109.07,90.97
11/13/12,6,108.26,90.97
11/14/12,6,109.61,90.97
11/15/12,6,110.98,90.97
11/16/12,6,108.95,90.97
11/17/12,6,108.95,90.97
11/18/12,6,108.95,90.97
11/19/12,6,111.7,90.97
11/20/12,6,109.83,90.97
11/21/12,6,110.86,90.97
11/22/12,6,110.55,90.97
11/23/12,6,111.38,90.97
11/24/12,6,111.38,90.97
11/25/12,6,111.38,90.97
11/26/12,6,110.92,90.97
11/27/12,6,109.87,90.97
11/28/12,6,109.51,90.97
11/29/12,6,110.76,90.97
11/30/12,6,111.23,90.97
12/1/12,6,111.23,90.53
12/2/12,6,111.23,90.53
12/3/12,6,110.92,90.53
12/4/12,6,109.84,90.53
12/5/12,6,108.81,90.53
12/6/12,6,107.03,90.53
12/7/12,6,107.02,90.53
12/8/12,6,107.02,90.53
12/9/12,6,107.02,90.53
12/10/12,6,107.33,90.53
12/11/12,6,108.01,90.53
12/12/12,6,109.5,90.53
12/13/12,6,107.91,90.53
12/14/12,6,109.15,90.53
12/15/12,6,109.15,90.53
12/16/12,6,109.15,90.53
12/17/12,6,107.64,90.53
12/18/12,6,108.84,90.53
12/19/12,6,110.36,90.53
12/20/12,6,110.2,90.53
12/21/12,6,108.97,90.53
12/22/12,6,108.97,90.53
12/23/12,6,108.97,90.53
12/24/12,6,108.8,90.53
12/25/12,6,108.8,90.53
12/26/12,6,111.07,90.53
12/27/12,6,110.8,90.53
12/28/12,6,110.62,90.53
12/29/12,6,110.62,90.53
12/30/12,6,110.62,90.53
12/31/12,6,111.11,90.53
1/1/13,5.96,111.11,82.27
1/2/13,5.96,112.47,82.27
1/3/13,5.96,112.14,82.27
1/4/13,5.96,111.31,82.27
1/5/13,5.96,111.31,82.27
1/6/13,5.96,111.31,82.27
1/7/13,5.96,111.4,82.27
1/8/13,5.96,111.94,82.27
1/9/13,5.96,111.76,82.27
1/10/13,5.96,111.89,82.27
1/11/13,5.96,110.64,82.27
1/12/13,5.96,110.64,82.27
1/13/13,5.96,110.64,82.27
1/14/13,5.96,111.88,82.27
1/15/13,5.96,110.3,82.27
1/16/13,5.96,110.61,82.27
1/17/13,5.96,111.1,82.27
1/18/13,5.96,111.89,82.27
1/19/13,5.96,111.89,82.27
1/20/13,5.96,111.89,82.27
1/21/13,5.96,111.71,82.27
1/22/13,5.96,112.42,82.27
1/23/13,5.96,112.8,82.27
1/24/13,5.96,113.28,82.27
1/25/13,5.96,113.28,82.27
1/26/13,5.96,113.28,82.27
1/27/13,5.96,113.28,82.27
1/28/13,5.96,113.48,82.27
1/29/13,5.96,114.36,82.27
1/30/13,5.96,114.9,82.27
1/31/13,5.96,115.55,82.27
2/1/13,5.96,116.76,89.46
2/2/13,5.96,116.76,89.46
2/3/13,5.96,116.76,89.46
2/4/13,5.96,115.6,89.46
2/5/13,5.96,116.52,89.46
2/6/13,5.96,116.73,89.46
2/7/13,5.96,117.24,89.46
2/8/13,5.96,118.9,89.46
2/9/13,5.96,118.9,89.46
2/10/13,5.96,118.9,89.46
2/11/13,5.96,118.13,89.46
2/12/13,5.96,118.66,89.46
2/13/13,5.96,118.72,89.46
2/14/13,5.96,118,89.46
2/15/13,5.96,117.66,89.46
2/16/13,5.96,117.66,89.46
2/17/13,5.96,117.66,89.46
2/18/13,5.96,117.38,89.46
2/19/13,5.96,117.52,89.46
2/20/13,5.96,115.6,89.46
2/21/13,5.96,113.53,89.46
2/22/13,5.96,114.1,89.46
2/23/13,5.96,114.1,89.46
2/24/13,5.96,114.1,89.46
2/25/13,5.96,114.44,89.46
2/26/13,5.96,112.71,89.46
2/27/13,5.96,111.87,89.46
2/28/13,5.96,111.38,89.46
3/1/13,5.96,110.4,90.61
3/2/13,5.96,110.4,90.61
3/3/13,5.96,110.4,90.61
3/4/13,5.96,110.09,90.61
3/5/13,5.96,111.61,90.61
3/6/13,5.96,111.06,90.61
3/7/13,5.96,111.15,90.61
3/8/13,5.96,110.85,90.61
3/9/13,5.96,110.85,90.61
3/10/13,5.96,110.85,90.61
3/11/13,5.96,110.22,90.61
3/12/13,5.96,109.65,90.61
3/13/13,5.96,108.52,90.61
3/14/13,5.96,109.42,90.61
3/15/13,5.96,109.82,90.61
3/16/13,5.96,109.82,90.61
3/17/13,5.96,109.82,90.61
3/18/13,5.96,109.51,90.61
3/19/13,5.96,107.45,90.61
3/20/13,5.96,108.72,90.61
3/21/13,5.96,107.47,90.61
3/22/13,5.96,107.66,90.61
3/23/13,5.96,107.66,90.61
3/24/13,5.96,107.66,90.61
3/25/13,5.96,108.17,90.61
3/26/13,5.96,109.36,90.61
3/27/13,5.96,109.69,90.61
3/28/13,5.96,110.02,90.61
3/29/13,5.96,110.02,90.61
3/30/13,5.96,110.02,90.61
3/31/13,5.96,110.02,90.61
4/1/13,6.13,111.08,89.07
4/2/13,6.13,110.69,89.07
4/3/13,6.13,107.11,89.07
4/4/13,6.13,106.34,89.07
4/5/13,6.13,104.12,89.07
4/6/13,6.13,104.12,89.07
4/7/13,6.13,104.12,89.07
4/8/13,6.13,104.66,89.07
4/9/13,6.13,106.23,89.07
4/10/13,6.13,105.79,89.07
4/11/13,6.13,104.27,89.07
4/12/13,6.13,103.11,89.07
4/13/13,6.13,103.11,89.07
4/14/13,6.13,103.11,89.07
4/15/13,6.13,100.39,89.07
4/16/13,6.13,99.91,89.07
4/17/13,6.13,97.69,89.07
4/18/13,6.13,99.13,89.07
4/19/13,6.13,99.65,89.07
4/20/13,6.13,99.65,89.07
4/21/13,6.13,99.65,89.07
4/22/13,6.13,100.39,89.07
4/23/13,6.13,100.31,89.07
4/24/13,6.13,101.73,89.07
4/25/13,6.13,103.41,89.07
4/26/13,6.13,103.16,89.07
4/27/13,6.13,103.16,89.07
4/28/13,6.13,103.16,89.07
4/29/13,6.13,103.81,89.07
4/30/13,6.13,102.37,89.07
5/1/13,6.13,99.95,87.26
5/2/13,6.13,102.85,87.26
5/3/13,6.13,104.19,87.26
5/4/13,6.13,104.19,87.26
5/5/13,6.13,104.19,87.26
5/6/13,6.13,105.46,87.26
5/7/13,6.13,104.4,87.26
5/8/13,6.13,104.34,87.26
5/9/13,6.13,104.47,87.26
5/10/13,6.13,103.91,87.26
5/11/13,6.13,103.91,87.26
5/12/13,6.13,103.91,87.26
5/13/13,6.13,102.82,87.26
5/14/13,6.13,102.6,87.26
5/15/13,6.13,103.68,87.26
5/16/13,6.13,103.8,87.26
5/17/13,6.13,104.64,87.26
5/18/13,6.13,104.64,87.26
5/19/13,6.13,104.64,87.26
5/20/13,6.13,104.8,87.26
5/21/13,6.13,103.91,87.26
5/22/13,6.13,102.6,87.26
5/23/13,6.13,102.44,87.26
5/24/13,6.13,102.64,87.26
5/25/13,6.13,102.64,87.26
5/26/13,6.13,102.64,87.26
5/27/13,6.13,102.62,87.26
5/28/13,6.13,104.23,87.26
5/29/13,6.13,102.43,87.26
5/30/13,6.13,102.19,87.26
5/31/13,6.13,100.39,87.26
6/1/13,6.13,100.39,94.53
6/2/13,6.13,100.39,94.53
6/3/13,6.13,102.06,94.53
6/4/13,6.13,103.24,94.53
6/5/13,6.13,103.04,94.53
6/6/13,6.13,103.61,94.53
6/7/13,6.13,104.56,94.53
6/8/13,6.13,104.56,94.53
6/9/13,6.13,104.56,94.53
6/10/13,6.13,103.95,94.53
6/11/13,6.13,102.96,94.53
6/12/13,6.13,103.49,94.53
6/13/13,6.13,104.25,94.53
6/14/13,6.13,105.93,94.53
6/15/13,6.13,105.93,94.53
6/16/13,6.13,105.93,94.53
6/17/13,6.13,105.47,94.53
6/18/13,6.13,106.02,94.53
6/19/13,6.13,106.12,94.53
6/20/13,6.13,102.15,94.53
6/21/13,6.13,100.91,94.53
6/22/13,6.13,100.91,94.53
6/23/13,6.13,100.91,94.53
6/24/13,6.13,101.16,94.53
6/25/13,6.13,101.26,94.53
6/26/13,6.13,101.66,94.53
6/27/13,6.13,102.82,94.53
6/28/13,6.13,102.16,94.53
6/29/13,6.13,102.16,94.53
6/30/13,6.13,102.16,94.53
7/1/13,6.56,103,88.67
7/2/13,6.56,104,88.67
7/3/13,6.56,105.76,88.67
7/4/13,6.56,105.54,88.67
7/5/13,6.56,107.72,88.67
7/6/13,6.56,107.72,88.67
7/7/13,6.56,107.72,88.67
7/8/13,6.56,107.43,88.67
7/9/13,6.56,107.81,88.67
7/10/13,6.56,108.51,88.67
7/11/13,6.56,107.73,88.67
7/12/13,6.56,108.81,88.67
7/13/13,6.56,108.81,88.67
7/14/13,6.56,108.81,88.67
7/15/13,6.56,109.09,88.67
7/16/13,6.56,109.4,88.67
7/17/13,6.56,108.61,88.67
7/18/13,6.56,108.7,88.67
7/19/13,6.56,108.07,88.67
7/20/13,6.56,108.07,88.67
7/21/13,6.56,108.07,88.67
7/22/13,6.56,108.15,88.67
7/23/13,6.56,108.42,88.67
7/24/13,6.56,107.19,88.67
7/25/13,6.56,107.65,88.67
7/26/13,6.56,107.17,88.67
7/27/13,6.56,107.17,88.67
7/28/13,6.56,107.17,88.67
7/29/13,6.56,107.45,88.67
7/30/13,6.56,106.91,88.67
7/31/13,6.56,107.7,88.67
8/1/13,6.56,109.54,87.09
8/2/13,6.56,108.95,87.09
8/3/13,6.56,108.95,87.09
8/4/13,6.56,108.95,87.09
8/5/13,6.56,108.7,87.09
8/6/13,6.56,108.18,87.09
8/7/13,6.56,107.44,87.09
8/8/13,6.56,106.68,87.09
8/9/13,6.56,108.22,87.09
8/10/13,6.56,108.22,87.09
8/11/13,6.56,108.22,87.09
8/12/13,6.56,108.97,87.09
8/13/13,6.56,109.82,87.09
8/14/13,6.56,110.2,87.09
8/15/13,6.56,111.11,87.09
8/16/13,6.56,110.4,87.09
8/17/13,6.56,110.4,87.09
8/18/13,6.56,110.4,87.09
8/19/13,6.56,109.9,87.09
8/20/13,6.56,110.15,87.09
8/21/13,6.56,109.81,87.09
8/22/13,6.56,109.9,87.09
8/23/13,6.56,111.04,87.09
8/24/13,6.56,111.04,87.09
8/25/13,6.56,111.04,87.09
8/26/13,6.56,110.73,87.09
8/27/13,6.56,114.36,87.09
8/28/13,6.56,116.61,87.09
8/29/13,6.56,115.16,87.09
8/30/13,6.56,114.01,87.09
8/31/13,6.56,114.01,87.09
9/1/13,6.56,114.01,89.36
9/2/13,6.56,114.33,89.36
9/3/13,6.56,115.68,89.36
9/4/13,6.56,114.91,89.36
9/5/13,6.56,115.26,89.36
9/6/13,6.56,116.12,89.36
9/7/13,6.56,116.12,89.36
9/8/13,6.56,116.12,89.36
9/9/13,6.56,113.72,89.36
9/10/13,6.56,111.25,89.36
9/11/13,6.56,111.5,89.36
9/12/13,6.56,112.63,89.36
9/13/13,6.56,112.78,89.36
9/14/13,6.56,112.78,89.36
9/15/13,6.56,112.78,89.36
9/16/13,6.56,110.07,89.36
9/17/13,6.56,108.19,89.36
9/18/13,6.56,110.6,89.36
9/19/13,6.56,108.76,89.36
9/20/13,6.56,109.22,89.36
9/21/13,6.56,109.22,89.36
9/22/13,6.56,109.22,89.36
9/23/13,6.56,108.16,89.36
9/24/13,6.56,108.64,89.36
9/25/13,6.56,108.32,89.36
9/26/13,6.56,109.21,89.36
9/27/13,6.56,108.63,89.36
9/28/13,6.56,108.63,89.36
9/29/13,6.56,108.63,89.36
9/30/13,6.56,108.37,89.36
10/1/13,6.39,107.94,91.81
10/2/13,6.39,109.19,91.81
10/3/13,6.39,109,91.81
10/4/13,6.39,109.46,91.81
10/5/13,6.39,109.46,91.81
10/6/13,6.39,109.46,91.81
10/7/13,6.39,109.68,91.81
10/8/13,6.39,110.16,91.81
10/9/13,6.39,109.06,91.81
10/10/13,6.39,111.8,91.81
10/11/13,6.39,111.28,91.81
10/12/13,6.39,111.28,91.81
10/13/13,6.39,111.28,91.81
10/14/13,6.39,111.04,91.81
10/15/13,6.39,109.96,91.81
10/16/13,6.39,110.86,91.81
10/17/13,6.39,109.11,91.81
10/18/13,6.39,109.94,91.81
10/19/13,6.39,109.94,91.81
10/20/13,6.39,109.94,91.81
10/21/13,6.39,109.64,91.81
10/22/13,6.39,109.97,91.81
10/23/13,6.39,107.8,91.81
10/24/13,6.39,106.99,91.81
10/25/13,6.39,106.93,91.81
10/26/13,6.39,106.93,91.81
10/27/13,6.39,106.93,91.81
10/28/13,6.39,109.61,91.81
10/29/13,6.39,109.01,91.81
10/30/13,6.39,109.86,91.81
10/31/13,6.39,108.84,91.81
11/1/13,6.39,105.91,89.25
11/2/13,6.39,105.91,89.25
11/3/13,6.39,105.91,89.25
11/4/13,6.39,106.23,89.25
11/5/13,6.39,105.33,89.25
11/6/13,6.39,105.24,89.25
11/7/13,6.39,103.46,89.25
11/8/13,6.39,105.12,89.25
11/9/13,6.39,105.12,89.25
11/10/13,6.39,105.12,89.25
11/11/13,6.39,106.4,89.25
11/12/13,6.39,105.81,89.25
11/13/13,6.39,107.12,89.25
11/14/13,6.39,108.54,89.25
11/15/13,6.39,108.5,89.25
11/16/13,6.39,108.5,89.25
11/17/13,6.39,108.5,89.25
11/18/13,6.39,108.47,89.25
11/19/13,6.39,106.92,89.25
11/20/13,6.39,108.06,89.25
11/21/13,6.39,110.08,89.25
11/22/13,6.39,111.05,89.25
11/23/13,6.39,111.05,89.25
11/24/13,6.39,111.05,89.25
11/25/13,6.39,111,89.25
11/26/13,6.39,110.88,89.25
11/27/13,6.39,111.31,89.25
11/28/13,6.39,110.86,89.25
11/29/13,6.39,109.69,89.25
11/30/13,6.39,109.69,89.25
12/1/13,6.39,109.69,86.81
12/2/13,6.39,111.45,86.81
12/3/13,6.39,112.62,86.81
12/4/13,6.39,111.88,86.81
12/5/13,6.39,110.98,86.81
12/6/13,6.39,111.61,86.81
12/7/13,6.39,111.61,86.81
12/8/13,6.39,111.61,86.81
12/9/13,6.39,109.39,86.81
12/10/13,6.39,109.38,86.81
12/11/13,6.39,109.7,86.81
12/12/13,6.39,108.67,86.81
12/13/13,6.39,108.83,86.81
12/14/13,6.39,108.83,86.81
12/15/13,6.39,108.83,86.81
12/16/13,6.39,110.47,86.81
12/17/13,6.39,108.44,86.81
12/18/13,6.39,109.63,86.81
12/19/13,6.39,110.29,86.81
12/20/13,6.39,111.77,86.81
12/21/13,6.39,111.77,86.81
12/22/13,6.39,111.77,86.81
12/23/13,6.39,111.56,86.81
12/24/13,6.39,111.9,86.81
12/25/13,6.39,111.9,86.81
12/26/13,6.39,111.98,86.81
12/27/13,6.39,112.18,86.81
12/28/13,6.39,112.18,86.81
12/29/13,6.39,112.18,86.81
12/30/13,6.39,111.21,86.81
12/31/13,6.39,110.8,86.81
1/1/14,6.3,110.8,107.62
1/2/14,6.3,107.78,107.62
1/3/14,6.3,106.89,107.62
1/4/14,6.3,106.89,107.62
1/5/14,6.3,106.89,107.62
1/6/14,6.3,106.73,107.62
1/7/14,6.3,107.35,107.62
1/8/14,6.3,107.15,107.62
1/9/14,6.3,106.39,107.62
1/10/14,6.3,107.25,107.62
1/11/14,6.3,107.25,107.62
1/12/14,6.3,107.25,107.62
1/13/14,6.3,106.75,107.62
1/14/14,6.3,106.39,107.62
1/15/14,6.3,107.13,107.62
1/16/14,6.3,107.09,107.62
1/17/14,6.3,106.48,107.62
1/18/14,6.3,106.48,107.62
1/19/14,6.3,106.48,107.62
1/20/14,6.3,106.35,107.62
1/21/14,6.3,106.73,107.62
1/22/14,6.3,108.27,107.62
1/23/14,6.3,107.58,107.62
1/24/14,6.3,107.88,107.62
1/25/14,6.3,107.88,107.62
1/26/14,6.3,107.88,107.62
1/27/14,6.3,106.69,107.62
1/28/14,6.3,107.41,107.62
1/29/14,6.3,107.85,107.62
1/30/14,6.3,107.95,107.62
1/31/14,6.3,106.4,107.62
2/1/14,6.3,106.4,101.67
2/2/14,6.3,106.4,101.67
2/3/14,6.3,106.04,101.67
2/4/14,6.3,105.78,101.67
2/5/14,6.3,106.25,101.67
2/6/14,6.3,107.19,101.67
2/7/14,6.3,109.57,101.67
2/8/14,6.3,109.57,101.67
2/9/14,6.3,109.57,101.67
2/10/14,6.3,108.63,101.67
2/11/14,6.3,108.68,101.67
2/12/14,6.3,108.79,101.67
2/13/14,6.3,108.73,101.67
2/14/14,6.3,109.08,101.67
2/15/14,6.3,109.08,101.67
2/16/14,6.3,109.08,101.67
2/17/14,6.3,109.18,101.67
2/18/14,6.3,110.46,101.67
2/19/14,6.3,110.47,101.67
2/20/14,6.3,110.3,101.67
2/21/14,6.3,109.85,101.67
2/22/14,6.3,109.85,101.67
2/23/14,6.3,109.85,101.67
2/24/14,6.3,110.64,101.67
2/25/14,6.3,109.51,101.67
2/26/14,6.3,109.52,101.67
2/27/14,6.3,108.96,101.67
2/28/14,6.3,109.07,101.67
3/1/14,6.3,109.07,96.63
3/2/14,6.3,109.07,96.63
3/3/14,6.3,111.2,96.63
3/4/14,6.3,109.3,96.63
3/5/14,6.3,107.76,96.63
3/6/14,6.3,108.1,96.63
3/7/14,6.3,109,96.63
3/8/14,6.3,109,96.63
3/9/14,6.3,109,96.63
3/10/14,6.3,108.08,96.63
3/11/14,6.3,108.55,96.63
3/12/14,6.3,108.02,96.63
3/13/14,6.3,107.39,96.63
3/14/14,6.3,108.57,96.63
3/15/14,6.3,108.57,96.63
3/16/14,6.3,108.57,96.63
3/17/14,6.3,106.24,96.63
3/18/14,6.3,106.79,96.63
3/19/14,6.3,105.85,96.63
3/20/14,6.3,106.45,96.63
3/21/14,6.3,106.92,96.63
3/22/14,6.3,106.92,96.63
3/23/14,6.3,106.92,96.63
3/24/14,6.3,106.81,96.63
3/25/14,6.3,106.99,96.63
3/26/14,6.3,107.03,96.63
3/27/14,6.3,107.83,96.63
3/28/14,6.3,108.07,96.63
3/29/14,6.3,108.07,96.63
3/30/14,6.3,108.07,96.63
3/31/14,6.3,107.76,96.63
4/1/14,6.18,105.62,101.15
4/2/14,6.18,104.79,101.15
4/3/14,6.18,106.15,101.15
4/4/14,6.18,106.72,101.15
4/5/14,6.18,106.72,101.15
4/6/14,6.18,106.72,101.15
4/7/14,6.18,105.82,101.15
4/8/14,6.18,107.67,101.15
4/9/14,6.18,107.98,101.15
4/10/14,6.18,107.46,101.15
4/11/14,6.18,107.33,101.15
4/12/14,6.18,107.33,101.15
4/13/14,6.18,107.33,101.15
4/14/14,6.18,109.07,101.15
4/15/14,6.18,108.74,101.15
4/16/14,6.18,109.6,101.15
4/17/14,6.18,109.53,101.15
4/18/14,6.18,109.53,101.15
4/19/14,6.18,109.53,101.15
4/20/14,6.18,109.53,101.15
4/21/14,6.18,109.95,101.15
4/22/14,6.18,109.27,101.15
4/23/14,6.18,109.11,101.15
4/24/14,6.18,110.33,101.15
4/25/14,6.18,109.58,101.15
4/26/14,6.18,109.58,101.15
4/27/14,6.18,109.58,101.15
4/28/14,6.18,108.12,101.15
4/29/14,6.18,108.98,101.15
4/30/14,6.18,108.07,101.15
5/1/14,6.18,107.76,102.33
5/2/14,6.18,108.59,102.33
5/3/14,6.18,108.59,102.33
5/4/14,6.18,108.59,102.33
5/5/14,6.18,107.72,102.33
5/6/14,6.18,107.06,102.33
5/7/14,6.18,108.13,102.33
5/8/14,6.18,108.04,102.33
5/9/14,6.18,107.89,102.33
5/10/14,6.18,107.89,102.33
5/11/14,6.18,107.89,102.33
5/12/14,6.18,108.41,102.33
5/13/14,6.18,109.24,102.33
5/14/14,6.18,110.19,102.33
5/15/14,6.18,110.44,102.33
5/16/14,6.18,109.75,102.33
5/17/14,6.18,109.75,102.33
5/18/14,6.18,109.75,102.33
5/19/14,6.18,109.37,102.33
5/20/14,6.18,109.69,102.33
5/21/14,6.18,110.55,102.33
5/22/14,6.18,110.36,102.33
5/23/14,6.18,110.54,102.33
5/24/14,6.18,110.54,102.33
5/25/14,6.18,110.54,102.33
5/26/14,6.18,110.32,102.33
5/27/14,6.18,110.02,102.33
5/28/14,6.18,109.81,102.33
5/29/14,6.18,109.97,102.33
5/30/14,6.18,109.41,102.33
5/31/14,6.18,109.41,102.33
6/1/14,6.18,109.41,94.73
6/2/14,6.18,108.83,94.73
6/3/14,6.18,108.82,94.73
6/4/14,6.18,108.4,94.73
6/5/14,6.18,108.79,94.73
6/6/14,6.18,108.61,94.73
6/7/14,6.18,108.61,94.73
6/8/14,6.18,108.61,94.73
6/9/14,6.18,109.99,94.73
6/10/14,6.18,109.52,94.73
6/11/14,6.18,109.95,94.73
6/12/14,6.18,113.02,94.73
6/13/14,6.18,113.41,94.73
6/14/14,6.18,113.41,94.73
6/15/14,6.18,113.41,94.73
6/16/14,6.18,112.94,94.73
6/17/14,6.18,113.45,94.73
6/18/14,6.18,114.26,94.73
6/19/14,6.18,115.06,94.73
6/20/14,6.18,114.81,94.73
6/21/14,6.18,114.81,94.73
6/22/14,6.18,114.81,94.73
6/23/14,6.18,114.12,94.73
6/24/14,6.18,114.46,94.73
6/25/14,6.18,114,94.73
6/26/14,6.18,113.21,94.73
6/27/14,6.18,113.3,94.73
6/28/14,6.18,113.3,94.73
6/29/14,6.18,113.3,94.73
6/30/14,6.18,112.36,94.73
7/1/14,6.14,112.29,100.27
7/2/14,6.14,111.24,100.27
7/3/14,6.14,111,100.27
7/4/14,6.14,110.64,100.27
7/5/14,6.14,110.64,100.27
7/6/14,6.14,110.64,100.27
7/7/14,6.14,110.24,100.27
7/8/14,6.14,108.94,100.27
7/9/14,6.14,108.28,100.27
7/10/14,6.14,108.67,100.27
7/11/14,6.14,106.66,100.27
7/12/14,6.14,106.66,100.27
7/13/14,6.14,106.66,100.27
7/14/14,6.14,106.98,100.27
7/15/14,6.14,106.02,100.27
7/16/14,6.14,105.85,100.27
7/17/14,6.14,107.89,100.27
7/18/14,6.14,107.24,100.27
7/19/14,6.14,107.24,100.27
7/20/14,6.14,107.24,100.27
7/21/14,6.14,107.68,100.27
7/22/14,6.14,107.33,100.27
7/23/14,6.14,108.03,100.27
7/24/14,6.14,107.07,100.27
7/25/14,6.14,108.39,100.27
7/26/14,6.14,108.39,100.27
7/27/14,6.14,108.39,100.27
7/28/14,6.14,107.57,100.27
7/29/14,6.14,107.72,100.27
7/30/14,6.14,106.51,100.27
7/31/14,6.14,106.02,100.27
8/1/14,6.14,104.84,108
8/2/14,6.14,104.84,108
8/3/14,6.14,104.84,108
8/4/14,6.14,105.41,108
8/5/14,6.14,104.61,108
8/6/14,6.14,104.59,108
8/7/14,6.14,105.44,108
8/8/14,6.14,105.02,108
8/9/14,6.14,105.02,108
8/10/14,6.14,105.02,108
8/11/14,6.14,104.68,108
8/12/14,6.14,103.02,108
8/13/14,6.14,104.28,108
8/14/14,6.14,102.01,108
8/15/14,6.14,103.53,108
8/16/14,6.14,103.53,108
8/17/14,6.14,103.53,108
8/18/14,6.14,101.6,108
8/19/14,6.14,101.56,108
8/20/14,6.14,102.28,108
8/21/14,6.14,102.63,108
8/22/14,6.14,102.29,108
8/23/14,6.14,102.29,108
8/24/14,6.14,102.29,108
8/25/14,6.14,102.65,108
8/26/14,6.14,102.5,108
8/27/14,6.14,102.72,108
8/28/14,6.14,102.46,108
8/29/14,6.14,103.19,108
8/30/14,6.14,103.19,108
8/31/14,6.14,103.19,108
9/1/14,6.14,102.79,113.58
9/2/14,6.14,100.34,113.58
9/3/14,6.14,102.77,113.58
9/4/14,6.14,101.83,113.58
9/5/14,6.14,100.82,113.58
9/6/14,6.14,100.82,113.58
9/7/14,6.14,100.82,113.58
9/8/14,6.14,100.2,113.58
9/9/14,6.14,99.16,113.58
9/10/14,6.14,98.04,113.58
9/11/14,6.14,98.08,113.58
9/12/14,6.14,97.11,113.58
9/13/14,6.14,97.11,113.58
9/14/14,6.14,97.11,113.58
9/15/14,6.14,96.65,113.58
9/16/14,6.14,99.05,113.58
9/17/14,6.14,98.97,113.58
9/18/14,6.14,97.7,113.58
9/19/14,6.14,98.39,113.58
9/20/14,6.14,98.39,113.58
9/21/14,6.14,98.39,113.58
9/22/14,6.14,96.97,113.58
9/23/14,6.14,96.85,113.58
9/24/14,6.14,96.95,113.58
9/25/14,6.14,97,113.58
9/26/14,6.14,97,113.58
9/27/14,6.14,97,113.58
9/28/14,6.14,97,113.58
9/29/14,6.14,97.2,113.58
9/30/14,6.14,94.67,113.58
10/1/14,6.68,94.16,105.03
10/2/14,6.68,93.42,105.03
10/3/14,6.68,92.31,105.03
10/4/14,6.68,92.31,105.03
10/5/14,6.68,92.31,105.03
10/6/14,6.68,92.79,105.03
10/7/14,6.68,92.11,105.03
10/8/14,6.68,91.38,105.03
10/9/14,6.68,90.05,105.03
10/10/14,6.68,90.21,105.03
10/11/14,6.68,90.21,105.03
10/12/14,6.68,90.21,105.03
10/13/14,6.68,88.89,105.03
10/14/14,6.68,85.04,105.03
10/15/14,6.68,83.78,105.03
10/16/14,6.68,84.47,105.03
10/17/14,6.68,86.16,105.03
10/18/14,6.68,86.16,105.03
10/19/14,6.68,86.16,105.03
10/20/14,6.68,85.4,105.03
10/21/14,6.68,86.22,105.03
10/22/14,6.68,84.71,105.03
10/23/14,6.68,86.83,105.03
10/24/14,6.68,86.13,105.03
10/25/14,6.68,86.13,105.03
10/26/14,6.68,86.13,105.03
10/27/14,6.68,85.83,105.03
10/28/14,6.68,86.03,105.03
10/29/14,6.68,87.12,105.03
10/30/14,6.68,86.24,105.03
10/31/14,6.68,85.86,105.03
11/1/14,6.68,85.86,101.75
11/2/14,6.68,85.86,101.75
11/3/14,6.68,84.78,101.75
11/4/14,6.68,82.82,101.75
11/5/14,6.68,82.95,101.75
11/6/14,6.68,82.86,101.75
11/7/14,6.68,83.39,101.75
11/8/14,6.68,83.39,101.75
11/9/14,6.68,83.39,101.75
11/10/14,6.68,82.34,101.75
11/11/14,6.68,81.67,101.75
11/12/14,6.68,80.38,101.75
11/13/14,6.68,77.92,101.75
11/14/14,6.68,79.41,101.75
11/15/14,6.68,79.41,101.75
11/16/14,6.68,79.41,101.75
11/17/14,6.68,79.31,101.75
11/18/14,6.68,78.47,101.75
11/19/14,6.68,78.1,101.75
11/20/14,6.68,79.33,101.75
11/21/14,6.68,80.36,101.75
11/22/14,6.68,80.36,101.75
11/23/14,6.68,80.36,101.75
11/24/14,6.68,79.68,101.75
11/25/14,6.68,78.33,101.75
11/26/14,6.68,77.75,101.75
11/27/14,6.68,72.58,101.75
11/28/14,6.68,70.15,101.75
11/29/14,6.68,70.15,101.75
11/30/14,6.68,70.15,101.75
12/1/14,6.68,72.54,100.39
12/2/14,6.68,70.54,100.39
12/3/14,6.68,69.92,100.39
12/4/14,6.68,69.64,100.39
12/5/14,6.68,69.07,100.39
12/6/14,6.68,69.07,100.39
12/7/14,6.68,69.07,100.39
12/8/14,6.68,66.19,100.39
12/9/14,6.68,66.84,100.39
12/10/14,6.68,64.24,100.39
12/11/14,6.68,63.68,100.39
12/12/14,6.68,61.85,100.39
12/13/14,6.68,61.85,100.39
12/14/14,6.68,61.85,100.39
12/15/14,6.68,61.06,100.39
12/16/14,6.68,59.86,100.39
12/17/14,6.68,61.18,100.39
12/18/14,6.68,59.27,100.39
12/19/14,6.68,61.38,100.39
12/20/14,6.68,61.38,100.39
12/21/14,6.68,61.38,100.39
12/22/14,6.68,60.11,100.39
12/23/14,6.68,61.69,100.39
12/24/14,6.68,60.24,100.39
12/25/14,6.68,60.24,100.39
12/26/14,6.68,59.45,100.39
12/27/14,6.68,59.45,100.39
12/28/14,6.68,59.45,100.39
12/29/14,6.68,57.88,100.39
12/30/14,6.68,57.9,100.39
12/31/14,6.68,57.33,100.39
1/1/15,6.59,57.33,99.59
1/2/15,6.59,56.42,99.59
1/3/15,6.59,56.42,99.59
1/4/15,6.59,56.42,99.59
1/5/15,6.59,53.11,99.59
1/6/15,6.59,51.1,99.59
1/7/15,6.59,51.15,99.59
1/8/15,6.59,50.96,99.59
1/9/15,6.59,50.11,99.59
1/10/15,6.59,50.11,99.59
1/11/15,6.59,50.11,99.59
1/12/15,6.59,47.43,99.59
1/13/15,6.59,46.59,99.59
1/14/15,6.59,48.69,99.59
1/15/15,6.59,47.67,99.59
1/16/15,6.59,50.17,99.59
1/17/15,6.59,50.17,99.59
1/18/15,6.59,50.17,99.59
1/19/15,6.59,48.84,99.59
1/20/15,6.59,47.99,99.59
1/21/15,6.59,49.03,99.59
1/22/15,6.59,48.52,99.59
1/23/15,6.59,48.79,99.59
1/24/15,6.59,48.79,99.59
1/25/15,6.59,48.79,99.59
1/26/15,6.59,48.16,99.59
1/27/15,6.59,49.6,99.59
1/28/15,6.59,48.47,99.59
1/29/15,6.59,49.13,99.59
1/30/15,6.59,52.99,99.59
1/31/15,6.59,52.99,99.59
2/1/15,6.59,52.99,99.44
2/2/15,6.59,54.75,99.44
2/3/15,6.59,57.91,99.44
2/4/15,6.59,54.16,99.44
2/5/15,6.59,56.57,99.44
2/6/15,6.59,57.8,99.44
2/7/15,6.59,57.8,99.44
2/8/15,6.59,57.8,99.44
2/9/15,6.59,58.34,99.44
2/10/15,6.59,56.43,99.44
2/11/15,6.59,54.66,99.44
2/12/15,6.59,57.05,99.44
2/13/15,6.59,61.52,99.44
2/14/15,6.59,61.52,99.44
2/15/15,6.59,61.52,99.44
2/16/15,6.59,61.4,99.44
2/17/15,6.59,62.53,99.44
2/18/15,6.59,60.53,99.44
2/19/15,6.59,60.21,99.44
2/20/15,6.59,60.22,99.44
2/21/15,6.59,60.22,99.44
2/22/15,6.59,60.22,99.44
2/23/15,6.59,58.9,99.44
2/24/15,6.59,58.66,99.44
2/25/15,6.59,61.63,99.44
2/26/15,6.59,60.05,99.44
2/27/15,6.59,62.58,99.44
2/28/15,6.59,62.58,99.44
3/1/15,6.59,62.58,114.36
3/2/15,6.59,59.54,114.36
3/3/15,6.59,61.02,114.36
3/4/15,6.59,60.55,114.36
3/5/15,6.59,60.48,114.36
3/6/15,6.59,59.73,114.36
3/7/15,6.59,59.73,114.36
3/8/15,6.59,59.73,114.36
3/9/15,6.59,58.53,114.36
3/10/15,6.59,56.39,114.36
3/11/15,6.59,57.54,114.36
3/12/15,6.59,57.08,114.36
3/13/15,6.59,54.67,114.36
3/14/15,6.59,54.67,114.36
3/15/15,6.59,54.67,114.36
3/16/15,6.59,53.44,114.36
3/17/15,6.59,53.51,114.36
3/18/15,6.59,55.91,114.36
3/19/15,6.59,54.43,114.36
3/20/15,6.59,55.32,114.36
3/21/15,6.59,55.32,114.36
3/22/15,6.59,55.32,114.36
3/23/15,6.59,55.92,114.36
3/24/15,6.59,55.11,114.36
3/25/15,6.59,56.48,114.36
3/26/15,6.59,59.19,114.36
3/27/15,6.59,56.41,114.36
3/28/15,6.59,56.41,114.36
3/29/15,6.59,56.41,114.36
3/30/15,6.59,56.29,114.36
3/31/15,6.59,55.11,114.36
4/1/15,7.13,57.1,110.75
4/2/15,7.13,54.95,110.75
4/3/15,7.13,54.95,110.75
4/4/15,7.13,54.95,110.75
4/5/15,7.13,54.95,110.75
4/6/15,7.13,58.12,110.75
4/7/15,7.13,59.1,110.75
4/8/15,7.13,55.55,110.75
4/9/15,7.13,56.57,110.75
4/10/15,7.13,57.87,110.75
4/11/15,7.13,57.87,110.75
4/12/15,7.13,57.87,110.75
4/13/15,7.13,57.93,110.75
4/14/15,7.13,58.43,110.75
4/15/15,7.13,60.32,110.75
4/16/15,7.13,63.98,110.75
4/17/15,7.13,63.45,110.75
4/18/15,7.13,63.45,110.75
4/19/15,7.13,63.45,110.75
4/20/15,7.13,63.45,110.75
4/21/15,7.13,62.08,110.75
4/22/15,7.13,62.73,110.75
4/23/15,7.13,64.85,110.75
4/24/15,7.13,65.28,110.75
4/25/15,7.13,65.28,110.75
4/26/15,7.13,65.28,110.75
4/27/15,7.13,64.83,110.75
4/28/15,7.13,64.64,110.75
4/29/15,7.13,65.84,110.75
4/30/15,7.13,66.78,110.75
5/1/15,7.13,66.46,108.69
5/2/15,7.13,66.46,108.69
5/3/15,7.13,66.46,108.69
5/4/15,7.13,66.45,108.69
5/5/15,7.13,67.52,108.69
5/6/15,7.13,67.77,108.69
5/7/15,7.13,65.54,108.69
5/8/15,7.13,65.39,108.69
5/9/15,7.13,65.39,108.69
5/10/15,7.13,65.39,108.69
5/11/15,7.13,64.91,108.69
5/12/15,7.13,66.86,108.69
5/13/15,7.13,66.81,108.69
5/14/15,7.13,66.59,108.69
5/15/15,7.13,66.81,108.69
5/16/15,7.13,66.81,108.69
5/17/15,7.13,66.81,108.69
5/18/15,7.13,66.27,108.69
5/19/15,7.13,64.02,108.69
5/20/15,7.13,65.03,108.69
5/21/15,7.13,66.54,108.69
5/22/15,7.13,65.37,108.69
5/23/15,7.13,65.37,108.69
5/24/15,7.13,65.37,108.69
5/25/15,7.13,65.52,108.69
5/26/15,7.13,63.72,108.69
5/27/15,7.13,62.06,108.69
5/28/15,7.13,62.58,108.69
5/29/15,7.13,65.56,108.69
5/30/15,7.13,65.56,108.69
5/31/15,7.13,65.56,108.69
6/1/15,7.13,64.88,138.14
6/2/15,7.13,65.49,138.14
6/3/15,7.13,63.8,138.14
6/4/15,7.13,62.03,138.14
6/5/15,7.13,63.31,138.14
6/6/15,7.13,63.31,138.14
6/7/15,7.13,63.31,138.14
6/8/15,7.13,62.69,138.14
6/9/15,7.13,64.88,138.14
6/10/15,7.13,65.7,138.14
6/11/15,7.13,65.11,138.14
6/12/15,7.13,63.87,138.14
6/13/15,7.13,63.87,138.14
6/14/15,7.13,63.87,138.14
6/15/15,7.13,62.61,138.14
6/16/15,7.13,63.7,138.14
6/17/15,7.13,63.87,138.14
6/18/15,7.13,64.26,138.14
6/19/15,7.13,63.02,138.14
6/20/15,7.13,63.02,138.14
6/21/15,7.13,63.02,138.14
6/22/15,7.13,63.34,138.14
6/23/15,7.13,64.45,138.14
6/24/15,7.13,63.49,138.14
6/25/15,7.13,63.2,138.14
6/26/15,7.13,63.26,138.14
6/27/15,7.13,63.26,138.14
6/28/15,7.13,63.26,138.14
6/29/15,7.13,62.01,138.14
6/30/15,7.13,63.59,138.14
7/1/15,7.12,62.01,115.64
7/2/15,7.12,62.07,115.64
7/3/15,7.12,60.32,115.64
7/4/15,7.12,60.32,115.64
7/5/15,7.12,60.32,115.64
7/6/15,7.12,56.54,115.64
7/7/15,7.12,56.85,115.64
7/8/15,7.12,57.05,115.64
7/9/15,7.12,58.61,115.64
7/10/15,7.12,58.73,115.64
7/11/15,7.12,58.73,115.64
7/12/15,7.12,58.73,115.64
7/13/15,7.12,57.85,115.64
7/14/15,7.12,58.51,115.64
7/15/15,7.12,57.05,115.64
7/16/15,7.12,57.51,115.64
7/17/15,7.12,57.1,115.64
7/18/15,7.12,57.1,115.64
7/19/15,7.12,57.1,115.64
7/20/15,7.12,56.65,115.64
7/21/15,7.12,57.04,115.64
7/22/15,7.12,56.13,115.64
7/23/15,7.12,55.27,115.64
7/24/15,7.12,54.62,115.64
7/25/15,7.12,54.62,115.64
7/26/15,7.12,54.62,115.64
7/27/15,7.12,53.47,115.64
7/28/15,7.12,53.3,115.64
7/29/15,7.12,53.38,115.64
7/30/15,7.12,53.31,115.64
7/31/15,7.12,52.21,115.64
8/1/15,7.12,52.21,105.59
8/2/15,7.12,52.21,105.59
8/3/15,7.12,49.52,105.59
8/4/15,7.12,49.99,105.59
8/5/15,7.12,49.59,105.59
8/6/15,7.12,49.52,105.59
8/7/15,7.12,48.61,105.59
8/8/15,7.12,48.61,105.59
8/9/15,7.12,48.61,105.59
8/10/15,7.12,50.41,105.59
8/11/15,7.12,49.18,105.59
8/12/15,7.12,49.66,105.59
8/13/15,7.12,49.22,105.59
8/14/15,7.12,49.03,105.59
8/15/15,7.12,49.03,105.59
8/16/15,7.12,49.03,105.59
8/17/15,7.12,48.74,105.59
8/18/15,7.12,48.81,105.59
8/19/15,7.12,47.16,105.59
8/20/15,7.12,46.62,105.59
8/21/15,7.12,45.46,105.59
8/22/15,7.12,45.46,105.59
8/23/15,7.12,45.46,105.59
8/24/15,7.12,42.69,105.59
8/25/15,7.12,43.21,105.59
8/26/15,7.12,43.14,105.59
8/27/15,7.12,47.56,105.59
8/28/15,7.12,50.05,105.59
8/29/15,7.12,50.05,105.59
8/30/15,7.12,50.05,105.59
8/31/15,7.12,54.15,105.59
9/1/15,7.12,49.56,114.18
9/2/15,7.12,50.5,114.18
9/3/15,7.12,50.68,114.18
9/4/15,7.12,49.61,114.18
9/5/15,7.12,49.61,114.18
9/6/15,7.12,49.61,114.18
9/7/15,7.12,47.63,114.18
9/8/15,7.12,49.52,114.18
9/9/15,7.12,47.58,114.18
9/10/15,7.12,48.89,114.18
9/11/15,7.12,48.14,114.18
9/12/15,7.12,48.14,114.18
9/13/15,7.12,48.14,114.18
9/14/15,7.12,46.37,114.18
9/15/15,7.12,46.63,114.18
9/16/15,7.12,49.75,114.18
9/17/15,7.12,49.08,114.18
9/18/15,7.12,47.47,114.18
9/19/15,7.12,47.47,114.18
9/20/15,7.12,47.47,114.18
9/21/15,7.12,48.92,114.18
9/22/15,7.12,49.08,114.18
9/23/15,7.12,47.75,114.18
9/24/15,7.12,48.17,114.18
9/25/15,7.12,48.6,114.18
9/26/15,7.12,48.6,114.18
9/27/15,7.12,48.6,114.18
9/28/15,7.12,47.34,114.18
9/29/15,7.12,48.23,114.18
9/30/15,7.12,48.37,114.18
10/1/15,6.9,47.69,115.38
10/2/15,6.9,48.13,115.38
10/3/15,6.9,48.13,115.38
10/4/15,6.9,48.13,115.38
10/5/15,6.9,49.25,115.38
10/6/15,6.9,51.92,115.38
10/7/15,6.9,51.33,115.38
10/8/15,6.9,53.05,115.38
10/9/15,6.9,52.65,115.38
10/10/15,6.9,52.65,115.38
10/11/15,6.9,52.65,115.38
10/12/15,6.9,49.86,115.38
10/13/15,6.9,49.24,115.38
10/14/15,6.9,49.15,115.38
10/15/15,6.9,48.71,115.38
10/16/15,6.9,50.46,115.38
10/17/15,6.9,50.46,115.38
10/18/15,6.9,50.46,115.38
10/19/15,6.9,48.61,115.38
10/20/15,6.9,48.71,115.38
10/21/15,6.9,47.85,115.38
10/22/15,6.9,48.08,115.38
10/23/15,6.9,47.99,115.38
10/24/15,6.9,47.99,115.38
10/25/15,6.9,47.99,115.38
10/26/15,6.9,47.54,115.38
10/27/15,6.9,46.81,115.38
10/28/15,6.9,49.05,115.38
10/29/15,6.9,48.8,115.38
10/30/15,6.9,49.56,115.38
10/31/15,6.9,49.56,115.38
11/1/15,6.9,49.56,115.37
11/2/15,6.9,48.79,115.37
11/3/15,6.9,50.54,115.37
11/4/15,6.9,48.58,115.37
11/5/15,6.9,47.98,115.37
11/6/15,6.9,47.42,115.37
11/7/15,6.9,47.42,115.37
11/8/15,6.9,47.42,115.37
11/9/15,6.9,47.19,115.37
11/10/15,6.9,47.44,115.37
11/11/15,6.9,45.81,115.37
11/12/15,6.9,44.06,115.37
11/13/15,6.9,43.61,115.37
11/14/15,6.9,43.61,115.37
11/15/15,6.9,43.61,115.37
11/16/15,6.9,44.56,115.37
11/17/15,6.9,43.57,115.37
11/18/15,6.9,44.14,115.37
11/19/15,6.9,44.18,115.37
11/20/15,6.9,44.66,115.37
11/21/15,6.9,44.66,115.37
11/22/15,6.9,44.66,115.37
11/23/15,6.9,44.83,115.37
11/24/15,6.9,46.12,115.37
11/25/15,6.9,46.17,115.37
11/26/15,6.9,45.46,115.37
11/27/15,6.9,44.86,115.37
11/28/15,6.9,44.86,115.37
11/29/15,6.9,44.86,115.37
11/30/15,6.9,44.61,115.37
12/1/15,6.9,44.44,96.39
12/2/15,6.9,42.49,96.39
12/3/15,6.9,43.84,96.39
12/4/15,6.9,43,96.39
12/5/15,6.9,43,96.39
12/6/15,6.9,43,96.39
12/7/15,6.9,40.73,96.39
12/8/15,6.9,40.26,96.39
12/9/15,6.9,40.11,96.39
12/10/15,6.9,39.73,96.39
12/11/15,6.9,37.93,96.39
12/12/15,6.9,37.93,96.39
12/13/15,6.9,37.93,96.39
12/14/15,6.9,37.92,96.39
12/15/15,6.9,38.45,96.39
12/16/15,6.9,37.19,96.39
12/17/15,6.9,37.06,96.39
12/18/15,6.9,36.88,96.39
12/19/15,6.9,36.88,96.39
12/20/15,6.9,36.88,96.39
12/21/15,6.9,36.35,96.39
12/22/15,6.9,36.11,96.39
12/23/15,6.9,37.36,96.39
12/24/15,6.9,37.89,96.39
12/25/15,6.9,37.89,96.39
12/26/15,6.9,37.89,96.39
12/27/15,6.9,37.89,96.39
12/28/15,6.9,36.62,96.39
12/29/15,6.9,37.79,96.39
12/30/15,6.9,36.46,96.39
12/31/15,6.9,37.28,96.39
1/1/16,6.92,37.28,98.79
1/2/16,6.92,37.28,98.79
1/3/16,6.92,37.28,98.79
1/4/16,6.92,37.22,98.79
1/5/16,6.92,36.42,98.79
1/6/16,6.92,34.23,98.79
1/7/16,6.92,33.75,98.79
1/8/16,6.92,33.55,98.79
1/9/16,6.92,33.55,98.79
1/10/16,6.92,33.55,98.79
1/11/16,6.92,31.55,98.79
1/12/16,6.92,30.86,98.79
1/13/16,6.92,30.31,98.79
1/14/16,6.92,31.03,98.79
1/15/16,6.92,28.94,98.79
1/16/16,6.92,28.94,98.79
1/17/16,6.92,28.94,98.79
1/18/16,6.92,28.55,98.79
1/19/16,6.92,28.76,98.79
1/20/16,6.92,27.88,98.79
1/21/16,6.92,29.25,98.79
1/22/16,6.92,32.18,98.79
1/23/16,6.92,32.18,98.79
1/24/16,6.92,32.18,98.79
1/25/16,6.92,30.5,98.79
1/26/16,6.92,31.8,98.79
1/27/16,6.92,33.1,98.79
1/28/16,6.92,33.89,98.79
1/29/16,6.92,34.74,98.79
1/30/16,6.92,34.74,98.79
1/31/16,6.92,34.74,98.79
2/1/16,6.92,34.24,97.07
2/2/16,6.92,32.72,97.07
2/3/16,6.92,35.04,97.07
2/4/16,6.92,34.46,97.07
2/5/16,6.92,34.06,97.07
2/6/16,6.92,34.06,97.07
2/7/16,6.92,34.06,97.07
2/8/16,6.92,32.88,97.07
2/9/16,6.92,30.32,97.07
2/10/16,6.92,30.84,97.07
2/11/16,6.92,30.06,97.07
2/12/16,6.92,33.36,97.07
2/13/16,6.92,33.36,97.07
2/14/16,6.92,33.36,97.07
2/15/16,6.92,33.39,97.07
2/16/16,6.92,32.18,97.07
2/17/16,6.92,34.5,97.07
2/18/16,6.92,34.28,97.07
2/19/16,6.92,33.01,97.07
2/20/16,6.92,33.01,97.07
2/21/16,6.92,33.01,97.07
2/22/16,6.92,34.69,97.07
2/23/16,6.92,33.27,97.07
2/24/16,6.92,34.41,97.07
2/25/16,6.92,35.29,97.07
2/26/16,6.92,35.1,97.07
2/27/16,6.92,35.1,97.07
2/28/16,6.92,35.1,97.07
2/29/16,6.92,35.97,97.07
3/1/16,6.92,36.81,115.18
3/2/16,6.92,36.93,115.18
3/3/16,6.92,37.07,115.18
3/4/16,6.92,38.72,115.18
3/5/16,6.92,38.72,115.18
3/6/16,6.92,38.72,115.18
3/7/16,6.92,40.84,115.18
3/8/16,6.92,39.65,115.18
3/9/16,6.92,41.07,115.18
3/10/16,6.92,40.05,115.18
3/11/16,6.92,40.39,115.18
3/12/16,6.92,40.39,115.18
3/13/16,6.92,40.39,115.18
3/14/16,6.92,39.53,115.18
3/15/16,6.92,38.74,115.18
3/16/16,6.92,40.33,115.18
3/17/16,6.92,41.54,115.18
3/18/16,6.92,41.2,115.18
3/19/16,6.92,41.2,115.18
3/20/16,6.92,41.2,115.18
3/21/16,6.92,41.54,115.18
3/22/16,6.92,41.79,115.18
3/23/16,6.92,40.47,115.18
3/24/16,6.92,40.44,115.18
3/25/16,6.92,40.44,115.18
3/26/16,6.92,40.44,115.18
3/27/16,6.92,40.44,115.18
3/28/16,6.92,40.27,115.18
3/29/16,6.92,39.14,115.18
3/30/16,6.92,39.26,115.18
3/31/16,6.92,39.6,115.18
4/1/16,6.22,38.67,104.28
4/2/16,6.22,38.67,104.28
4/3/16,6.22,38.67,104.28
4/4/16,6.22,37.69,104.28
4/5/16,6.22,37.87,104.28
4/6/16,6.22,39.84,104.28
4/7/16,6.22,39.43,104.28
4/8/16,6.22,41.94,104.28
4/9/16,6.22,41.94,104.28
4/10/16,6.22,41.94,104.28
4/11/16,6.22,42.83,104.28
4/12/16,6.22,44.69,104.28
4/13/16,6.22,44.18,104.28
4/14/16,6.22,43.84,104.28
4/15/16,6.22,43.1,104.28
4/16/16,6.22,43.1,104.28
4/17/16,6.22,43.1,104.28
4/18/16,6.22,42.91,104.28
4/19/16,6.22,44.03,104.28
4/20/16,6.22,45.8,104.28
4/21/16,6.22,44.53,104.28
4/22/16,6.22,45.11,104.28
4/23/16,6.22,45.11,104.28
4/24/16,6.22,45.11,104.28
4/25/16,6.22,44.48,104.28
4/26/16,6.22,45.74,104.28
4/27/16,6.22,47.18,104.28
4/28/16,6.22,48.14,104.28
4/29/16,6.22,48.13,104.28
4/30/16,6.22,48.13,104.28
5/1/16,6.22,48.13,99.88
5/2/16,6.22,45.83,99.88
5/3/16,6.22,44.97,99.88
5/4/16,6.22,44.62,99.88
5/5/16,6.22,45.01,99.88
5/6/16,6.22,45.37,99.88
5/7/16,6.22,45.37,99.88
5/8/16,6.22,45.37,99.88
5/9/16,6.22,43.63,99.88
5/10/16,6.22,45.52,99.88
5/11/16,6.22,47.6,99.88
5/12/16,6.22,48.08,99.88
5/13/16,6.22,47.83,99.88
5/14/16,6.22,47.83,99.88
5/15/16,6.22,47.83,99.88
5/16/16,6.22,48.97,99.88
5/17/16,6.22,49.28,99.88
5/18/16,6.22,48.93,99.88
5/19/16,6.22,48.81,99.88
5/20/16,6.22,48.72,99.88
5/21/16,6.22,48.72,99.88
5/22/16,6.22,48.72,99.88
5/23/16,6.22,48.35,99.88
5/24/16,6.22,48.61,99.88
5/25/16,6.22,49.74,99.88
5/26/16,6.22,49.59,99.88
5/27/16,6.22,49.32,99.88
5/28/16,6.22,49.32,99.88
5/29/16,6.22,49.32,99.88
5/30/16,6.22,49.76,99.88
5/31/16,6.22,49.69,99.88
6/1/16,6.22,49.72,98.56
6/2/16,6.22,50.04,98.56
6/3/16,6.22,49.64,98.56
6/4/16,6.22,49.64,98.56
6/5/16,6.22,49.64,98.56
6/6/16,6.22,50.55,98.56
6/7/16,6.22,51.44,98.56
6/8/16,6.22,52.51,98.56
6/9/16,6.22,51.95,98.56
6/10/16,6.22,50.54,98.56
6/11/16,6.22,50.54,98.56
6/12/16,6.22,50.54,98.56
6/13/16,6.22,50.35,98.56
6/14/16,6.22,49.83,98.56
6/15/16,6.22,48.97,98.56
6/16/16,6.22,47.19,98.56
6/17/16,6.22,49.17,98.56
6/18/16,6.22,49.17,98.56
6/19/16,6.22,49.17,98.56
6/20/16,6.22,50.65,98.56
6/21/16,6.22,50.62,98.56
6/22/16,6.22,49.88,98.56
6/23/16,6.22,50.91,98.56
6/24/16,6.22,48.41,98.56
6/25/16,6.22,48.41,98.56
6/26/16,6.22,48.41,98.56
6/27/16,6.22,47.16,98.56
6/28/16,6.22,48.58,98.56
6/29/16,6.22,50.61,98.56
6/30/16,6.22,49.68,98.56
7/1/16,7.83,50.35,87.61
7/2/16,7.83,50.35,87.61
7/3/16,7.83,50.35,87.61
7/4/16,7.83,50.1,87.61
7/5/16,7.83,47.96,87.61
7/6/16,7.83,48.8,87.61
7/7/16,7.83,46.4,87.61
7/8/16,7.83,46.76,87.61
7/9/16,7.83,46.76,87.61
7/10/16,7.83,46.76,87.61
7/11/16,7.83,46.25,87.61
7/12/16,7.83,48.47,87.61
7/13/16,7.83,46.26,87.61
7/14/16,7.83,47.37,87.61
7/15/16,7.83,47.61,87.61
7/16/16,7.83,47.61,87.61
7/17/16,7.83,47.61,87.61
7/18/16,7.83,46.96,87.61
7/19/16,7.83,46.66,87.61
7/20/16,7.83,47.17,87.61
7/21/16,7.83,46.2,87.61
7/22/16,7.83,45.69,87.61
7/23/16,7.83,45.69,87.61
7/24/16,7.83,45.69,87.61
7/25/16,7.83,44.72,87.61
7/26/16,7.83,44.87,87.61
7/27/16,7.83,43.47,87.61
7/28/16,7.83,42.7,87.61
7/29/16,7.83,42.46,87.61
7/30/16,7.83,42.46,87.61
7/31/16,7.83,42.46,87.61
8/1/16,7.83,42.14,90.41
8/2/16,7.83,41.8,90.41
8/3/16,7.83,43.1,90.41
8/4/16,7.83,44.29,90.41
8/5/16,7.83,44.27,90.41
8/6/16,7.83,44.27,90.41
8/7/16,7.83,44.27,90.41
8/8/16,7.83,45.39,90.41
8/9/16,7.83,44.98,90.41
8/10/16,7.83,44.05,90.41
8/11/16,7.83,46.04,90.41
8/12/16,7.83,46.97,90.41
8/13/16,7.83,46.97,90.41
8/14/16,7.83,46.97,90.41
8/15/16,7.83,48.35,90.41
8/16/16,7.83,49.23,90.41
8/17/16,7.83,49.85,90.41
8/18/16,7.83,50.89,90.41
8/19/16,7.83,50.88,90.41
8/20/16,7.83,50.88,90.41
8/21/16,7.83,50.88,90.41
8/22/16,7.83,49.16,90.41
8/23/16,7.83,49.96,90.41
8/24/16,7.83,49.05,90.41
8/25/16,7.83,49.67,90.41
8/26/16,7.83,49.92,90.41
8/27/16,7.83,49.92,90.41
8/28/16,7.83,49.92,90.41
8/29/16,7.83,49.26,90.41
8/30/16,7.83,48.37,90.41
8/31/16,7.83,47.04,90.41
9/1/16,7.83,45.45,99.65
9/2/16,7.83,46.83,99.65
9/3/16,7.83,46.83,99.65
9/4/16,7.83,46.83,99.65
9/5/16,7.83,47.63,99.65
9/6/16,7.83,47.26,99.65
9/7/16,7.83,47.98,99.65
9/8/16,7.83,49.99,99.65
9/9/16,7.83,48.01,99.65
9/10/16,7.83,48.01,99.65
9/11/16,7.83,48.01,99.65
9/12/16,7.83,48.32,99.65
9/13/16,7.83,47.1,99.65
9/14/16,7.83,45.85,99.65
9/15/16,7.83,46.59,99.65
9/16/16,7.83,45.77,99.65
9/17/16,7.83,45.77,99.65
9/18/16,7.83,45.77,99.65
9/19/16,7.83,45.95,99.65
9/20/16,7.83,45.88,99.65
9/21/16,7.83,46.83,99.65
9/22/16,7.83,47.65,99.65
9/23/16,7.83,45.89,99.65
9/24/16,7.83,45.89,99.65
9/25/16,7.83,45.89,99.65
9/26/16,7.83,47.35,99.65
9/27/16,7.83,45.97,99.65
9/28/16,7.83,48.69,99.65
9/29/16,7.83,49.24,99.65
9/30/16,7.83,49.06,99.65
10/1/16,7.71,49.06,99.65
10/2/16,7.71,49.06,99.65
10/3/16,7.71,50.89,99.65
10/4/16,7.71,50.87,99.65
10/5/16,7.71,51.86,99.65
10/6/16,7.71,52.51,99.65
10/7/16,7.71,51.93,99.65
10/8/16,7.71,51.93,99.65
10/9/16,7.71,51.93,99.65
10/10/16,7.71,53.14,99.65
10/11/16,7.71,52.41,99.65
10/12/16,7.71,51.81,99.65
10/13/16,7.71,52.03,99.65
10/14/16,7.71,51.95,99.65
10/15/16,7.71,51.95,99.65
10/16/16,7.71,51.95,99.65
10/17/16,7.71,51.52,99.65
10/18/16,7.71,51.68,99.65
10/19/16,7.71,51.68,99.65