timestamp,oil_urals,usdrub
1/1/10,76.1,NA
1/2/10,76.1,NA
1/3/10,76.1,NA
1/4/10,76.1,29.905
1/5/10,76.1,29.836
1/6/10,76.1,29.715
1/7/10,76.1,29.775
1/8/10,76.1,29.775
1/9/10,76.1,29.775
1/10/10,76.1,29.775
1/11/10,76.1,29.327
1/12/10,76.1,29.5095
1/13/10,76.1,29.5967
1/14/10,76.1,29.475
1/15/10,76.1,29.545
1/16/10,76.1,29.545
1/17/10,76.1,29.545
1/18/10,76.1,29.5909
1/19/10,76.1,29.606
1/20/10,76.1,29.7513
1/21/10,76.1,29.756
1/22/10,76.1,29.84
1/23/10,76.1,29.84
1/24/10,76.1,29.84
1/25/10,76.1,30.1172
1/26/10,76.1,30.3188
1/27/10,76.1,30.3078
1/28/10,76.1,30.3568
1/29/10,76.1,30.3482
1/30/10,76.1,30.3482
1/31/10,76.1,30.3482
2/1/10,72.97,30.3324
2/2/10,72.97,30.115
2/3/10,72.97,29.995
2/4/10,72.97,30.4295
2/5/10,72.97,30.46
2/6/10,72.97,30.46
2/7/10,72.97,30.46
2/8/10,72.97,30.4861
2/9/10,72.97,30.249
2/10/10,72.97,30.315
2/11/10,72.97,30.1775
2/12/10,72.97,30.2025
2/13/10,72.97,30.2025
2/14/10,72.97,30.2025
2/15/10,72.97,30.2252
2/16/10,72.97,30.0268
2/17/10,72.97,30.1235
2/18/10,72.97,30.03
2/19/10,72.97,30.0125
2/20/10,72.97,30.0125
2/21/10,72.97,30.0125
2/22/10,72.97,29.985
2/23/10,72.97,29.99
2/24/10,72.97,30.021
2/25/10,72.97,30.0405
2/26/10,72.97,29.9485
2/27/10,72.97,29.9485
2/28/10,72.97,29.9485
3/1/10,77.03,29.9635
3/2/10,77.03,29.853
3/3/10,77.03,29.763
3/4/10,77.03,29.866
3/5/10,77.03,29.7916
3/6/10,77.03,29.7916
3/7/10,77.03,29.7916
3/8/10,77.03,29.753
3/9/10,77.03,29.744
3/10/10,77.03,29.568
3/11/10,77.03,29.474
3/12/10,77.03,29.2977
3/13/10,77.03,29.2977
3/14/10,77.03,29.2977
3/15/10,77.03,29.432
3/16/10,77.03,29.3458
3/17/10,77.03,29.1362
3/18/10,77.03,29.2924
3/19/10,77.03,29.3253
3/20/10,77.03,29.3253
3/21/10,77.03,29.3253
3/22/10,77.03,29.5268
3/23/10,77.03,29.5203
3/24/10,77.03,29.6675
3/25/10,77.03,29.58
3/26/10,77.03,29.6215
3/27/10,77.03,29.6215
3/28/10,77.03,29.6215
3/29/10,77.03,29.5263
3/30/10,77.03,29.507
3/31/10,77.03,29.4205
4/1/10,82.87,29.27
4/2/10,82.87,29.27
4/3/10,82.87,29.27
4/4/10,82.87,29.27
4/5/10,82.87,29.1888
4/6/10,82.87,29.3263
4/7/10,82.87,29.3095
4/8/10,82.87,29.4194
4/9/10,82.87,29.1525
4/10/10,82.87,29.1525
4/11/10,82.87,29.1525
4/12/10,82.87,29.0261
4/13/10,82.87,29.1
4/14/10,82.87,28.9194
4/15/10,82.87,29.0239
4/16/10,82.87,29.092
4/17/10,82.87,29.092
4/18/10,82.87,29.092
4/19/10,82.87,29.1835
4/20/10,82.87,29.1398
4/21/10,82.87,29.126
4/22/10,82.87,29.2218
4/23/10,82.87,29.1225
4/24/10,82.87,29.1225
4/25/10,82.87,29.1225
4/26/10,82.87,29.106
4/27/10,82.87,29.3462
4/28/10,82.87,29.44
4/29/10,82.87,29.1928
4/30/10,82.87,29.2537
5/1/10,73.05,29.2537
5/2/10,73.05,29.2537
5/3/10,73.05,29.355
5/4/10,73.05,29.6613
5/5/10,73.05,30.051
5/6/10,73.05,30.5988
5/7/10,73.05,30.615
5/8/10,73.05,30.615
5/9/10,73.05,30.615
5/10/10,73.05,30.1567
5/11/10,73.05,30.1548
5/12/10,73.05,29.9725
5/13/10,73.05,30.01
5/14/10,73.05,30.505
5/15/10,73.05,30.505
5/16/10,73.05,30.505
5/17/10,73.05,30.6575
5/18/10,73.05,30.435
5/19/10,73.05,30.8213
5/20/10,73.05,31.425
5/21/10,73.05,31.0775
5/22/10,73.05,31.0775
5/23/10,73.05,31.0775
5/24/10,73.05,30.9225
5/25/10,73.05,31.53
5/26/10,73.05,31.1425
5/27/10,73.05,30.5388
5/28/10,73.05,30.6575
5/29/10,73.05,30.6575
5/30/10,73.05,30.6575
5/31/10,73.05,30.9025
6/1/10,74.05,31.01
6/2/10,74.05,31.0625
6/3/10,74.05,31.09
6/4/10,74.05,31.4763
6/5/10,74.05,31.4763
6/6/10,74.05,31.4763
6/7/10,74.05,31.7775
6/8/10,74.05,31.8
6/9/10,74.05,31.4813
6/10/10,74.05,31.465
6/11/10,74.05,31.5816
6/12/10,74.05,31.5816
6/13/10,74.05,31.5816
6/14/10,74.05,31.654
6/15/10,74.05,31.2325
6/16/10,74.05,31.1388
6/17/10,74.05,31.043
6/18/10,74.05,30.9961
6/19/10,74.05,30.9961
6/20/10,74.05,30.9961
6/21/10,74.05,30.7851
6/22/10,74.05,30.8893
6/23/10,74.05,31.1599
6/24/10,74.05,31.0038
6/25/10,74.05,31.0306
6/26/10,74.05,31.0306
6/27/10,74.05,31.0306
6/28/10,74.05,31.0394
6/29/10,74.05,31.3363
6/30/10,74.05,31.2095
7/1/10,73.62,31.2763
7/2/10,73.62,31.115
7/3/10,73.62,31.115
7/4/10,73.62,31.115
7/5/10,73.62,31.175
7/6/10,73.62,30.9588
7/7/10,73.62,31.0638
7/8/10,73.62,30.9125
7/9/10,73.62,30.8425
7/10/10,73.62,30.8425
7/11/10,73.62,30.8425
7/12/10,73.62,30.8088
7/13/10,73.62,30.555
7/14/10,73.62,30.515
7/15/10,73.62,30.4775
7/16/10,73.62,30.5324
7/17/10,73.62,30.5324
7/18/10,73.62,30.5324
7/19/10,73.62,30.5088
7/20/10,73.62,30.4644
7/21/10,73.62,30.4562
7/22/10,73.62,30.3681
7/23/10,73.62,30.4063
7/24/10,73.62,30.4063
7/25/10,73.62,30.4063
7/26/10,73.62,30.23
7/27/10,73.62,30.2463
7/28/10,73.62,30.2488
7/29/10,73.62,30.1663
7/30/10,73.62,30.205
7/31/10,73.62,30.205
8/1/10,75.4,30.205
8/2/10,75.4,29.9625
8/3/10,75.4,29.685
8/4/10,75.4,29.825
8/5/10,75.4,29.8775
8/6/10,75.4,29.8113
8/7/10,75.4,29.8113
8/8/10,75.4,29.8113
8/9/10,75.4,29.91
8/10/10,75.4,30.115
8/11/10,75.4,30.4675
8/12/10,75.4,30.5113
8/13/10,75.4,30.5975
8/14/10,75.4,30.5975
8/15/10,75.4,30.5975
8/16/10,75.4,30.4793
8/17/10,75.4,30.3787
8/18/10,75.4,30.4169
8/19/10,75.4,30.5081
8/20/10,75.4,30.6525
8/21/10,75.4,30.6525
8/22/10,75.4,30.6525
8/23/10,75.4,30.6969
8/24/10,75.4,30.8538
8/25/10,75.4,30.9388
8/26/10,75.4,30.7663
8/27/10,75.4,30.6438
8/28/10,75.4,30.6438
8/29/10,75.4,30.6438
8/30/10,75.4,30.7238
8/31/10,75.4,30.8038
9/1/10,77.6,30.6938
9/2/10,77.6,30.7013
9/3/10,77.6,30.6313
9/4/10,77.6,30.6313
9/5/10,77.6,30.6313
9/6/10,77.6,30.6238
9/7/10,77.6,30.8813
9/8/10,77.6,30.8252
9/9/10,77.6,30.8675
9/10/10,77.6,30.8513
9/11/10,77.6,30.8513
9/12/10,77.6,30.8513
9/13/10,77.6,30.6438
9/14/10,77.6,30.5962
9/15/10,77.6,30.9788
9/16/10,77.6,31.16
9/17/10,77.6,31.0125
9/18/10,77.6,31.0125
9/19/10,77.6,31.0125
9/20/10,77.6,31.0088
9/21/10,77.6,31.0763
9/22/10,77.6,31.045
9/23/10,77.6,31
9/24/10,77.6,30.6925
9/25/10,77.6,30.6925
9/26/10,77.6,30.6925
9/27/10,77.6,30.5358
9/28/10,77.6,30.39
9/29/10,77.6,30.4085
9/30/10,77.6,30.535
10/1/10,81.49,30.4525
10/2/10,81.49,30.4525
10/3/10,81.49,30.4525
10/4/10,81.49,30.4692
10/5/10,81.49,30.0413
10/6/10,81.49,29.7325
10/7/10,81.49,29.8568
10/8/10,81.49,29.847
10/9/10,81.49,29.847
10/10/10,81.49,29.847
10/11/10,81.49,29.91
10/12/10,81.49,30.0791
10/13/10,81.49,30.0881
10/14/10,81.49,30.0625
10/15/10,81.49,30.3006
10/16/10,81.49,30.3006
10/17/10,81.49,30.3006
10/18/10,81.49,30.385
10/19/10,81.49,30.64
10/20/10,81.49,30.6769
10/21/10,81.49,30.5713
10/22/10,81.49,30.4244
10/23/10,81.49,30.4244
10/24/10,81.49,30.4244
10/25/10,81.49,30.3331
10/26/10,81.49,30.45
10/27/10,81.49,30.7421
10/28/10,81.49,30.6494
10/29/10,81.49,30.8006
10/30/10,81.49,30.8006
10/31/10,81.49,30.8006
11/1/10,84.9,30.8063
11/2/10,84.9,30.7419
11/3/10,84.9,30.8356
11/4/10,84.9,30.59
11/5/10,84.9,30.6319
11/6/10,84.9,30.6319
11/7/10,84.9,30.6319
11/8/10,84.9,30.7874
11/9/10,84.9,30.7106
11/10/10,84.9,30.6825
11/11/10,84.9,30.635
11/12/10,84.9,30.8588
11/13/10,84.9,30.8588
11/14/10,84.9,30.8588
11/15/10,84.9,30.9504
11/16/10,84.9,31.2564
11/17/10,84.9,31.3043
11/18/10,84.9,31.0538
11/19/10,84.9,31.095
11/20/10,84.9,31.095
11/21/10,84.9,31.095
11/22/10,84.9,31.1425
11/23/10,84.9,31.3863
11/24/10,84.9,31.2605
11/25/10,84.9,31.1666
11/26/10,84.9,31.3986
11/27/10,84.9,31.3986
11/28/10,84.9,31.3986
11/29/10,84.9,31.4386
11/30/10,84.9,31.4755
12/1/10,89.56,31.3824
12/2/10,89.56,31.1938
12/3/10,89.56,31.1838
12/4/10,89.56,31.1838
12/5/10,89.56,31.1838
12/6/10,89.56,31.2488
12/7/10,89.56,31.0663
12/8/10,89.56,31.098
12/9/10,89.56,30.925
12/10/10,89.56,30.9175
12/11/10,89.56,30.9175
12/12/10,89.56,30.9175
12/13/10,89.56,30.713
12/14/10,89.56,30.6737
12/15/10,89.56,30.6888
12/16/10,89.56,30.7575
12/17/10,89.56,30.8063
12/18/10,89.56,30.8063
12/19/10,89.56,30.8063
12/20/10,89.56,30.8326
12/21/10,89.56,30.7525
12/22/10,89.56,30.683
12/23/10,89.56,30.5875
12/24/10,89.56,30.4562
12/25/10,89.56,30.4562
12/26/10,89.56,30.4562
12/27/10,89.56,30.4025
12/28/10,89.56,30.3288
12/29/10,89.56,30.445
12/30/10,89.56,30.5875
12/31/10,89.56,30.537
1/1/11,93.82,30.537
1/2/11,93.82,30.537
1/3/11,93.82,30.552
1/4/11,93.82,30.577
1/5/11,93.82,30.4963
1/6/11,93.82,30.577
1/7/11,93.82,30.6412
1/8/11,93.82,30.6412
1/9/11,93.82,30.6412
1/10/11,93.82,30.577
1/11/11,93.82,30.5407
1/12/11,93.82,30.1919
1/13/11,93.82,29.9796
1/14/11,93.82,30.1067
1/15/11,93.82,30.1067
1/16/11,93.82,30.1067
1/17/11,93.82,29.9726
1/18/11,93.82,29.895
1/19/11,93.82,29.828
1/20/11,93.82,30.0045
1/21/11,93.82,29.9167
1/22/11,93.82,29.9167
1/23/11,93.82,29.9167
1/24/11,93.82,29.7752
1/25/11,93.82,29.785
1/26/11,93.82,29.7293
1/27/11,93.82,29.6533
1/28/11,93.82,29.7939
1/29/11,93.82,29.7939
1/30/11,93.82,29.7939
1/31/11,93.82,29.791
2/1/11,100.96,29.5042
2/2/11,100.96,29.457
2/3/11,100.96,29.413
2/4/11,100.96,29.4052
2/5/11,100.96,29.4052
2/6/11,100.96,29.4052
2/7/11,100.96,29.322
2/8/11,100.96,29.238
2/9/11,100.96,29.2774
2/10/11,100.96,29.3215
2/11/11,100.96,29.3232
2/12/11,100.96,29.3232
2/13/11,100.96,29.3232
2/14/11,100.96,29.273
2/15/11,100.96,29.2945
2/16/11,100.96,29.235
2/17/11,100.96,29.267
2/18/11,100.96,29.1666
2/19/11,100.96,29.1666
2/20/11,100.96,29.1666
2/21/11,100.96,29.1615
2/22/11,100.96,29.2807
2/23/11,100.96,29.1769
2/24/11,100.96,28.9957
2/25/11,100.96,28.8913
2/26/11,100.96,28.8913
2/27/11,100.96,28.8913
2/28/11,100.96,28.8705
3/1/11,111.27,28.7238
3/2/11,111.27,28.387
3/3/11,111.27,28.2145
3/4/11,111.27,28.1741
3/5/11,111.27,28.1741
3/6/11,111.27,28.1741
3/7/11,111.27,28.2416
3/8/11,111.27,28.255
3/9/11,111.27,28.3738
3/10/11,111.27,28.5456
3/11/11,111.27,28.615
3/12/11,111.27,28.615
3/13/11,111.27,28.615
3/14/11,111.27,28.508
3/15/11,111.27,28.737
3/16/11,111.27,28.701
3/17/11,111.27,28.6475
3/18/11,111.27,28.4442
3/19/11,111.27,28.4442
3/20/11,111.27,28.4442
3/21/11,111.27,28.2635
3/22/11,111.27,28.204
3/23/11,111.27,28.3555
3/24/11,111.27,28.2863
3/25/11,111.27,28.3294
3/26/11,111.27,28.3294
3/27/11,111.27,28.3294
3/28/11,111.27,28.33
3/29/11,111.27,28.3821
3/30/11,111.27,28.4829
3/31/11,111.27,28.418
4/1/11,119.33,28.3018
4/2/11,119.33,28.3018
4/3/11,119.33,28.3018
4/4/11,119.33,28.311
4/5/11,119.33,28.2812
4/6/11,119.33,28.217
4/7/11,119.33,28.2211
4/8/11,119.33,28.0369
4/9/11,119.33,28.0369
4/10/11,119.33,28.0369
4/11/11,119.33,28.0313
4/12/11,119.33,28.1114
4/13/11,119.33,28.201
4/14/11,119.33,28.2088
4/15/11,119.33,28.1317
4/16/11,119.33,28.1317
4/17/11,119.33,28.1317
4/18/11,119.33,28.332
4/19/11,119.33,28.3097
4/20/11,119.33,28.102
4/21/11,119.33,27.9605
4/22/11,119.33,28.0114
4/23/11,119.33,28.0114
4/24/11,119.33,28.0114
4/25/11,119.33,27.8724
4/26/11,119.33,27.7845
4/27/11,119.33,27.68
4/28/11,119.33,27.543
4/29/11,119.33,27.3848
4/30/11,119.33,27.3848
5/1/11,111.14,27.3848
5/2/11,111.14,27.2763
5/3/11,111.14,27.2996
5/4/11,111.14,27.3336
5/5/11,111.14,27.6389
5/6/11,111.14,27.7069
5/7/11,111.14,27.7069
5/8/11,111.14,27.7069
5/9/11,111.14,27.9473
5/10/11,111.14,27.7523
5/11/11,111.14,27.7981
5/12/11,111.14,27.9392
5/13/11,111.14,28.1475
5/14/11,111.14,28.1475
5/15/11,111.14,28.1475
5/16/11,111.14,28.0742
5/17/11,111.14,28.2136
5/18/11,111.14,27.9577
5/19/11,111.14,27.9479
5/20/11,111.14,28.1734
5/21/11,111.14,28.1734
5/22/11,111.14,28.1734
5/23/11,111.14,28.5023
5/24/11,111.14,28.3703
5/25/11,111.14,28.3696
5/26/11,111.14,28.2913
5/27/11,111.14,28.045
5/28/11,111.14,28.045
5/29/11,111.14,28.045
5/30/11,111.14,28.0919
5/31/11,111.14,27.994
6/1/11,111.54,27.9436
6/2/11,111.54,27.9116
6/3/11,111.54,27.8085
6/4/11,111.54,27.8085
6/5/11,111.54,27.8085
6/6/11,111.54,27.8239
6/7/11,111.54,27.717
6/8/11,111.54,27.7344
6/9/11,111.54,27.7359
6/10/11,111.54,27.9785
6/11/11,111.54,27.9785
6/12/11,111.54,27.9785
6/13/11,111.54,27.9863
6/14/11,111.54,27.8342
6/15/11,111.54,28.0667
6/16/11,111.54,28.1665
6/17/11,111.54,28.0526
6/18/11,111.54,28.0526
6/19/11,111.54,28.0526
6/20/11,111.54,28.0951
6/21/11,111.54,27.9195
6/22/11,111.54,27.9371
6/23/11,111.54,28.2788
6/24/11,111.54,28.2478
6/25/11,111.54,28.2478
6/26/11,111.54,28.2478
6/27/11,111.54,28.2377
6/28/11,111.54,28.11
6/29/11,111.54,27.929
6/30/11,111.54,27.8693
7/1/11,115.74,27.8175
7/2/11,115.74,27.8175
7/3/11,115.74,27.8175
7/4/11,115.74,27.7991
7/5/11,115.74,27.8554
7/6/11,115.74,27.985
7/7/11,115.74,27.9112
7/8/11,115.74,27.9881
7/9/11,115.74,27.9881
7/10/11,115.74,27.9881
7/11/11,115.74,28.2144
7/12/11,115.74,28.2961
7/13/11,115.74,28.0544
7/14/11,115.74,28.1284
7/15/11,115.74,28.0728
7/16/11,115.74,28.0728
7/17/11,115.74,28.0728
7/18/11,115.74,28.1981
7/19/11,115.74,28.0571
7/20/11,115.74,28.0065
7/21/11,115.74,27.7447
7/22/11,115.74,27.7703
7/23/11,115.74,27.7703
7/24/11,115.74,27.7703
7/25/11,115.74,27.7068
7/26/11,115.74,27.5101
7/27/11,115.74,27.5348
7/28/11,115.74,27.5961
7/29/11,115.74,27.6119
7/30/11,115.74,27.6119
7/31/11,115.74,27.6119
8/1/11,109.31,27.7956
8/2/11,109.31,27.8255
8/3/11,109.31,27.8744
8/4/11,109.31,28.1366
8/5/11,109.31,28.3321
8/6/11,109.31,28.3321
8/7/11,109.31,28.3321
8/8/11,109.31,28.9566
8/9/11,109.31,29.8781
8/10/11,109.31,29.8256
8/11/11,109.31,29.4888
8/12/11,109.31,29.101
8/13/11,109.31,29.101
8/14/11,109.31,29.101
8/15/11,109.31,28.6299
8/16/11,109.31,28.6758
8/17/11,109.31,28.791
8/18/11,109.31,29.0988
8/19/11,109.31,29.0048
8/20/11,109.31,29.0048
8/21/11,109.31,29.0048
8/22/11,109.31,29.1005
8/23/11,109.31,28.9525
8/24/11,109.31,28.9506
8/25/11,109.31,28.9342
8/26/11,109.31,28.8082
8/27/11,109.31,28.8082
8/28/11,109.31,28.8082
8/29/11,109.31,28.792
8/30/11,109.31,28.9127
8/31/11,109.31,28.8287
9/1/11,111.29,28.9655
9/2/11,111.29,29.1651
9/3/11,111.29,29.1651
9/4/11,111.29,29.1651
9/5/11,111.29,29.4625
9/6/11,111.29,29.6676
9/7/11,111.29,29.4833
9/8/11,111.29,29.6304
9/9/11,111.29,30.0495
9/10/11,111.29,30.0495
9/11/11,111.29,30.0495
9/12/11,111.29,30.3381
9/13/11,111.29,30.2323
9/14/11,111.29,30.4699
9/15/11,111.29,30.41
9/16/11,111.29,30.5518
9/17/11,111.29,30.5518
9/18/11,111.29,30.5518
9/19/11,111.29,31.2841
9/20/11,111.29,31.375
9/21/11,111.29,31.4041
9/22/11,111.29,32.0984
9/23/11,111.29,32.0776
9/24/11,111.29,32.0776
9/25/11,111.29,32.0776
9/26/11,111.29,32.404
9/27/11,111.29,31.6992
9/28/11,111.29,31.715
9/29/11,111.29,31.9553
9/30/11,111.29,32.184
10/1/11,108.24,32.184
10/2/11,108.24,32.184
10/3/11,108.24,32.5662
10/4/11,108.24,32.7211
10/5/11,108.24,32.5551
10/6/11,108.24,32.3778
10/7/11,108.24,32.3443
10/8/11,108.24,32.3443
10/9/11,108.24,32.3443
10/10/11,108.24,31.5611
10/11/11,108.24,31.545
10/12/11,108.24,31.1048
10/13/11,108.24,31.211
10/14/11,108.24,30.8775
10/15/11,108.24,30.8775
10/16/11,108.24,30.8775
10/17/11,108.24,30.9135
10/18/11,108.24,31.1585
10/19/11,108.24,31.0175
10/20/11,108.24,31.51
10/21/11,108.24,31.0985
10/22/11,108.24,31.0985
10/23/11,108.24,31.0985
10/24/11,108.24,30.5906
10/25/11,108.24,30.5077
10/26/11,108.24,30.6963
10/27/11,108.24,29.9142
10/28/11,108.24,29.8082
10/29/11,108.24,29.8082
10/30/11,108.24,29.8082
10/31/11,108.24,30.2417
11/1/11,110.43,30.8002
11/2/11,110.43,30.6878
11/3/11,110.43,30.4739
11/4/11,110.43,30.6876
11/5/11,110.43,30.6876
11/6/11,110.43,30.6876
11/7/11,110.43,30.5278
11/8/11,110.43,30.3183
11/9/11,110.43,30.5775
11/10/11,110.43,30.642
11/11/11,110.43,30.2868
11/12/11,110.43,30.2868
11/13/11,110.43,30.2868
11/14/11,110.43,30.5404
11/15/11,110.43,30.6889
11/16/11,110.43,30.7313
11/17/11,110.43,30.8204
11/18/11,110.43,30.858
11/19/11,110.43,30.858
11/20/11,110.43,30.858
11/21/11,110.43,31.1629
11/22/11,110.43,31.0915
11/23/11,110.43,31.5076
11/24/11,110.43,31.4819
11/25/11,110.43,31.5213
11/26/11,110.43,31.5213
11/27/11,110.43,31.5213
11/28/11,110.43,31.38
11/29/11,110.43,31.241
11/30/11,110.43,30.6995
12/1/11,107.9,30.7371
12/2/11,107.9,30.9472
12/3/11,107.9,30.9472
12/4/11,107.9,30.9472
12/5/11,107.9,30.887
12/6/11,107.9,31.3649
12/7/11,107.9,31.2797
12/8/11,107.9,31.473
12/9/11,107.9,31.491
12/10/11,107.9,31.491
12/11/11,107.9,31.491
12/12/11,107.9,31.661
12/13/11,107.9,31.6916
12/14/11,107.9,31.8814
12/15/11,107.9,31.846
12/16/11,107.9,31.9842
12/17/11,107.9,31.9842
12/18/11,107.9,31.9842
12/19/11,107.9,32.0979
12/20/11,107.9,31.9908
12/21/11,107.9,31.7474
12/22/11,107.9,31.3513
12/23/11,107.9,31.1815
12/24/11,107.9,31.1815
12/25/11,107.9,31.1815
12/26/11,107.9,31.1358
12/27/11,107.9,31.4431
12/28/11,107.9,31.7946
12/29/11,107.9,32.1228
12/30/11,107.9,32.137
12/31/11,107.9,32.137
1/1/12,109.91,32.137
1/2/12,109.91,32.1488
1/3/12,109.91,31.6979
1/4/12,109.91,31.8402
1/5/12,109.91,32.0474
1/6/12,109.91,31.98
1/7/12,109.91,31.98
1/8/12,109.91,31.98
1/9/12,109.91,31.9476
1/10/12,109.91,31.5683
1/11/12,109.91,31.7463
1/12/12,109.91,31.5781
1/13/12,109.91,31.8525
1/14/12,109.91,31.8525
1/15/12,109.91,31.8525
1/16/12,109.91,31.694
1/17/12,109.91,31.6187
1/18/12,109.91,31.4757
1/19/12,109.91,31.3084
1/20/12,109.91,31.3227
1/21/12,109.91,31.3227
1/22/12,109.91,31.3227
1/23/12,109.91,30.865
1/24/12,109.91,30.79
1/25/12,109.91,30.7148
1/26/12,109.91,30.2313
1/27/12,109.91,30.1197
1/28/12,109.91,30.1197
1/29/12,109.91,30.1197
1/30/12,109.91,30.414
1/31/12,109.91,30.343
2/1/12,119.03,30.1284
2/2/12,119.03,30.1827
2/3/12,119.03,30.192
2/4/12,119.03,30.192
2/5/12,119.03,30.192
2/6/12,119.03,30.1175
2/7/12,119.03,29.825
2/8/12,119.03,29.7476
2/9/12,119.03,29.6998
2/10/12,119.03,30.0431
2/11/12,119.03,30.0431
2/12/12,119.03,30.0431
2/13/12,119.03,29.875
2/14/12,119.03,30.0675
2/15/12,119.03,30.027
2/16/12,119.03,30.1096
2/17/12,119.03,29.9377
2/18/12,119.03,29.9377
2/19/12,119.03,29.9377
2/20/12,119.03,29.7727
2/21/12,119.03,29.7332
2/22/12,119.03,29.6853
2/23/12,119.03,29.5989
2/24/12,119.03,29.1696
2/25/12,119.03,29.1696
2/26/12,119.03,29.1696
2/27/12,119.03,29
2/28/12,119.03,28.967
2/29/12,119.03,29.1738
3/1/12,122.52,29.1984
3/2/12,122.52,29.3099
3/3/12,122.52,29.3099
3/4/12,122.52,29.3099
3/5/12,122.52,29.3422
3/6/12,122.52,29.628
3/7/12,122.52,29.6272
3/8/12,122.52,29.3757
3/9/12,122.52,29.4223
3/10/12,122.52,29.4223
3/11/12,122.52,29.4223
3/12/12,122.52,29.6042
3/13/12,122.52,29.4191
3/14/12,122.52,29.5218
3/15/12,122.52,29.3623
3/16/12,122.52,29.2497
3/17/12,122.52,29.2497
3/18/12,122.52,29.2497
3/19/12,122.52,29.161
3/20/12,122.52,29.2484
3/21/12,122.52,29.2657
3/22/12,122.52,29.4403
3/23/12,122.52,29.2735
3/24/12,122.52,29.2735
3/25/12,122.52,29.2735
3/26/12,122.52,28.9803
3/27/12,122.52,29.0392
3/28/12,122.52,29.4107
3/29/12,122.52,29.4996
3/30/12,122.52,29.347
3/31/12,122.52,29.347
4/1/12,117.87,29.347
4/2/12,117.87,29.2846
4/3/12,117.87,29.2004
4/4/12,117.87,29.472
4/5/12,117.87,29.4563
4/6/12,117.87,29.5593
4/7/12,117.87,29.5593
4/8/12,117.87,29.5593
4/9/12,117.87,29.6495
4/10/12,117.87,29.8034
4/11/12,117.87,29.6549
4/12/12,117.87,29.4225
4/13/12,117.87,29.603
4/14/12,117.87,29.603
4/15/12,117.87,29.603
4/16/12,117.87,29.639
4/17/12,117.87,29.4798
4/18/12,117.87,29.5214
4/19/12,117.87,29.5287
4/20/12,117.87,29.4414
4/21/12,117.87,29.4414
4/22/12,117.87,29.4414
4/23/12,117.87,29.5409
4/24/12,117.87,29.348
4/25/12,117.87,29.353
4/26/12,117.87,29.3252
4/27/12,117.87,29.3128
4/28/12,117.87,29.3128
4/29/12,117.87,29.3128
4/30/12,117.87,29.382
5/1/12,109.2,29.3485
5/2/12,109.2,29.4138
5/3/12,109.2,29.5375
5/4/12,109.2,29.786
5/5/12,109.2,29.786
5/6/12,109.2,29.786
5/7/12,109.2,30.0013
5/8/12,109.2,30.172
5/9/12,109.2,30.3622
5/10/12,109.2,30.1318
5/11/12,109.2,30.1433
5/12/12,109.2,30.1433
5/13/12,109.2,30.1433
5/14/12,109.2,30.3834
5/15/12,109.2,30.6019
5/16/12,109.2,31.0024
5/17/12,109.2,31.0875
5/18/12,109.2,31.3026
5/19/12,109.2,31.3026
5/20/12,109.2,31.3026
5/21/12,109.2,31.1257
5/22/12,109.2,31.1798
5/23/12,109.2,31.7752
5/24/12,109.2,31.7793
5/25/12,109.2,32.065
5/26/12,109.2,32.065
5/27/12,109.2,32.065
5/28/12,109.2,32.0998
5/29/12,109.2,32.3396
5/30/12,109.2,32.8094
5/31/12,109.2,33.412
6/1/12,93.74,33.6741
6/2/12,93.74,33.6741
6/3/12,93.74,33.6741
6/4/12,93.74,33.5148
6/5/12,93.74,33.0691
6/6/12,93.74,32.3401
6/7/12,93.74,32.2827
6/8/12,93.74,32.4898
6/9/12,93.74,32.4898
6/10/12,93.74,32.4898
6/11/12,93.74,32.814
6/12/12,93.74,32.992
6/13/12,93.74,32.4869
6/14/12,93.74,32.5015
6/15/12,93.74,32.3521
6/16/12,93.74,32.3521
6/17/12,93.74,32.3521
6/18/12,93.74,32.4103
6/19/12,93.74,32.3505
6/20/12,93.74,32.596
6/21/12,93.74,33.1951
6/22/12,93.74,33.1542
6/23/12,93.74,33.1542
6/24/12,93.74,33.1542
6/25/12,93.74,33.2624
6/26/12,93.74,32.864
6/27/12,93.74,32.9585
6/28/12,93.74,33.1045
6/29/12,93.74,32.4246
6/30/12,93.74,32.4246
7/1/12,102.78,32.4246
7/2/12,102.78,32.5424
7/3/12,102.78,32.0925
7/4/12,102.78,32.331
7/5/12,102.78,32.4945
7/6/12,102.78,32.8995
7/7/12,102.78,32.8995
7/8/12,102.78,32.8995
7/9/12,102.78,32.9396
7/10/12,102.78,32.8803
7/11/12,102.78,32.6875
7/12/12,102.78,32.715
7/13/12,102.78,32.5826
7/14/12,102.78,32.5826
7/15/12,102.78,32.5826
7/16/12,102.78,32.526
7/17/12,102.78,32.4376
7/18/12,102.78,32.2431
7/19/12,102.78,31.8275
7/20/12,102.78,32.0398
7/21/12,102.78,32.0398
7/22/12,102.78,32.0398
7/23/12,102.78,32.6266
7/24/12,102.78,32.9805
7/25/12,102.78,32.7613
7/26/12,102.78,32.3628
7/27/12,102.78,32.0788
7/28/12,102.78,32.0788
7/29/12,102.78,32.0788
7/30/12,102.78,32.18
7/31/12,102.78,32.2004
8/1/12,113.09,32.3044
8/2/12,113.09,32.6065
8/3/12,113.09,31.96
8/4/12,113.09,31.96
8/5/12,113.09,31.96
8/6/12,113.09,31.5286
8/7/12,113.09,31.5412
8/8/12,113.09,31.5319
8/9/12,113.09,31.7673
8/10/12,113.09,31.8078
8/11/12,113.09,31.8078
8/12/12,113.09,31.8078
8/13/12,113.09,31.8651
8/14/12,113.09,31.8545
8/15/12,113.09,31.87
8/16/12,113.09,31.8585
8/17/12,113.09,32.0443
8/18/12,113.09,32.0443
8/19/12,113.09,32.0443
8/20/12,113.09,32.07
8/21/12,113.09,31.7675
8/22/12,113.09,31.9053
8/23/12,113.09,31.6755
8/24/12,113.09,31.794
8/25/12,113.09,31.794
8/26/12,113.09,31.794
8/27/12,113.09,31.9325
8/28/12,113.09,31.9806
8/29/12,113.09,32.219
8/30/12,113.09,32.5643
8/31/12,113.09,32.3078
9/1/12,111.73,32.3078
9/2/12,111.73,32.3078
9/3/12,111.73,32.2773
9/4/12,111.73,32.3165
9/5/12,111.73,32.2673
9/6/12,111.73,31.9858
9/7/12,111.73,31.646
9/8/12,111.73,31.646
9/9/12,111.73,31.646
9/10/12,111.73,31.6516
9/11/12,111.73,31.477
9/12/12,111.73,31.478
9/13/12,111.73,31.2321
9/14/12,111.73,30.4579
9/15/12,111.73,30.4579
9/16/12,111.73,30.4579
9/17/12,111.73,30.6051
9/18/12,111.73,30.9154
9/19/12,111.73,31.1801
9/20/12,111.73,31.244
9/21/12,111.73,31.02
9/22/12,111.73,31.02
9/23/12,111.73,31.02
9/24/12,111.73,31.1566
9/25/12,111.73,31.0544
9/26/12,111.73,31.332
9/27/12,111.73,31.02
9/28/12,111.73,31.18
9/29/12,111.73,31.18
9/30/12,111.73,31.18
10/1/12,110.23,31.1055
10/2/12,110.23,31.08
10/3/12,110.23,31.1674
10/4/12,110.23,30.9221
10/5/12,110.23,30.9943
10/6/12,110.23,30.9943
10/7/12,110.23,30.9943
10/8/12,110.23,31.1483
10/9/12,110.23,31.165
10/10/12,110.23,31.1515
10/11/12,110.23,31.022
10/12/12,110.23,31.106
10/13/12,110.23,31.106
10/14/12,110.23,31.106
10/15/12,110.23,31.0598
10/16/12,110.23,30.8706
10/17/12,110.23,30.7569
10/18/12,110.23,30.7457
10/19/12,110.23,30.8913
10/20/12,110.23,30.8913
10/21/12,110.23,30.8913
10/22/12,110.23,31.1115
10/23/12,110.23,31.4245
10/24/12,110.23,31.4335
10/25/12,110.23,31.335
10/26/12,110.23,31.3804
10/27/12,110.23,31.3804
10/28/12,110.23,31.3804
10/29/12,110.23,31.5085
10/30/12,110.23,31.3685
10/31/12,110.23,31.353
11/1/12,108.65,31.2946
11/2/12,108.65,31.4725
11/3/12,108.65,31.4725
11/4/12,108.65,31.4725
11/5/12,108.65,31.6267
11/6/12,108.65,31.426
11/7/12,108.65,31.5179
11/8/12,108.65,31.54
11/9/12,108.65,31.575
11/10/12,108.65,31.575
11/11/12,108.65,31.575
11/12/12,108.65,31.6335
11/13/12,108.65,31.7394
11/14/12,108.65,31.7167
11/15/12,108.65,31.6657
11/16/12,108.65,31.7404
11/17/12,108.65,31.7404
11/18/12,108.65,31.7404
11/19/12,108.65,31.4305
11/20/12,108.65,31.2955
11/21/12,108.65,31.1763
11/22/12,108.65,31.181
11/23/12,108.65,31.0653
11/24/12,108.65,31.0653
11/25/12,108.65,31.0653
11/26/12,108.65,31.0295
11/27/12,108.65,31.056
11/28/12,108.65,31.1428
11/29/12,108.65,30.9068
11/30/12,108.65,30.8806
12/1/12,108.6,30.8806
12/2/12,108.6,30.8806
12/3/12,108.6,30.902
12/4/12,108.6,30.8595
12/5/12,108.6,30.7728
12/6/12,108.6,30.895
12/7/12,108.6,30.8138
12/8/12,108.6,30.8138
12/9/12,108.6,30.8138
12/10/12,108.6,30.7341
12/11/12,108.6,30.7132
12/12/12,108.6,30.587
12/13/12,108.6,30.6923
12/14/12,108.6,30.7147
12/15/12,108.6,30.7147
12/16/12,108.6,30.7147
12/17/12,108.6,30.9979
12/18/12,108.6,30.7473
12/19/12,108.6,30.764
12/20/12,108.6,30.7075
12/21/12,108.6,30.8341
12/22/12,108.6,30.8341
12/23/12,108.6,30.8341
12/24/12,108.6,30.6028
12/25/12,108.6,30.651
12/26/12,108.6,30.5662
12/27/12,108.6,30.3234
12/28/12,108.6,30.345
12/29/12,108.6,30.345
12/30/12,108.6,30.345
12/31/12,108.6,30.525
1/1/13,111.92,30.558
1/2/13,111.92,30.173
1/3/13,111.92,30.169
1/4/13,111.92,30.389
1/5/13,111.92,30.389
1/6/13,111.92,30.389
1/7/13,111.92,30.36
1/8/13,111.92,30.3158
1/9/13,111.92,30.3389
1/10/13,111.92,30.2356
1/11/13,111.92,30.3343
1/12/13,111.92,30.3343
1/13/13,111.92,30.3343
1/14/13,111.92,30.249
1/15/13,111.92,30.267
1/16/13,111.92,30.2958
1/17/13,111.92,30.2297
1/18/13,111.92,30.2759
1/19/13,111.92,30.2759
1/20/13,111.92,30.2759
1/21/13,111.92,30.2657
1/22/13,111.92,30.243
1/23/13,111.92,30.1831
1/24/13,111.92,30.0531
1/25/13,111.92,30.0364
1/26/13,111.92,30.0364
1/27/13,111.92,30.0364
1/28/13,111.92,30.1898
1/29/13,111.92,30.0457
1/30/13,111.92,30.0337
1/31/13,111.92,30.0056
2/1/13,114.51,29.8546
2/2/13,114.51,29.8546
2/3/13,114.51,29.8546
2/4/13,114.51,30.0573
2/5/13,114.51,29.9601
2/6/13,114.51,30.0848
2/7/13,114.51,30.2308
2/8/13,114.51,30.1498
2/9/13,114.51,30.1498
2/10/13,114.51,30.1498
2/11/13,114.51,30.1723
2/12/13,114.51,30.0502
2/13/13,114.51,30.056
2/14/13,114.51,30.1118
2/15/13,114.51,30.1185
2/16/13,114.51,30.1185
2/17/13,114.51,30.1185
2/18/13,114.51,30.1225
2/19/13,114.51,30.0811
2/20/13,114.51,30.1672
2/21/13,114.51,30.4674
2/22/13,114.51,30.4491
2/23/13,114.51,30.4491
2/24/13,114.51,30.4491
2/25/13,114.51,30.4373
2/26/13,114.51,30.6784
2/27/13,114.51,30.5434
2/28/13,114.51,30.6036
3/1/13,107.4,30.7353
3/2/13,107.4,30.7353
3/3/13,107.4,30.7353
3/4/13,107.4,30.7885
3/5/13,107.4,30.6737
3/6/13,107.4,30.7477
3/7/13,107.4,30.7049
3/8/13,107.4,30.7848
3/9/13,107.4,30.7848
3/10/13,107.4,30.7848
3/11/13,107.4,30.7463
3/12/13,107.4,30.7158
3/13/13,107.4,30.8165
3/14/13,107.4,30.7272
3/15/13,107.4,30.645
3/16/13,107.4,30.645
3/17/13,107.4,30.645
3/18/13,107.4,30.7713
3/19/13,107.4,30.981
3/20/13,107.4,30.8602
3/21/13,107.4,30.916
3/22/13,107.4,30.819
3/23/13,107.4,30.819
3/24/13,107.4,30.819
3/25/13,107.4,30.9377
3/26/13,107.4,30.9056
3/27/13,107.4,31.0605
3/28/13,107.4,31.1004
3/29/13,107.4,31.0564
3/30/13,107.4,31.0564
3/31/13,107.4,31.0564
4/1/13,101.99,31.0848
4/2/13,101.99,31.303
4/3/13,101.99,31.5949
4/4/13,101.99,31.6348
4/5/13,101.99,31.5458
4/6/13,101.99,31.5458
4/7/13,101.99,31.5458
4/8/13,101.99,31.267
4/9/13,101.99,31.0274
4/10/13,101.99,30.878
4/11/13,101.99,30.8276
4/12/13,101.99,31.0859
4/13/13,101.99,31.0859
4/14/13,101.99,31.0859
4/15/13,101.99,31.4145
4/16/13,101.99,31.3073
4/17/13,101.99,31.8425
4/18/13,101.99,31.5845
4/19/13,101.99,31.7211
4/20/13,101.99,31.7211
4/21/13,101.99,31.7211
4/22/13,101.99,31.5805
4/23/13,101.99,31.6055
4/24/13,101.99,31.4705
4/25/13,101.99,31.1382
4/26/13,101.99,31.2733
4/27/13,101.99,31.2733
4/28/13,101.99,31.2733
4/29/13,101.99,30.941
4/30/13,101.99,31.0622
5/1/13,103.34,31.332
5/2/13,103.34,31.2024
5/3/13,103.34,31.047
5/4/13,103.34,31.047
5/5/13,103.34,31.047
5/6/13,103.34,31.0455
5/7/13,103.34,31.0444
5/8/13,103.34,31.0978
5/9/13,103.34,31.136
5/10/13,103.34,31.4208
5/11/13,103.34,31.4208
5/12/13,103.34,31.4208
5/13/13,103.34,31.3368
5/14/13,103.34,31.3391
5/15/13,103.34,31.5049
5/16/13,103.34,31.3426
5/17/13,103.34,31.4358
5/18/13,103.34,31.4358
5/19/13,103.34,31.4358
5/20/13,103.34,31.2546
5/21/13,103.34,31.2116
5/22/13,103.34,31.2825
5/23/13,103.34,31.3906
5/24/13,103.34,31.384
5/25/13,103.34,31.384
5/26/13,103.34,31.384
5/27/13,103.34,31.3538
5/28/13,103.34,31.4907
5/29/13,103.34,31.6288
5/30/13,103.34,31.708
5/31/13,103.34,31.8777
6/1/13,102.62,31.8777
6/2/13,102.62,31.8777
6/3/13,102.62,31.7918
6/4/13,102.62,31.9496
6/5/13,102.62,32.1816
6/6/13,102.62,32.1964
6/7/13,102.62,32.1608
6/8/13,102.62,32.1608
6/9/13,102.62,32.1608
6/10/13,102.62,32.2928
6/11/13,102.62,32.4141
6/12/13,102.62,32.1998
6/13/13,102.62,31.9724
6/14/13,102.62,31.7216
6/15/13,102.62,31.7216
6/16/13,102.62,31.7216
6/17/13,102.62,31.7465
6/18/13,102.62,31.99
6/19/13,102.62,32.248
6/20/13,102.62,32.8488
6/21/13,102.62,32.825
6/22/13,102.62,32.825
6/23/13,102.62,32.825
6/24/13,102.62,32.9305
6/25/13,102.62,32.8571
6/26/13,102.62,32.9538
6/27/13,102.62,32.7739
6/28/13,102.62,32.8395
6/29/13,102.62,32.8395
6/30/13,102.62,32.8395
7/1/13,108.6204,32.9608
7/2/13,108.6204,33.1044
7/3/13,108.6204,33.1418
7/4/13,108.6204,33.204
7/5/13,108.6204,33.3168
7/6/13,108.6204,33.3168
7/7/13,108.6204,33.3168
7/8/13,108.6204,33.2056
7/9/13,108.6204,33.0257
7/10/13,108.6204,32.9184
7/11/13,108.6204,32.5831
7/12/13,108.6204,32.6265
7/13/13,108.6204,32.6265
7/14/13,108.6204,32.6265
7/15/13,108.6204,32.5988
7/16/13,108.6204,32.4319
7/17/13,108.6204,32.3405
7/18/13,108.6204,32.4684
7/19/13,108.6204,32.3685
7/20/13,108.6204,32.3685
7/21/13,108.6204,32.3685
7/22/13,108.6204,32.3089
7/23/13,108.6204,32.3327
7/24/13,108.6204,32.4535
7/25/13,108.6204,32.6917
7/26/13,108.6204,32.8227
7/27/13,108.6204,32.8227
7/28/13,108.6204,32.8227
7/29/13,108.6204,32.8093
7/30/13,108.6204,32.9631
7/31/13,108.6204,33.0038
8/1/13,111.8138,33.085
8/2/13,111.8138,32.8188
8/3/13,111.8138,32.8188
8/4/13,111.8138,32.8188
8/5/13,111.8138,32.9233
8/6/13,111.8138,32.9628
8/7/13,111.8138,32.9758
8/8/13,111.8138,32.8086
8/9/13,111.8138,32.8618
8/10/13,111.8138,32.8618
8/11/13,111.8138,32.8618
8/12/13,111.8138,33
8/13/13,111.8138,33.0879
8/14/13,111.8138,33.0841
8/15/13,111.8138,32.9786
8/16/13,111.8138,32.9267
8/17/13,111.8138,32.9267
8/18/13,111.8138,32.9267
8/19/13,111.8138,32.945
8/20/13,111.8138,32.9271
8/21/13,111.8138,33.1081
8/22/13,111.8138,33.0424
8/23/13,111.8138,33.004
8/24/13,111.8138,33.004
8/25/13,111.8138,33.004
8/26/13,111.8138,33.0381
8/27/13,111.8138,33.1518
8/28/13,111.8138,33.1724
8/29/13,111.8138,33.2106
8/30/13,111.8138,33.2923
8/31/13,111.8138,33.2923
9/1/13,111.3933,33.2923
9/2/13,111.3933,33.3696
9/3/13,111.3933,33.5163
9/4/13,111.3933,33.3174
9/5/13,111.3933,33.4323
9/6/13,111.3933,33.3165
9/7/13,111.3933,33.3165
9/8/13,111.3933,33.3165
9/9/13,111.3933,33.152
9/10/13,111.3933,32.9772
9/11/13,111.3933,32.8066
9/12/13,111.3933,32.6452
9/13/13,111.3933,32.4693
9/14/13,111.3933,32.4693
9/15/13,111.3933,32.4693
9/16/13,111.3933,32.267
9/17/13,111.3933,32.2115
9/18/13,111.3933,32.2723
9/19/13,111.3933,31.6684
9/20/13,111.3933,31.8142
9/21/13,111.3933,31.8142
9/22/13,111.3933,31.8142
9/23/13,111.3933,31.7907
9/24/13,111.3933,31.8642
9/25/13,111.3933,32.0572
9/26/13,111.3933,32.314
9/27/13,111.3933,32.3319
9/28/13,111.3933,32.3319
9/29/13,111.3933,32.3319
9/30/13,111.3933,32.3906
10/1/13,108.1613,32.2254
10/2/13,108.1613,32.2068
10/3/13,108.1613,32.1843
10/4/13,108.1613,32.1799
10/5/13,108.1613,32.1799
10/6/13,108.1613,32.1799
10/7/13,108.1613,32.2487
10/8/13,108.1613,32.3952
10/9/13,108.1613,32.3809
10/10/13,108.1613,32.2031
10/11/13,108.1613,32.293
10/12/13,108.1613,32.293
10/13/13,108.1613,32.293
10/14/13,108.1613,32.3021
10/15/13,108.1613,32.253
10/16/13,108.1613,32.1211
10/17/13,108.1613,31.8895
10/18/13,108.1613,31.8246
10/19/13,108.1613,31.8246
10/20/13,108.1613,31.8246
10/21/13,108.1613,31.9543
10/22/13,108.1613,31.6832
10/23/13,108.1613,31.7467
10/24/13,108.1613,31.7158
10/25/13,108.1613,31.8098
10/26/13,108.1613,31.8098
10/27/13,108.1613,31.8098
10/28/13,108.1613,31.9267
10/29/13,108.1613,32.0679
10/30/13,108.1613,31.9258
10/31/13,108.1613,32.0913
11/1/13,107.9176,32.3998
11/2/13,107.9176,32.3998
11/3/13,107.9176,32.3998
11/4/13,107.9176,32.3386
11/5/13,107.9176,32.5493
11/6/13,107.9176,32.4063
11/7/13,107.9176,32.3895
11/8/13,107.9176,32.6467
11/9/13,107.9176,32.6467
11/10/13,107.9176,32.6467
11/11/13,107.9176,32.8277
11/12/13,107.9176,32.8955
11/13/13,107.9176,32.7599
11/14/13,107.9176,32.6528
11/15/13,107.9176,32.587
11/16/13,107.9176,32.587
11/17/13,107.9176,32.587
11/18/13,107.9176,32.5478
11/19/13,107.9176,32.7137
11/20/13,107.9176,32.902
11/21/13,107.9176,33.0308
11/22/13,107.9176,32.7643
11/23/13,107.9176,32.7643
11/24/13,107.9176,32.7643
11/25/13,107.9176,32.9554
11/26/13,107.9176,32.9762
11/27/13,107.9176,33.1924
11/28/13,107.9176,33.167
11/29/13,107.9176,33.12
11/30/13,107.9176,33.12
12/1/13,110.622,33.12
12/2/13,110.622,33.223
12/3/13,110.622,33.26
12/4/13,110.622,33.1917
12/5/13,110.622,32.966
12/6/13,110.622,32.723
12/7/13,110.622,32.723
12/8/13,110.622,32.723
12/9/13,110.622,32.7574
12/10/13,110.622,32.7223
12/11/13,110.622,32.7607
12/12/13,110.622,32.7973
12/13/13,110.622,32.8727
12/14/13,110.622,32.8727
12/15/13,110.622,32.8727
12/16/13,110.622,32.9007
12/17/13,110.622,32.946
12/18/13,110.622,32.87
12/19/13,110.622,32.9706
12/20/13,110.622,32.9925
12/21/13,110.622,32.9925
12/22/13,110.622,32.9925
12/23/13,110.622,32.6319
12/24/13,110.622,32.6349
12/25/13,110.622,32.6843
12/26/13,110.622,32.6608
12/27/13,110.622,32.5794
12/28/13,110.622,32.5794
12/29/13,110.622,32.5794
12/30/13,110.622,32.8445
12/31/13,110.622,32.8696
1/1/14,107.1991,32.855
1/2/14,107.1991,33.0887
1/3/14,107.1991,33.1969
1/4/14,107.1991,33.1969
1/5/14,107.1991,33.1969
1/6/14,107.1991,33.2337
1/7/14,107.1991,33.1449
1/8/14,107.1991,33.1982
1/9/14,107.1991,33.2311
1/10/14,107.1991,33.0562
1/11/14,107.1991,33.0562
1/12/14,107.1991,33.0562
1/13/14,107.1991,33.2802
1/14/14,107.1991,33.3149
1/15/14,107.1991,33.3672
1/16/14,107.1991,33.4171
1/17/14,107.1991,33.5557
1/18/14,107.1991,33.5557
1/19/14,107.1991,33.5557
1/20/14,107.1991,33.764
1/21/14,107.1991,33.9399
1/22/14,107.1991,33.9546
1/23/14,107.1991,34.0892
1/24/14,107.1991,34.5518
1/25/14,107.1991,34.5518
1/26/14,107.1991,34.5518
1/27/14,107.1991,34.73
1/28/14,107.1991,34.8348
1/29/14,107.1991,35.087
1/30/14,107.1991,34.8651
1/31/14,107.1991,35.1537
2/1/14,107.988,35.1537
2/2/14,107.988,35.1537
2/3/14,107.988,35.4498
2/4/14,107.988,35.0616
2/5/14,107.988,34.9115
2/6/14,107.988,34.6628
2/7/14,107.988,34.7567
2/8/14,107.988,34.7567
2/9/14,107.988,34.7567
2/10/14,107.988,34.7578
2/11/14,107.988,34.738
2/12/14,107.988,34.8296
2/13/14,107.988,35.1693
2/14/14,107.988,35.1651
2/15/14,107.988,35.1651
2/16/14,107.988,35.1651
2/17/14,107.988,35.2477
2/18/14,107.988,35.4425
2/19/14,107.988,35.6545
2/20/14,107.988,35.7781
2/21/14,107.988,35.5325
2/22/14,107.988,35.5325
2/23/14,107.988,35.5325
2/24/14,107.988,35.4719
2/25/14,107.988,35.6699
2/26/14,107.988,36.0197
2/27/14,107.988,36.11
2/28/14,107.988,35.8641
3/1/14,106.8776,35.8641
3/2/14,106.8776,35.8641
3/3/14,106.8776,36.5809
3/4/14,106.8776,36.1033
3/5/14,106.8776,36.1039
3/6/14,106.8776,36.1806
3/7/14,106.8776,36.4476
3/8/14,106.8776,36.4476
3/9/14,106.8776,36.4476
3/10/14,106.8776,36.3512
3/11/14,106.8776,36.5151
3/12/14,106.8776,36.5047
3/13/14,106.8776,36.5435
3/14/14,106.8776,36.6326
3/15/14,106.8776,36.6326
3/16/14,106.8776,36.6326
3/17/14,106.8776,36.2678
3/18/14,106.8776,36.2463
3/19/14,106.8776,35.9645
3/20/14,106.8776,36.1726
3/21/14,106.8776,36.243
3/22/14,106.8776,36.243
3/23/14,106.8776,36.243
3/24/14,106.8776,36.1211
3/25/14,106.8776,35.5995
3/26/14,106.8776,35.5279
3/27/14,106.8776,35.6218
3/28/14,106.8776,35.7626
3/29/14,106.8776,35.7626
3/30/14,106.8776,35.7626
3/31/14,106.8776,35.1734
4/1/14,107.076,35.0797
4/2/14,107.076,35.418
4/3/14,107.076,35.5767
4/4/14,107.076,35.2722
4/5/14,107.076,35.2722
4/6/14,107.076,35.2722
4/7/14,107.076,35.6383
4/8/14,107.076,35.6783
4/9/14,107.076,35.6511
4/10/14,107.076,35.5219
4/11/14,107.076,35.644
4/12/14,107.076,35.644
4/13/14,107.076,35.644
4/14/14,107.076,35.9189
4/15/14,107.076,36.1838
4/16/14,107.076,35.9947
4/17/14,107.076,35.6124
4/18/14,107.076,35.5736
4/19/14,107.076,35.5736
4/20/14,107.076,35.5736
4/21/14,107.076,35.6945
4/22/14,107.076,35.6912
4/23/14,107.076,35.6775
4/24/14,107.076,35.7356
4/25/14,107.076,36.0385
4/26/14,107.076,36.0385
4/27/14,107.076,36.0385
4/28/14,107.076,35.8774
4/29/14,107.076,35.6498
4/30/14,107.076,35.6632
5/1/14,107.843,35.641
5/2/14,107.843,35.8378
5/3/14,107.843,35.8378
5/4/14,107.843,35.8378
5/5/14,107.843,35.7349
5/6/14,107.843,35.3861
5/7/14,107.843,34.9422
5/8/14,107.843,35.0286
5/9/14,107.843,35.227
5/10/14,107.843,35.227
5/11/14,107.843,35.227
5/12/14,107.843,35.0888
5/13/14,107.843,34.8408
5/14/14,107.843,34.618
5/15/14,107.843,34.7667
5/16/14,107.843,34.7535
5/17/14,107.843,34.7535
5/18/14,107.843,34.7535
5/19/14,107.843,34.5449
5/20/14,107.843,34.5215
5/21/14,107.843,34.386
5/22/14,107.843,34.3433
5/23/14,107.843,34.1563
5/24/14,107.843,34.1563
5/25/14,107.843,34.1563
5/26/14,107.843,34.195
5/27/14,107.843,34.4078
5/28/14,107.843,34.57
5/29/14,107.843,34.6568
5/30/14,107.843,34.8974
5/31/14,107.843,34.8974
6/1/14,109.6476,34.8974
6/2/14,109.6476,34.9118
6/3/14,109.6476,35.0559
6/4/14,109.6476,35.0265
6/5/14,109.6476,34.6897
6/6/14,109.6476,34.4144
6/7/14,109.6476,34.4144
6/8/14,109.6476,34.4144
6/9/14,109.6476,34.3259
6/10/14,109.6476,34.3493
6/11/14,109.6476,34.3761
6/12/14,109.6476,34.3232
6/13/14,109.6476,34.408
6/14/14,109.6476,34.408
6/15/14,109.6476,34.408
6/16/14,109.6476,34.6487
6/17/14,109.6476,34.815
6/18/14,109.6476,34.5361
6/19/14,109.6476,34.3768
6/20/14,109.6476,34.4708
6/21/14,109.6476,34.4708
6/22/14,109.6476,34.4708
6/23/14,109.6476,34.1584
6/24/14,109.6476,33.77
6/25/14,109.6476,33.7572
6/26/14,109.6476,33.7166
6/27/14,109.6476,33.7254
6/28/14,109.6476,33.7254
6/29/14,109.6476,33.7254
6/30/14,109.6476,33.9823
7/1/14,105.6383,34.3284
7/2/14,105.6383,34.3453
7/3/14,105.6383,34.2682
7/4/14,105.6383,34.4691
7/5/14,105.6383,34.4691
7/6/14,105.6383,34.4691
7/7/14,105.6383,34.4315
7/8/14,105.6383,34.2625
7/9/14,105.6383,33.9864
7/10/14,105.6383,33.9855
7/11/14,105.6383,34.223
7/12/14,105.6383,34.223
7/13/14,105.6383,34.223
7/14/14,105.6383,34.3302
7/15/14,105.6383,34.3916
7/16/14,105.6383,34.4148
7/17/14,105.6383,35.1682
7/18/14,105.6383,35.1343
7/19/14,105.6383,35.1343
7/20/14,105.6383,35.1343
7/21/14,105.6383,35.2146
7/22/14,105.6383,34.9643
7/23/14,105.6383,34.8374
7/24/14,105.6383,34.9708
7/25/14,105.6383,35.1435
7/26/14,105.6383,35.1435
7/27/14,105.6383,35.1435
7/28/14,105.6383,35.5024
7/29/14,105.6383,35.5547
7/30/14,105.6383,35.6149
7/31/14,105.6383,35.6867
8/1/14,101.4165,35.7893
8/2/14,101.4165,35.7893
8/3/14,101.4165,35.7893
8/4/14,101.4165,35.8316
8/5/14,101.4165,36.0396
8/6/14,101.4165,36.1712
8/7/14,101.4165,36.3173
8/8/14,101.4165,36.1846
8/9/14,101.4165,36.1846
8/10/14,101.4165,36.1846
8/11/14,101.4165,35.9408
8/12/14,101.4165,36.1542
8/13/14,101.4165,35.9903
8/14/14,101.4165,35.9365
8/15/14,101.4165,36.1858
8/16/14,101.4165,36.1858
8/17/14,101.4165,36.1858
8/18/14,101.4165,36.0546
8/19/14,101.4165,36.1748
8/20/14,101.4165,36.2892
8/21/14,101.4165,36.0723
8/22/14,101.4165,36.1073
8/23/14,101.4165,36.1073
8/24/14,101.4165,36.1073
8/25/14,101.4165,36.1646
8/26/14,101.4165,36.1803
8/27/14,101.4165,36.169
8/28/14,101.4165,36.7247
8/29/14,101.4165,37.1189
8/30/14,101.4165,37.1189
8/31/14,101.4165,37.1189
9/1/14,95.6732,37.2897
9/2/14,95.6732,37.4515
9/3/14,95.6732,36.8475
9/4/14,95.6732,36.9961
9/5/14,95.6732,37.046
9/6/14,95.6732,37.046
9/7/14,95.6732,37.046
9/8/14,95.6732,36.959
9/9/14,95.6732,37.0461
9/10/14,95.6732,37.3249
9/11/14,95.6732,37.5279
9/12/14,95.6732,37.752
9/13/14,95.6732,37.752
9/14/14,95.6732,37.752
9/15/14,95.6732,38.3315
9/16/14,95.6732,38.274
9/17/14,95.6732,38.374
9/18/14,95.6732,38.4719
9/19/14,95.6732,38.4274
9/20/14,95.6732,38.4274
9/21/14,95.6732,38.4274
9/22/14,95.6732,38.6925
9/23/14,95.6732,38.5907
9/24/14,95.6732,38.1862
9/25/14,95.6732,38.4838
9/26/14,95.6732,39.1696
9/27/14,95.6732,39.1696
9/28/14,95.6732,39.1696
9/29/14,95.6732,39.4475
9/30/14,95.6732,39.6003
10/1/14,86.6257,39.6897
10/2/14,86.6257,39.6195
10/3/14,86.6257,39.9381
10/4/14,86.6257,39.9381
10/5/14,86.6257,39.9381
10/6/14,86.6257,39.827
10/7/14,86.6257,39.9462
10/8/14,86.6257,40.1472
10/9/14,86.6257,40.1093
10/10/14,86.6257,40.3652
10/11/14,86.6257,40.3652
10/12/14,86.6257,40.3652
10/13/14,86.6257,40.5049
10/14/14,86.6257,40.8662
10/15/14,86.6257,40.6923
10/16/14,86.6257,40.8626
10/17/14,86.6257,40.6456
10/18/14,86.6257,40.6456
10/19/14,86.6257,40.6456
10/20/14,86.6257,40.9616
10/21/14,86.6257,40.9098
10/22/14,86.6257,41.3462
10/23/14,86.6257,41.7281
10/24/14,86.6257,41.8085
10/25/14,86.6257,41.8085
10/26/14,86.6257,41.8085
10/27/14,86.6257,42.2718
10/28/14,86.6257,42.4595
10/29/14,86.6257,42.8496
10/30/14,86.6257,41.502
10/31/14,86.6257,43.0095
11/1/14,78.9665,43.0095
11/2/14,78.9665,43.0095
11/3/14,78.9665,43.4921
11/4/14,78.9665,43.71
11/5/14,78.9665,44.8748
11/6/14,78.9665,46.6076
11/7/14,78.9665,46.7232
11/8/14,78.9665,46.7232
11/9/14,78.9665,46.7232
11/10/14,78.9665,45.6141
11/11/14,78.9665,46.6916
11/12/14,78.9665,45.5898
11/13/14,78.9665,46.5411
11/14/14,78.9665,47.311
11/15/14,78.9665,47.311
11/16/14,78.9665,47.311
11/17/14,78.9665,47.2
11/18/14,78.9665,46.8545
11/19/14,78.9665,46.7306
11/20/14,78.9665,46.2862
11/21/14,78.9665,45.8345
11/22/14,78.9665,45.8345
11/23/14,78.9665,45.8345
11/24/14,78.9665,44.8364
11/25/14,78.9665,46.0441
11/26/14,78.9665,47.0581
11/27/14,78.9665,48.5826
11/28/14,78.9665,49.467
11/29/14,78.9665,49.467
11/30/14,78.9665,49.467
12/1/14,61.2833,51.6479
12/2/14,61.2833,53.971
12/3/14,61.2833,53.1753
12/4/14,61.2833,54.4554
12/5/14,61.2833,52.8918
12/6/14,61.2833,52.8918
12/7/14,61.2833,52.8918
12/8/14,61.2833,53.7964
12/9/14,61.2833,54.2413
12/10/14,61.2833,54.848
12/11/14,61.2833,55.7178
12/12/14,61.2833,58.2805
12/13/14,61.2833,58.2805
12/14/14,61.2833,58.2805
12/15/14,61.2833,64.2372
12/16/14,61.2833,67.9143
12/17/14,61.2833,61.179
12/18/14,61.2833,62.1588
12/19/14,61.2833,59.6168
12/20/14,61.2833,59.6168
12/21/14,61.2833,59.6168
12/22/14,61.2833,55.8494
12/23/14,61.2833,54.638
12/24/14,61.2833,53.7022
12/25/14,61.2833,52.6348
12/26/14,61.2833,53.5001
12/27/14,61.2833,53.5001
12/28/14,61.2833,53.5001
12/29/14,61.2833,58.5693
12/30/14,61.2833,56.3094
12/31/14,61.2833,58.252
1/1/15,46.3414,57.9981
1/2/15,46.3414,58.75
1/3/15,46.3414,58.75
1/4/15,46.3414,58.75
1/5/15,46.3414,61.9499
1/6/15,46.3414,63.2172
1/7/15,46.3414,62.9
1/8/15,46.3414,60.4207
1/9/15,46.3414,62.0393
1/10/15,46.3414,62.0393
1/11/15,46.3414,62.0393
1/12/15,46.3414,63.1124
1/13/15,46.3414,65.3401
1/14/15,46.3414,64.4698
1/15/15,46.3414,65.1047
1/16/15,46.3414,65.306
1/17/15,46.3414,65.306
1/18/15,46.3414,65.306
1/19/15,46.3414,64.9806
1/20/15,46.3414,65.1355
1/21/15,46.3414,65.3272
1/22/15,46.3414,64.3795
1/23/15,46.3414,63.7056
1/24/15,46.3414,63.7056
1/25/15,46.3414,63.7056
1/26/15,46.3414,66.3795
1/27/15,46.3414,66.567
1/28/15,46.3414,67.9697
1/29/15,46.3414,69.1308
1/30/15,46.3414,69.4666
1/31/15,46.3414,69.4666
2/1/15,57.863,69.4666
2/2/15,57.863,68.4317
2/3/15,57.863,66.0517
2/4/15,57.863,67.8692
2/5/15,57.863,66.581
2/6/15,57.863,66.857
2/7/15,57.863,66.857
2/8/15,57.863,66.857
2/9/15,57.863,65.7113
2/10/15,57.863,66.3458
2/11/15,57.863,65.9326
2/12/15,57.863,65.5098
2/13/15,57.863,63.4417
2/14/15,57.863,63.4417
2/15/15,57.863,63.4417
2/16/15,57.863,63.5475
2/17/15,57.863,62.6305
2/18/15,57.863,61.5079
2/19/15,57.863,61.946
2/20/15,57.863,62.0605
2/21/15,57.863,62.0605
2/22/15,57.863,62.0605
2/23/15,57.863,63.5687
2/24/15,57.863,62.8111
2/25/15,57.863,61.9785
2/26/15,57.863,61.0663
2/27/15,57.863,61.7535
2/28/15,57.863,61.7535
3/1/15,54.6423,61.7535
3/2/15,54.6423,62.2001
3/3/15,54.6423,61.9152
3/4/15,54.6423,62.0533
3/5/15,54.6423,60.8223
3/6/15,54.6423,60.2213
3/7/15,54.6423,60.2213
3/8/15,54.6423,60.2213
3/9/15,54.6423,60.2913
3/10/15,54.6423,62.4566
3/11/15,54.6423,61.9096
3/12/15,54.6423,61.3243
3/13/15,54.6423,62.1876
3/14/15,54.6423,62.1876
3/15/15,54.6423,62.1876
3/16/15,54.6423,62.3206
3/17/15,54.6423,61.4257
3/18/15,54.6423,60.6078
3/19/15,54.6423,60.0016
3/20/15,54.6423,59.2934
3/21/15,54.6423,59.2934
3/22/15,54.6423,59.2934
3/23/15,54.6423,58.7847
3/24/15,54.6423,57.7752
3/25/15,54.6423,57.1986
3/26/15,54.6423,57.3436
3/27/15,54.6423,57.8492
3/28/15,54.6423,57.8492
3/29/15,54.6423,57.8492
3/30/15,54.6423,57.7182
3/31/15,54.6423,58.198
4/1/15,59.1295,57.6093
4/2/15,59.1295,56.4515
4/3/15,59.1295,56.6712
4/4/15,59.1295,56.6712
4/5/15,59.1295,56.6712
4/6/15,59.1295,55.2112
4/7/15,59.1295,54.9613
4/8/15,59.1295,53.5739
4/9/15,59.1295,52.1737
4/10/15,59.1295,53.5858
4/11/15,59.1295,53.5858
4/12/15,59.1295,53.5858
4/13/15,59.1295,52.4184
4/14/15,59.1295,50.9649
4/15/15,59.1295,49.9143
4/16/15,59.1295,50.0432
4/17/15,59.1295,51.964
4/18/15,59.1295,51.964
4/19/15,59.1295,51.964
4/20/15,59.1295,53.2676
4/21/15,59.1295,53.3216
4/22/15,59.1295,52.2576
4/23/15,59.1295,50.9539
4/24/15,59.1295,50.8745
4/25/15,59.1295,50.8745
4/26/15,59.1295,50.8745
4/27/15,59.1295,51.7346
4/28/15,59.1295,51.1749
4/29/15,59.1295,51.0612
4/30/15,59.1295,51.6076
5/1/15,63.3737,51.915
5/2/15,63.3737,51.915
5/3/15,63.3737,51.915
5/4/15,63.3737,52.1031
5/5/15,63.3737,50.4749
5/6/15,63.3737,50.7944
5/7/15,63.3737,50.4184
5/8/15,63.3737,50.934
5/9/15,63.3737,50.934
5/10/15,63.3737,50.934
5/11/15,63.3737,51.5429
5/12/15,63.3737,50.1575
5/13/15,63.3737,49.0043
5/14/15,63.3737,49.9791
5/15/15,63.3737,49.532
5/16/15,63.3737,49.532
5/17/15,63.3737,49.532
5/18/15,63.3737,49.102
5/19/15,63.3737,49.5635
5/20/15,63.3737,49.8113
5/21/15,63.3737,49.8759
5/22/15,63.3737,50.0021
5/23/15,63.3737,50.0021
5/24/15,63.3737,50.0021
5/25/15,63.3737,50.1132
5/26/15,63.3737,50.9543
5/27/15,63.3737,51.8238
5/28/15,63.3737,52.7808
5/29/15,63.3737,52.3405
5/30/15,63.3737,52.3405
5/31/15,63.3737,52.3405
6/1/15,61.4105,53.4481
6/2/15,61.4105,52.7607
6/3/15,61.4105,54.2467
6/4/15,61.4105,55.9818
6/5/15,61.4105,56.126
6/6/15,61.4105,56.126
6/7/15,61.4105,56.126
6/8/15,61.4105,56.217
6/9/15,61.4105,55.6349
6/10/15,61.4105,54.3715
6/11/15,61.4105,54.7277
6/12/15,61.4105,55.228
6/13/15,61.4105,55.228
6/14/15,61.4105,55.228
6/15/15,61.4105,54.5678
6/16/15,61.4105,53.6405
6/17/15,61.4105,54.2361
6/18/15,61.4105,53.2419
6/19/15,61.4105,54.036
6/20/15,61.4105,54.036
6/21/15,61.4105,54.036
6/22/15,61.4105,53.7523
6/23/15,61.4105,54.0713
6/24/15,61.4105,54.4972
6/25/15,61.4105,54.6719
6/26/15,61.4105,54.8064
6/27/15,61.4105,54.8064
6/28/15,61.4105,54.8064
6/29/15,61.4105,55.5277
6/30/15,61.4105,55.2655
7/1/15,55.8961,55.5989
7/2/15,55.8961,55.4093
7/3/15,55.8961,55.9695
7/4/15,55.8961,55.9695
7/5/15,55.8961,55.9695
7/6/15,55.8961,56.5708
7/7/15,55.8961,57.1876
7/8/15,55.8961,57.4701
7/9/15,55.8961,57.1358
7/10/15,55.8961,56.4185
7/11/15,55.8961,56.4185
7/12/15,55.8961,56.4185
7/13/15,55.8961,56.4286
7/14/15,55.8961,56.4537
7/15/15,55.8961,56.8935
7/16/15,55.8961,56.776
7/17/15,55.8961,56.9489
7/18/15,55.8961,56.9489
7/19/15,55.8961,56.9489
7/20/15,55.8961,56.8954
7/21/15,55.8961,56.9148
7/22/15,55.8961,57.1336
7/23/15,55.8961,57.836
7/24/15,55.8961,58.5915
7/25/15,55.8961,58.5915
7/26/15,55.8961,58.5915
7/27/15,55.8961,59.2626
7/28/15,55.8961,60.3185
7/29/15,55.8961,58.7316
7/30/15,55.8961,59.3458
7/31/15,55.8961,61.705
8/1/15,45.5825,61.705
8/2/15,45.5825,61.705
8/3/15,45.5825,62.9418
8/4/15,45.5825,62.7393
8/5/15,45.5825,63.6985
8/6/15,45.5825,64.289
8/7/15,45.5825,63.9662
8/8/15,45.5825,63.9662
8/9/15,45.5825,63.9662
8/10/15,45.5825,62.9888
8/11/15,45.5825,64.2353
8/12/15,45.5825,64.2694
8/13/15,45.5825,64.6493
8/14/15,45.5825,64.9465
8/15/15,45.5825,64.9465
8/16/15,45.5825,64.9465
8/17/15,45.5825,65.4528
8/18/15,45.5825,65.7736
8/19/15,45.5825,66.4643
8/20/15,45.5825,67.1524
8/21/15,45.5825,69.1768
8/22/15,45.5825,69.1768
8/23/15,45.5825,69.1768
8/24/15,45.5825,69.9748
8/25/15,45.5825,68.8165
8/26/15,45.5825,69.2787
8/27/15,45.5825,66.6356
8/28/15,45.5825,65.2068
8/29/15,45.5825,65.2068
8/30/15,45.5825,65.2068
8/31/15,45.5825,64.507
9/1/15,47.0118,66.3245
9/2/15,47.0118,67.0784
9/3/15,47.0118,66.885
9/4/15,47.0118,68.495
9/5/15,47.0118,68.495
9/6/15,47.0118,68.495
9/7/15,47.0118,69.2614
9/8/15,47.0118,68.2528
9/9/15,47.0118,68.0587
9/10/15,47.0118,67.7303
9/11/15,47.0118,67.9974
9/12/15,47.0118,67.9974
9/13/15,47.0118,67.9974
9/14/15,47.0118,67.4655
9/15/15,47.0118,66.7492
9/16/15,47.0118,65.2149
9/17/15,47.0118,66.01
9/18/15,47.0118,66.495
9/19/15,47.0118,66.495
9/20/15,47.0118,66.495
9/21/15,47.0118,66.1721
9/22/15,47.0118,66.3593
9/23/15,47.0118,66.3486
9/24/15,47.0118,66.1066
9/25/15,47.0118,65.4095
9/26/15,47.0118,65.4095
9/27/15,47.0118,65.4095
9/28/15,47.0118,66.0624
9/29/15,47.0118,65.5824
9/30/15,47.0118,65.5342
10/1/15,47.3436,65.6993
10/2/15,47.3436,66.385
10/3/15,47.3436,66.385
10/4/15,47.3436,66.385
10/5/15,47.3436,64.8418
10/6/15,47.3436,63.5454
10/7/15,47.3436,62.6089
10/8/15,47.3436,61.8968
10/9/15,47.3436,61.5155
10/10/15,47.3436,61.5155
10/11/15,47.3436,61.5155
10/12/15,47.3436,61.7375
10/13/15,47.3436,62.5367
10/14/15,47.3436,62.8662
10/15/15,47.3436,61.8872
10/16/15,47.3436,61.28
10/17/15,47.3436,61.28
10/18/15,47.3436,61.28
10/19/15,47.3436,62.1796
10/20/15,47.3436,62.0635
10/21/15,47.3436,62.9484
10/22/15,47.3436,62.6758
10/23/15,47.3436,62.37
10/24/15,47.3436,62.37
10/25/15,47.3436,62.37
10/26/15,47.3436,62.9847
10/27/15,47.3436,65.0331
10/28/15,47.3436,63.4648
10/29/15,47.3436,64.2043
10/30/15,47.3436,63.9548
10/31/15,47.3436,63.9548
11/1/15,42.3962,63.9548
11/2/15,42.3962,63.7709
11/3/15,42.3962,62.5531
11/4/15,42.3962,63.2017
11/5/15,42.3962,63.0974
11/6/15,42.3962,64.505
11/7/15,42.3962,64.505
11/8/15,42.3962,64.505
11/9/15,42.3962,64.6228
11/10/15,42.3962,64.5724
11/11/15,42.3962,65.2455
11/12/15,42.3962,66.5798
11/13/15,42.3962,66.7401
11/14/15,42.3962,66.7401
11/15/15,42.3962,66.7401
11/16/15,42.3962,65.8637
11/17/15,42.3962,64.8045
11/18/15,42.3962,65.4611
11/19/15,42.3962,64.5906
11/20/15,42.3962,64.74
11/21/15,42.3962,64.74
11/22/15,42.3962,64.74
11/23/15,42.3962,65.8517
11/24/15,42.3962,65.396
11/25/15,42.3962,65.6005
11/26/15,42.3962,65.8888
11/27/15,42.3962,66.4287
11/28/15,42.3962,66.4287
11/29/15,42.3962,66.4287
11/30/15,42.3962,66.3997
12/1/15,36.7805,66.5428
12/2/15,36.7805,67.2528
12/3/15,36.7805,67.8246
12/4/15,36.7805,68.041
12/5/15,36.7805,68.041
12/6/15,36.7805,68.041
12/7/15,36.7805,69.1888
12/8/15,36.7805,69.394
12/9/15,36.7805,69.5595
12/10/15,36.7805,68.9789
12/11/15,36.7805,70.3801
12/12/15,36.7805,70.3801
12/13/15,36.7805,70.3801
12/14/15,36.7805,70.5555
12/15/15,36.7805,69.8532
12/16/15,36.7805,70.5277
12/17/15,36.7805,70.9545
12/18/15,36.7805,70.7529
12/19/15,36.7805,70.7529
12/20/15,36.7805,70.7529
12/21/15,36.7805,71.2445
12/22/15,36.7805,71.2554
12/23/15,36.7805,69.8159
12/24/15,36.7805,70.3149
12/25/15,36.7805,70.6396
12/26/15,36.7805,70.6396
12/27/15,36.7805,70.6396
12/28/15,36.7805,72.0838
12/29/15,36.7805,72.2141
12/30/15,36.7805,73.4343
12/31/15,36.7805,72.851
1/1/16,29.1125,72.5209
1/2/16,29.1125,72.5209
1/3/16,29.1125,72.5209
1/4/16,29.1125,73.1813
1/5/16,29.1125,73.3205
1/6/16,29.1125,74.532
1/7/16,29.1125,74.6337
1/8/16,29.1125,74.7475
1/9/16,29.1125,74.7475
1/10/16,29.1125,74.7475
1/11/16,29.1125,76.1963
1/12/16,29.1125,77.1503
1/13/16,29.1125,76.4935
1/14/16,29.1125,76.3186
1/15/16,29.1125,77.7049
1/16/16,29.1125,77.7049
1/17/16,29.1125,77.7049
1/18/16,29.1125,79.3075
1/19/16,29.1125,78.6515
1/20/16,29.1125,81.917
1/21/16,29.1125,82.2764
1/22/16,29.1125,78.1145
1/23/16,29.1125,78.1145
1/24/16,29.1125,78.1145
1/25/16,29.1125,79.4398
1/26/16,29.1125,77.9828
1/27/16,29.1125,77.4378
1/28/16,29.1125,76.5643
1/29/16,29.1125,75.5466
1/30/16,29.1125,75.5466
1/31/16,29.1125,75.5466
2/1/16,30.5943,77.3793
2/2/16,30.5943,79.058
2/3/16,30.5943,78.085
2/4/16,30.5943,76.3439
2/5/16,30.5943,77.5366
2/6/16,30.5943,77.5366
2/7/16,30.5943,77.5366
2/8/16,30.5943,78.5148
2/9/16,30.5943,79.4379
2/10/16,30.5943,78.3907
2/11/16,30.5943,80.23
2/12/16,30.5943,78.6638
2/13/16,30.5943,78.6638
2/14/16,30.5943,78.6638
2/15/16,30.5943,77.6745
2/16/16,30.5943,77.6846
2/17/16,30.5943,75.1378
2/18/16,30.5943,76.1718
2/19/16,30.5943,77
2/20/16,30.5943,77
2/21/16,30.5943,77
2/22/16,30.5943,75.1234
2/23/16,30.5943,76.015
2/24/16,30.5943,76.2874
2/25/16,30.5943,75.889
2/26/16,30.5943,76.3175
2/27/16,30.5943,76.3175
2/28/16,30.5943,76.3175
2/29/16,30.5943,74.9774
3/1/16,36.6171,73.3816
3/2/16,36.6171,73.327
3/3/16,36.6171,73.2764
3/4/16,36.6171,71.875
3/5/16,36.6171,71.875
3/6/16,36.6171,71.875
3/7/16,36.6171,71.3089
3/8/16,36.6171,72.7465
3/9/16,36.6171,71.159
3/10/16,36.6171,71.6975
3/11/16,36.6171,69.7079
3/12/16,36.6171,69.7079
3/13/16,36.6171,69.7079
3/14/16,36.6171,70.2661
3/15/16,36.6171,71.0578
3/16/16,36.6171,70.6115
3/17/16,36.6171,68.0735
3/18/16,36.6171,68.24
3/19/16,36.6171,68.24
3/20/16,36.6171,68.24
3/21/16,36.6171,67.9096
3/22/16,36.6171,67.2352
3/23/16,36.6171,68.2448
3/24/16,36.6171,68.838
3/25/16,36.6171,68.175
3/26/16,36.6171,68.175
3/27/16,36.6171,68.175
3/28/16,36.6171,68.4507
3/29/16,36.6171,68.164
3/30/16,36.6171,67.9881
3/31/16,36.6171,67.21
4/1/16,39.9762,67.6825
4/2/16,39.9762,67.6825
4/3/16,39.9762,67.6825
4/4/16,39.9762,68.3682
4/5/16,39.9762,69.4
4/6/16,39.9762,67.9715
4/7/16,39.9762,68.2233
4/8/16,39.9762,67.1185
4/9/16,39.9762,67.1185
4/10/16,39.9762,67.1185
4/11/16,39.9762,66.6774
4/12/16,39.9762,65.3337
4/13/16,39.9762,66.1617
4/14/16,39.9762,65.9736
4/15/16,39.9762,66.4877
4/16/16,39.9762,66.4877
4/17/16,39.9762,66.4877
4/18/16,39.9762,66.2114
4/19/16,39.9762,66.1313
4/20/16,39.9762,65.425
4/21/16,39.9762,66.166
4/22/16,39.9762,66.5325
4/23/16,39.9762,66.5325
4/24/16,39.9762,66.5325
4/25/16,39.9762,66.373
4/26/16,39.9762,65.854
4/27/16,39.9762,65.4003
4/28/16,39.9762,64.4217
4/29/16,39.9762,64.7671
4/30/16,39.9762,64.7671
5/1/16,45.0185,64.7671
5/2/16,45.0185,65.1874
5/3/16,45.0185,66.6133
5/4/16,45.0185,66.6506
5/5/16,45.0185,65.7022
5/6/16,45.0185,66.1679
5/7/16,45.0185,66.1679
5/8/16,45.0185,66.1679
5/9/16,45.0185,66.5174
5/10/16,45.0185,66.2716
5/11/16,45.0185,65.1569
5/12/16,45.0185,65.0555
5/13/16,45.0185,65.4525
5/14/16,45.0185,65.4525
5/15/16,45.0185,65.4525
5/16/16,45.0185,64.7852
5/17/16,45.0185,64.8665
5/18/16,45.0185,65.2095
5/19/16,45.0185,67.0127
5/20/16,45.0185,66.8371
5/21/16,45.0185,66.8371
5/22/16,45.0185,66.8371
5/23/16,45.0185,66.8601
5/24/16,45.0185,66.5624
5/25/16,45.0185,65.6745
5/26/16,45.0185,65.57
5/27/16,45.0185,65.9385
5/28/16,45.0185,65.9385
5/29/16,45.0185,65.9385
5/30/16,45.0185,65.6745
5/31/16,45.0185,66.0183
6/1/16,46.6518,67.1287
6/2/16,46.6518,66.9407
6/3/16,46.6518,65.3047
6/4/16,46.6518,65.3047
6/5/16,46.6518,65.3047
6/6/16,46.6518,65.5341
6/7/16,46.6518,64.7647
6/8/16,46.6518,63.6906
6/9/16,46.6518,64.215
6/10/16,46.6518,65.49
6/11/16,46.6518,65.49
6/12/16,46.6518,65.49
6/13/16,46.6518,65.7551
6/14/16,46.6518,65.9395
6/15/16,46.6518,65.4632
6/16/16,46.6518,65.3817
6/17/16,46.6518,64.7542
6/18/16,46.6518,64.7542
6/19/16,46.6518,64.7542
6/20/16,46.6518,64.1452
6/21/16,46.6518,64.0967
6/22/16,46.6518,64.3434
6/23/16,46.6518,64.0221
6/24/16,46.6518,65.1206
6/25/16,46.6518,65.1206
6/26/16,46.6518,65.1206
6/27/16,46.6518,65.4585
6/28/16,46.6518,64.5252
6/29/16,46.6518,63.7879
6/30/16,46.6518,63.943
7/1/16,43.6614,63.7746
7/2/16,43.6614,63.7746
7/3/16,43.6614,63.7746
7/4/16,43.6614,63.8487
7/5/16,43.6614,64.5107
7/6/16,43.6614,64.254
7/7/16,43.6614,64.4192
7/8/16,43.6614,63.8615
7/9/16,43.6614,63.8615
7/10/16,43.6614,63.8615
7/11/16,43.6614,64.0572
7/12/16,43.6614,63.7548
7/13/16,43.6614,63.921
7/14/16,43.6614,62.8571
7/15/16,43.6614,63.6852
7/16/16,43.6614,63.6852
7/17/16,43.6614,63.6852
7/18/16,43.6614,62.8124
7/19/16,43.6614,63.4775
7/20/16,43.6614,63.8497
7/21/16,43.6614,64.2915
7/22/16,43.6614,64.7984
7/23/16,43.6614,64.7984
7/24/16,43.6614,64.7984
7/25/16,43.6614,65.4936
7/26/16,43.6614,66.0026
7/27/16,43.6614,66.3525
7/28/16,43.6614,66.7545
7/29/16,43.6614,65.9445
7/30/16,43.6614,65.9445
7/31/16,43.6614,65.9445
8/1/16,43.8159,66.6853
8/2/16,43.8159,66.7418
8/3/16,43.8159,66.1983
8/4/16,43.8159,65.6326
8/5/16,43.8159,65.4689
8/6/16,43.8159,65.4689
8/7/16,43.8159,65.4689
8/8/16,43.8159,64.5533
8/9/16,43.8159,64.7552
8/10/16,43.8159,64.7129
8/11/16,43.8159,64.2504
8/12/16,43.8159,64.7576
8/13/16,43.8159,64.7576
8/14/16,43.8159,64.7576
8/15/16,43.8159,64.0389
8/16/16,43.8159,63.7466
8/17/16,43.8159,64.1705
8/18/16,43.8159,63.6784
8/19/16,43.8159,63.8975
8/20/16,43.8159,63.8975
8/21/16,43.8159,63.8975
8/22/16,43.8159,64.6828
8/23/16,43.8159,64.4382
8/24/16,43.8159,65.1346
8/25/16,43.8159,64.7156
8/26/16,43.8159,64.5882
8/27/16,43.8159,64.5882
8/28/16,43.8159,64.5882
8/29/16,43.8159,65.0634
8/30/16,43.8159,65.2739
8/31/16,43.8159,65.2915
9/1/16,44.3677,65.941
9/2/16,44.3677,65.1577
9/3/16,44.3677,65.1577
9/4/16,44.3677,65.1577
9/5/16,44.3677,65.0676
9/6/16,44.3677,64.5624
9/7/16,44.3677,64.3526
9/8/16,44.3677,63.9033
9/9/16,44.3677,64.831
9/10/16,44.3677,64.831
9/11/16,44.3677,64.831
9/12/16,44.3677,64.5783
9/13/16,44.3677,65.361
9/14/16,44.3677,65.1299
9/15/16,44.3677,64.807
9/16/16,44.3677,65.285
9/17/16,44.3677,65.285
9/18/16,44.3677,65.285
9/19/16,44.3677,64.6886
9/20/16,44.3677,64.8147
9/21/16,44.3677,64.2133
9/22/16,44.3677,63.6489
9/23/16,44.3677,64.0796
9/24/16,44.3677,64.0796
9/25/16,44.3677,64.0796
9/26/16,44.3677,63.8128
9/27/16,44.3677,63.94
9/28/16,44.3677,63.7425
9/29/16,44.3677,63.1264
9/30/16,44.3677,62.879
10/1/16,44.3677,62.879
10/2/16,44.3677,62.879
10/3/16,44.3677,62.1962
10/4/16,44.3677,62.6221
10/5/16,44.3677,62.3731
10/6/16,44.3677,62.1359
10/7/16,44.3677,62.316
10/8/16,44.3677,62.316
10/9/16,44.3677,62.316
10/10/16,44.3677,62.0086
10/11/16,44.3677,62.6543
10/12/16,44.3677,62.911
10/13/16,44.3677,62.9178
10/14/16,44.3677,62.9573
10/15/16,44.3677,62.9573
10/16/16,44.3677,62.9573
10/17/16,44.3677,63.0856
10/18/16,44.3677,62.9512
10/19/16,44.3677,62.9512