sub_area,area_m,raion_popul,green_zone_part,indust_part,children_preschool,preschool_quota,preschool_education_centers_raion,children_school,school_quota,school_education_centers_raion,school_education_centers_top_20_raion,hospital_beds_raion,healthcare_centers_raion,university_top_20_raion,sport_objects_raion,additional_education_raion,culture_objects_top_25,culture_objects_top_25_raion,shopping_centers_raion,office_raion,thermal_power_plant_raion,incineration_raion,oil_chemistry_raion,radiation_raion,railroad_terminal_raion,big_market_raion,nuclear_reactor_raion,detention_facility_raion,full_all,male_f,female_f,young_all,young_male,young_female,work_all,work_male,work_female,ekder_all,ekder_male,ekder_female,0_6_all,0_6_male,0_6_female,7_14_all,7_14_male,7_14_female,0_17_all,0_17_male,0_17_female,16_29_all,16_29_male,16_29_female,0_13_all,0_13_male,0_13_female,raion_build_count_with_material_info,build_count_block,build_count_wood,build_count_frame,build_count_brick,build_count_monolith,build_count_panel,build_count_foam,build_count_slag,build_count_mix,raion_build_count_with_builddate_info,build_count_before_1920,build_count_1921-1945,build_count_1946-1970,build_count_1971-1995,build_count_after_1995
Ajeroport,4662813.069,73007,0.109947031,0.050272014,4348,2058,3,4231,4975,6,1,1020,0,1,4,3,no,0,3,14,no,no,no,no,no,no,no,no,1100773,502659,598114,9151,4737,4414,44166,22748,21418,19690,6156,13534,4348,2225,2123,4231,2201,2030,10478,5479,4999,234407,115098,119309,8098,4177,3921,332,31,2,0,256,12,30,0,1,0,332,2,25,246,39,20
Akademicheskoe,5704502.19,106445,0.043127101,0.151346216,5506,926,6,5889,9501,6,0,830,4,0,7,0,no,0,1,10,yes,no,no,yes,no,no,yes,no,1362363,637906,724457,12074,6198,5876,68518,34132,34386,25853,8422,17431,5506,2861,2645,5889,2990,2899,14297,7209,7088,291222,143474,147748,10653,5506,5147,374,81,0,0,205,9,78,0,1,0,374,0,0,304,21,49
Alekseevskoe,5234028.171,78418,0.044073572,0.200146802,3761,1037,3,3975,4658,3,0,770,2,0,9,2,no,0,0,8,no,no,no,yes,no,no,no,no,1359171,635195,723976,8186,4313,3873,52919,30743,22176,17313,5092,12221,3761,1955,1806,3975,2111,1864,9514,4891,4623,283678,140881,142797,7263,3806,3457,250,72,0,0,160,0,18,0,0,0,248,0,17,186,40,5
Altuf'evskoe,3294351.983,55125,0.024332829,0.298204575,3559,857,2,4048,3669,3,0,,1,0,2,0,no,0,3,3,no,no,no,yes,no,no,no,no,78418,40148,38270,8140,4241,3899,34611,17635,16976,12374,3675,8699,3559,1841,1718,4048,2128,1920,9115,4791,4324,20342,10622,9720,7148,3732,3416,119,24,0,0,47,1,47,0,0,0,119,0,0,72,42,5
Arbat,2081627.761,28179,0.009851158,0,1379,1104,3,1423,5155,4,0,562,1,0,5,1,yes,1,8,37,no,no,no,no,no,no,no,no,741887,336985,404902,2994,1569,1425,17209,9155,8054,7976,2798,5178,1379,721,658,1423,761,662,3360,1750,1610,150479,73186,77293,2646,1409,1237,251,3,0,0,228,12,7,0,0,1,251,156,26,30,15,24
Babushkinskoe,4934147.224,86206,0.11640032,0.122190486,4300,1578,3,4724,5461,3,0,1308,1,0,6,2,no,0,3,2,no,no,no,no,no,no,no,yes,55125,25551,29574,9734,5192,4542,52560,28071,24489,23912,7214,16698,4300,2213,2087,4724,2581,2143,11209,6096,5113,10741,5375,5366,8429,4475,3954,271,49,2,0,147,5,67,0,1,0,269,0,9,169,82,9
Basmannoe,8398460.622,108171,0.015233744,0.037316452,5706,3240,7,6748,7770,9,0,562,4,2,25,2,no,0,10,93,no,no,no,yes,yes,no,no,no,28179,13522,14657,13368,7159,6209,68043,34236,33807,26760,8563,18197,5706,2982,2724,6748,3664,3084,15237,8113,7124,5164,2583,2581,11631,6223,5408,746,48,0,0,643,16,35,0,3,1,746,371,114,146,62,53
Begovoe,4048456.782,41504,0.001879375,0.327018035,2263,627,3,2270,2088,5,0,2500,1,0,15,0,no,0,0,23,no,no,no,no,no,no,no,no,73007,33641,39366,4842,2563,2279,25933,12997,12936,10729,3345,7384,2263,1212,1051,2270,1208,1062,5459,2896,2563,16025,8162,7863,4254,2260,1994,162,16,0,0,134,0,10,0,2,0,162,7,30,96,28,1
Beskudnikovskoe,3292112.223,73148,0.063747248,0.092290642,4449,2757,5,4346,7327,5,0,165,1,0,3,2,no,0,2,2,no,no,no,no,no,no,no,no,41504,18905,22599,9308,4847,4461,44449,22170,22279,19391,5955,13436,4449,2281,2168,4346,2283,2063,10271,5360,4911,9620,4575,5045,8322,4322,4000,222,97,0,0,4,13,108,0,0,0,222,0,0,144,25,53
Bibirevo,6407578.1,155572,0.189727117,6.99893e-05,9576,5001,5,10309,11065,5,0,240,1,0,7,3,no,0,16,1,no,no,no,no,no,no,no,no,86206,40477,45729,21154,11007,10147,98207,52277,45930,36211,10580,25631,9576,4899,4677,10309,5463,4846,23603,12286,11317,17508,9425,8083,18654,9709,8945,211,25,0,0,0,2,184,0,0,0,211,0,0,0,206,5
Birjulevo Vostochnoe,14795571.25,145088,0.308056827,0.050900058,9223,4519,6,10621,10053,6,0,30,2,0,8,3,no,0,3,1,no,no,no,yes,no,no,no,no,1716730,774585,942145,21130,10962,10168,93008,48690,44318,30950,9206,21744,9223,4754,4469,10621,5550,5071,23495,12204,11291,367659,172958,194701,18567,9643,8924,217,52,0,0,43,3,119,0,0,0,217,0,2,32,170,13
Birjulevo Zapadnoe,8464344.053,85721,0.075206255,0.521867054,5226,2901,4,6149,5226,4,0,,0,0,2,0,no,0,0,0,yes,yes,no,yes,no,no,no,no,145088,68858,76230,12273,6227,6046,54914,27973,26941,18534,5391,13143,5226,2651,2575,6149,3091,3058,14031,7081,6950,30471,15168,15303,10513,5272,5241,132,33,0,1,16,0,82,0,0,0,132,0,1,14,111,6
Bogorodskoe,8659075.461,104410,0.416866452,0.069660344,7103,3107,7,6119,7277,9,0,,1,0,8,4,no,0,2,4,no,no,no,yes,no,no,no,no,1452550,655329,797221,13897,6937,6960,59366,30856,28510,31147,11500,19647,7103,3598,3505,6119,2984,3135,15630,7783,7847,311210,150254,160956,12479,6183,6296,413,104,4,0,215,7,63,0,20,0,413,4,14,316,61,18
Brateevo,7587523.226,102590,0.398794394,0,6273,3420,6,5562,7132,6,0,,0,0,3,1,no,0,5,0,no,no,no,yes,no,yes,no,no,85721,39591,46130,12551,6444,6107,69792,35381,34411,20247,6281,13966,6273,3175,3098,5562,2922,2640,13748,7073,6675,18695,9238,9457,11201,5769,5432,90,1,0,0,0,5,84,0,0,0,90,0,0,0,51,39
Butyrskoe,5027634.003,68630,0.045674312,0.460556389,4571,1784,1,4386,3337,1,0,,1,0,4,4,no,0,5,14,no,no,no,no,yes,no,no,no,155572,73864,81708,9507,5028,4479,43045,22370,20675,16078,5607,10471,4571,2367,2204,4386,2362,2024,10572,5580,4992,32228,16752,15476,8482,4481,4001,214,59,0,0,100,3,50,0,2,0,214,0,2,158,42,12
Caricyno,8287309.439,125354,0.071119749,0.265088676,5797,3390,4,5288,5631,5,0,1937,3,0,6,4,no,0,2,0,no,no,no,yes,no,no,no,no,145576,65638,79938,11908,6279,5629,84387,41774,42613,29059,8516,20543,5797,3052,2745,5288,2801,2487,13804,7230,6574,33117,13741,19376,10338,5468,4870,341,129,0,0,54,4,154,0,0,0,341,1,0,252,75,13
Cheremushki,5467178.309,102618,0.055779365,0.1363303,5628,1944,4,6141,6887,5,0,262,3,0,6,4,no,0,6,10,no,no,no,yes,no,no,no,no,130396,59093,71303,12524,6442,6082,65782,33606,32176,24312,7633,16679,5628,2817,2811,6141,3243,2898,13816,7102,6714,22262,10791,11471,11007,5665,5342,316,130,0,0,28,18,140,0,0,0,316,0,0,216,52,48
Chertanovo Central'noe,6879019.638,112221,0.061476659,0.282797669,7104,2546,5,8667,6009,5,0,,0,0,5,3,no,0,6,2,no,no,no,no,no,no,no,no,111874,46887,64987,16719,7542,9177,68254,33075,35179,27248,8428,18820,7104,3262,3842,8667,3861,4806,18927,8599,10328,22027,10067,11960,14733,6684,8049,175,47,0,0,0,5,123,0,0,0,175,0,0,60,99,16
Chertanovo Juzhnoe,9282438.657,143661,0.153279465,0.127375905,8356,3844,6,8429,8810,7,0,,3,0,3,4,no,0,9,3,no,no,no,no,no,no,no,no,112221,49045,63176,17830,9326,8504,93309,46970,46339,32522,9229,23293,8356,4490,3866,8429,4367,4062,19887,10243,9644,22516,10217,12299,15922,8432,7490,224,41,2,0,16,1,164,0,0,0,222,0,1,14,188,19
Chertanovo Severnoe,6206098.885,111874,0.12812331,0.089039719,4720,2881,5,7976,6784,5,0,,0,0,10,3,no,0,11,5,no,no,no,no,no,no,no,no,125354,56569,68785,13326,5986,7340,73503,34020,39483,25045,6881,18164,4720,2321,2399,7976,3355,4621,14552,6590,7962,27006,12822,14184,12093,5372,6721,158,24,0,0,0,3,131,0,0,0,157,0,0,56,93,8
Danilovskoe,12495435.25,91100,0.027650988,0.341071945,5947,2235,5,5664,6073,9,0,2300,3,0,12,5,no,0,11,48,yes,no,no,no,no,no,no,no,102590,48106,54484,12370,6137,6233,54478,26382,28096,24252,6708,17544,5947,2950,2997,5664,2798,2866,13855,6851,7004,24296,11769,12527,10869,5377,5492,360,47,0,0,288,3,22,0,0,0,357,21,86,198,44,8
Dmitrovskoe,7126815.285,87713,0.125881935,0.458174486,4533,1208,4,4439,5671,4,0,1130,1,0,6,2,no,0,5,1,yes,no,no,no,no,no,yes,no,100846,46246,54600,9604,4946,4658,61600,31908,29692,16509,4434,12075,4533,2319,2214,4439,2273,2166,10797,5557,5240,20900,10635,10265,8382,4287,4095,218,55,0,0,72,6,85,0,0,0,218,0,3,125,68,22
Donskoe,5686537.395,48439,0.073520961,0.000699119,3229,0,1,3369,2022,2,0,4129,0,0,10,3,yes,1,3,24,no,no,no,yes,no,no,no,no,91100,39227,51873,7033,3519,3514,28737,14086,14651,12669,3966,8703,3229,1612,1617,3369,1701,1668,7917,3962,3955,17864,8474,9390,6237,3131,3106,191,36,0,0,135,3,17,0,0,0,190,6,27,116,27,14
Dorogomilovo,7798452.185,67710,0.199430788,0.081943463,2621,485,5,2738,5194,7,0,,1,0,10,0,no,0,4,20,yes,no,no,yes,yes,no,no,no,21040,9716,11324,5739,2917,2822,43413,24165,19248,18558,6300,12258,2621,1367,1254,2738,1352,1386,6674,3402,3272,4630,2311,2319,4999,2535,2464,187,5,0,0,174,4,3,0,1,0,187,4,58,103,15,7
Filevskij Park,9629358.472,89467,0.343753988,0.23861713,3903,1522,5,3889,4904,5,0,705,3,0,18,1,no,0,6,6,no,no,no,yes,no,no,no,no,112804,51631,61173,8294,4236,4058,65115,38782,26333,16058,4692,11366,3903,1989,1914,3889,1971,1918,9249,4691,4558,23768,11420,12348,7332,3715,3617,295,26,16,7,170,7,61,0,7,1,295,1,10,179,67,38
Fili Davydkovo,6982964.492,111374,0.348985814,0,7116,3422,5,7425,6974,7,1,,2,0,6,0,no,0,5,1,no,no,no,yes,no,no,no,no,89467,47710,41757,15500,7766,7734,65613,33829,31784,30261,9321,20940,7116,3589,3527,7425,3683,3742,17354,8735,8619,19098,10333,8765,13592,6775,6817,405,72,3,4,200,5,119,0,2,0,404,0,3,281,77,43
Gagarinskoe,5540725.595,76670,0.268177191,0,3704,748,4,3684,7490,6,2,,0,0,6,5,no,0,4,2,no,no,no,yes,no,no,no,no,106445,48752,57693,7850,4201,3649,46884,24671,22213,21936,7480,14456,3704,1992,1712,3684,1970,1714,9016,4836,4180,27585,12897,14688,6935,3730,3205,153,22,0,0,115,7,9,0,0,0,153,1,1,128,13,10
Gol'janovo,14286990.83,157010,0.389353565,0.194489265,7751,5041,6,8004,11081,7,0,125,3,0,5,3,no,0,5,3,no,no,no,yes,no,no,no,no,12327,5588,6739,16831,8637,8194,98260,47405,50855,41919,12424,29495,7751,3941,3810,8004,4152,3852,18912,9716,9196,2780,1351,1429,14694,7551,7143,371,88,0,0,68,8,207,0,0,0,371,0,1,221,129,20
Golovinskoe,8841267.454,100846,0.127511955,0.307466659,4566,2646,4,5048,5396,6,0,325,2,0,3,2,no,0,5,9,no,no,no,no,no,no,yes,no,94564,42750,51814,10346,5389,4957,63495,32914,30581,27005,7943,19062,4566,2414,2152,5048,2588,2460,11692,6102,5590,19935,9452,10483,9037,4702,4335,326,101,0,0,149,2,74,0,0,0,326,6,4,217,85,14
Hamovniki,10071560.22,102726,0.048790576,0,6374,165,5,7538,9337,8,1,4702,5,1,23,2,yes,2,5,87,no,no,no,yes,no,no,no,no,75377,34015,41362,14868,7239,7629,61102,30166,30936,26756,8775,17981,6374,3205,3169,7538,3585,3953,16584,8083,8501,14705,7343,7362,13042,6343,6699,641,19,4,0,550,48,8,0,11,1,637,206,122,176,42,91
Horoshevo-Mnevniki,18036436.51,166803,0.232080423,0.111627393,10955,3397,4,12238,11085,5,0,1970,2,0,18,4,no,0,3,8,yes,no,no,yes,no,no,no,yes,155427,75605,79822,24814,12687,12127,100601,52615,47986,41388,11944,29444,10955,5583,5372,12238,6258,5980,27533,14076,13457,30980,16454,14526,21679,11083,10596,754,208,99,61,125,49,200,11,1,0,757,38,41,413,99,166
Horoshevskoe,8568431.188,56535,0.063647724,0.236108458,4694,2354,4,3893,6684,4,0,,3,0,14,5,no,0,10,27,no,no,no,no,no,no,no,no,80791,36014,44777,9054,4681,4373,34328,17044,17284,13153,3943,9210,4694,2435,2259,3893,2016,1877,10084,5196,4888,14636,7010,7626,8108,4196,3912,266,38,2,3,122,34,59,0,8,0,266,1,5,163,47,50
Hovrino,5264733.751,80791,0.184282943,0.050755569,5195,3082,4,5469,7123,4,0,145,0,0,10,2,no,0,1,1,no,no,no,no,no,no,no,no,81887,37070,44817,11356,5819,5537,47628,23527,24101,21807,6668,15139,5195,2621,2574,5469,2842,2627,12655,6470,6185,21910,10290,11620,10012,5135,4877,254,58,1,0,18,14,162,0,1,0,253,0,0,113,52,88
Ivanovskoe,10207215.1,122862,0.512707469,0.000169676,6027,2697,7,5992,9439,8,1,,1,0,5,0,no,0,1,0,no,no,no,yes,no,no,no,no,157010,68466,88544,12919,6578,6341,77612,38637,38975,32331,9775,22556,6027,3092,2935,5992,3035,2957,14586,7366,7220,30912,14269,16643,11227,5734,5493,244,72,0,0,22,7,143,0,0,0,244,0,0,46,185,13
Izmajlovo,15045565.2,102828,0.637398943,0.006076152,4992,1313,4,5285,4339,6,0,645,6,0,16,3,no,0,6,0,no,no,no,yes,no,no,no,no,122862,54990,67872,10988,5655,5333,65499,34167,31332,26341,7961,18380,4992,2602,2390,5285,2693,2592,13203,6882,6321,24605,11742,12863,9633,4966,4667,531,85,39,3,356,13,32,0,3,0,530,2,4,442,59,23
Jakimanka,4800968.266,26578,0.294717517,0,1792,0,1,1660,2223,1,1,1786,1,1,20,1,no,0,5,39,no,no,no,no,no,no,no,no,102726,46180,56546,3639,1734,1905,16642,8329,8313,6297,2129,4168,1792,840,952,1660,789,871,3959,1892,2067,20788,9936,10852,3255,1535,1720,180,17,4,0,134,16,8,0,1,0,177,63,25,44,13,32
Jaroslavskoe,8338438.453,94236,0.037753826,0.127811589,5991,2974,4,7287,6119,6,0,320,1,1,13,3,no,0,3,5,no,no,no,no,no,no,no,no,81980,37883,44097,14309,6811,7498,58882,29380,29502,21045,6455,14590,5991,2848,3143,7287,3481,3806,16291,7742,8549,18679,9208,9471,12396,5903,6493,206,34,2,0,66,1,103,0,0,0,207,0,11,60,125,11
Jasenevo,24813850.39,174831,0.683844404,0.037177818,10712,4172,7,11217,10559,7,0,2300,1,0,7,7,no,0,7,1,no,no,no,yes,no,no,no,no,178264,82799,95465,23483,12083,11400,105171,52848,52323,46177,14748,31429,10712,5502,5210,11217,5750,5467,26209,13455,12754,45669,22276,23393,20530,10531,9999,175,16,5,0,2,0,150,0,2,0,175,0,2,7,159,7
Juzhnoe Butovo,26155137.04,178264,0.137846204,0.041116354,14080,11926,11,14892,24750,13,1,,1,0,13,4,no,0,4,4,no,no,no,no,no,no,no,no,102618,47681,54937,30808,16251,14557,121369,59138,62231,26087,7410,18677,14080,7457,6623,14892,7839,7053,34341,18094,16247,19906,9676,10230,27123,14340,12783,1681,173,607,19,245,116,431,1,84,5,1680,34,299,439,109,799
Juzhnoe Medvedkovo,3879802.193,81980,0.157331846,0.232205084,4926,2200,4,4860,6476,4,1,80,0,0,4,2,no,0,3,1,no,no,no,no,no,no,no,yes,27992,12961,15031,10412,5439,4973,52793,26701,26092,18775,5743,13032,4926,2565,2361,4860,2557,2303,11567,6043,5524,7360,3496,3864,9239,4816,4423,194,41,1,0,23,7,122,0,0,0,193,0,0,87,73,33
Juzhnoe Tushino,7887684.174,104434,0.222646321,0.188783766,5989,2707,3,6137,6340,4,0,,0,0,10,1,no,0,1,4,no,no,no,no,no,no,no,no,105663,49025,56638,12906,6652,6254,65729,34908,30821,25799,7471,18328,5989,3061,2928,6137,3196,2941,14403,7428,6975,20306,10071,10235,11355,5854,5501,332,58,0,0,184,6,84,0,0,0,331,3,4,211,93,20
Juzhnoportovoe,4579593.033,71715,0.040431201,0.21843974,4407,1988,2,4472,4390,2,0,1450,4,0,4,1,no,0,7,6,no,no,no,no,no,yes,no,no,101708,46257,55451,9458,4887,4571,44334,22525,21809,17923,5200,12723,4407,2275,2132,4472,2316,2156,10624,5483,5141,21121,10350,10771,8279,4283,3996,217,18,0,0,162,7,30,0,0,0,217,0,22,149,24,22
Kapotnja,8097031.584,31167,0.109135307,0.407276235,1683,1033,2,1768,2367,2,0,370,0,0,1,2,no,0,0,0,no,no,yes,no,no,yes,no,no,219609,102106,117503,3687,1914,1773,20975,12157,8818,6505,1929,4576,1683,900,783,1768,889,879,4064,2115,1949,43821,21377,22444,3208,1671,1537,81,39,0,0,21,0,21,0,0,0,81,0,3,38,32,8
Kon'kovo,7811375.434,153248,0.127002383,0.135649789,7517,2627,5,7960,9650,5,0,350,3,0,11,3,no,0,11,6,no,no,no,yes,no,no,no,no,123000,58226,64774,16468,8851,7617,100062,55456,44606,36718,11958,24760,7517,4062,3455,7960,4280,3680,19439,10398,9041,24753,13005,11748,14528,7865,6663,314,44,0,0,7,3,260,0,0,0,315,0,0,156,126,33
Koptevo,4787424.272,96959,0.03845587,0.122090347,6507,3272,4,6566,8751,6,0,1894,4,0,7,6,no,0,0,7,no,no,no,no,no,no,no,no,78810,36091,42719,13901,7344,6557,59120,29664,29456,23938,6980,16958,6507,3456,3051,6566,3453,3113,15510,8201,7309,17662,8488,9174,12269,6487,5782,390,101,2,0,216,11,60,0,0,0,390,1,9,290,39,51
Kosino-Uhtomskoe,14883622.34,72131,0.024444186,0.158249043,7567,3848,4,5731,8687,5,0,,1,0,4,2,no,0,0,0,no,yes,no,yes,no,no,no,no,102828,47783,55045,13954,7202,6752,49242,24606,24636,8935,2488,6447,7567,3867,3700,5731,3000,2731,15057,7784,7273,26154,13689,12465,12659,6564,6095,1204,12,793,36,179,14,97,0,64,9,1204,298,382,306,42,176
Kotlovka,3998216.265,64317,0.258712472,0.014423114,3977,1094,1,3806,2204,1,0,,0,0,2,1,no,0,3,4,no,no,no,no,no,no,no,no,153248,76265,76983,8284,4260,4024,41476,20890,20586,14557,3963,10594,3977,2026,1951,3806,1983,1823,9216,4729,4487,34556,17958,16598,7321,3780,3541,249,102,0,0,106,1,40,0,0,0,249,1,2,203,38,5
Krasnosel'skoe,4996777.402,47245,0.011047989,0.246623602,2287,659,2,2940,4091,6,0,,3,0,8,3,no,0,6,45,no,no,no,no,yes,no,no,no,55590,23997,31593,5670,2876,2794,30314,15038,15276,11261,3536,7725,2287,1129,1158,2940,1506,1434,6441,3261,3180,11895,5252,6643,4872,2447,2425,232,25,1,0,177,9,11,0,7,2,231,69,46,63,28,25
Krjukovo,10842309.74,85219,0.06217241,0.161531741,5767,5278,6,5648,10529,6,0,30,2,0,4,1,no,0,4,1,no,no,no,no,no,no,no,no,221709,101426,120283,12194,6155,6039,58114,28761,29353,14911,4222,10689,5767,2919,2848,5648,2830,2818,13872,7020,6852,49415,25109,24306,10654,5374,5280,372,8,146,11,65,9,111,1,17,4,373,2,20,184,131,36
Krylatskoe,12164477.11,78507,0.297166335,0,4611,3092,7,5067,7478,7,0,,2,0,14,1,no,0,6,4,no,no,no,no,no,no,no,yes,67710,33382,34328,10175,5105,5070,48620,25579,23041,19712,6368,13344,4611,2331,2280,5067,2522,2545,10892,5480,5412,13540,6769,6771,9168,4583,4585,188,3,3,0,66,27,89,0,0,0,188,1,0,3,81,103
Kuncevo,52351766.54,142462,0.070662054,0.035145267,9347,4050,7,9292,11234,8,0,2620,0,0,5,2,no,0,3,3,no,no,no,yes,no,no,no,no,78507,37052,41455,19784,10339,9445,85551,43352,42199,37127,11024,26103,9347,4806,4541,9292,4919,4373,22071,11484,10587,15929,8541,7388,17469,9082,8387,737,68,204,14,237,21,180,2,10,1,738,47,88,413,94,96
Kurkino,7792845.494,21155,0.528252203,0,2539,2794,4,2733,6620,4,0,920,0,0,7,1,no,0,4,0,no,no,no,no,no,no,no,no,942118,440615,501503,5515,2829,2686,13143,6291,6852,2497,708,1789,2539,1316,1223,2733,1393,1340,5971,3055,2916,197154,99086,98068,4971,2564,2407,504,37,116,29,164,127,14,0,16,1,510,14,45,86,8,357
Kuz'minki,7984443.568,142243,0.372734826,0.000995363,7753,4547,8,7651,10492,8,1,,1,0,7,8,no,0,5,1,no,no,no,yes,no,no,no,no,31167,16000,15167,16405,7985,8420,93811,46746,47065,32027,8404,23623,7753,3809,3944,7651,3675,3976,18245,8914,9331,5829,2955,2874,14430,7004,7426,502,155,0,0,29,6,312,0,0,0,500,0,0,414,35,51
Lefortovo,8993640.418,89971,0.066940871,0.306977489,4993,1768,4,5148,4564,4,0,1575,5,1,12,1,no,0,7,14,no,no,no,yes,no,no,no,yes,142243,63135,79108,10778,5543,5235,58895,32117,26778,20298,6371,13927,4993,2549,2444,5148,2652,2496,12229,6378,5851,25730,12344,13386,9480,4876,4604,285,68,0,1,159,0,55,0,2,0,285,6,50,139,80,10
Levoberezhnoe,6424173.859,51455,0.216360617,0.060753049,2672,1766,2,2787,2730,2,0,520,0,0,3,0,no,0,7,2,no,no,no,yes,no,no,no,no,96959,43988,52971,5836,3084,2752,31832,16710,15122,13787,4592,9195,2672,1392,1280,2787,1484,1303,6589,3486,3103,19189,9275,9914,5133,2715,2418,167,36,0,0,41,11,79,0,0,0,164,0,1,99,34,30
Lianozovo,5646405.14,79576,0.258663383,0.101872465,4857,2703,5,4583,7236,5,0,,3,0,4,3,no,0,3,3,no,no,no,yes,no,no,no,no,68630,33005,35625,10019,5071,4948,51295,28679,22616,18262,5511,12751,4857,2424,2433,4583,2341,2242,11158,5690,5468,15292,7613,7679,8865,4433,4432,301,9,71,47,71,13,84,0,4,2,300,0,52,44,108,96
Ljublino,17881913.61,165727,0.260652636,0.133215333,10809,5153,10,11395,11887,13,0,1406,3,0,13,1,no,0,4,3,no,no,no,yes,no,yes,no,yes,89971,44031,45940,23651,12084,11567,107626,53883,53743,34450,9536,24914,10809,5581,5228,11395,5778,5617,26333,13469,12864,23273,13683,9590,20866,10654,10212,462,58,0,0,209,4,190,0,1,0,461,0,20,193,154,94
Lomonosovskoe,3326418.741,83844,0.051880656,0,4688,3091,5,5027,8359,7,1,46,1,0,6,4,no,0,1,4,no,no,no,no,no,no,no,no,64317,29113,35204,10333,4897,5436,49242,24015,25227,24269,7744,16525,4688,2213,2475,5027,2417,2610,11526,5458,6068,13171,6380,6791,9123,4346,4777,206,39,0,0,109,12,46,0,0,0,210,0,0,153,33,24
Losinoostrovskoe,5361326.947,80917,0.197068419,0.036122292,4169,1926,3,4378,6839,4,0,1036,1,0,11,3,no,0,1,0,no,no,no,yes,no,no,no,no,79576,39261,40315,9111,4645,4466,49063,24680,24383,22743,6799,15944,4169,2104,2065,4378,2265,2113,10264,5255,5009,14204,7376,6828,7964,4077,3887,230,52,0,0,83,2,93,0,0,0,231,0,1,125,87,18
Mar'ina Roshha,4684027.803,65972,0.015525089,0.212515361,3518,1070,1,3293,3068,1,0,628,3,0,7,4,no,0,7,16,no,no,no,no,yes,no,no,no,26943,12163,14780,7150,3700,3450,43472,22791,20681,15350,4589,10761,3518,1783,1735,3293,1739,1554,8031,4173,3858,5000,2407,2593,6382,3296,3086,227,70,1,0,92,4,59,0,1,0,227,8,22,120,59,18
Mar'ino,11754772.16,247469,0.188712765,0.090799103,19223,10175,13,19083,21892,14,0,,5,0,16,16,no,0,15,2,no,no,no,no,no,no,no,yes,165727,75503,90224,40692,20977,19715,161290,79622,81668,45487,12303,33184,19223,9987,9236,19083,9761,9322,45170,23233,21937,35793,17785,18008,36035,18574,17461,352,3,0,0,4,17,328,0,0,0,352,0,0,0,176,176
Marfino,2104404.816,26943,0.033500178,0.08761909,1643,1468,1,1497,2560,2,0,,1,0,4,0,no,0,0,5,no,no,no,no,no,no,no,no,80917,36124,44793,3363,1729,1634,15891,7999,7892,7689,2435,5254,1643,846,797,1497,780,717,3771,1923,1848,14152,6954,7198,2953,1519,1434,137,25,0,0,85,0,27,0,0,0,137,0,1,111,10,15
Matushkino,4708040.47,38075,0.271701516,0.31019913,2448,2080,3,2748,3885,4,0,,0,0,0,0,no,0,0,1,no,no,no,no,no,no,no,no,85219,39138,46081,5572,2978,2594,22413,11273,11140,10090,2911,7179,2448,1294,1154,2748,1478,1270,6332,3374,2958,21787,10891,10896,4828,2603,2225,107,23,0,0,10,16,58,0,0,0,107,0,0,46,15,46
Meshhanskoe,4512002.453,57999,0.128162441,0.015016892,2420,1525,3,3079,5752,3,0,2890,0,1,14,4,no,0,8,59,no,no,no,no,no,no,no,no,47245,21450,25795,5919,2981,2938,33502,16757,16745,18578,5873,12705,2420,1227,1193,3079,1549,1530,6664,3354,3310,9739,4738,5001,5139,2594,2545,384,41,0,0,304,16,22,0,1,0,383,167,39,82,52,43
Metrogorodok,27456466.68,36154,0.852922841,0.086885265,2153,725,2,2277,2837,3,0,1547,0,0,1,1,no,0,0,2,yes,no,no,no,no,no,no,no,103746,46999,56747,4741,2439,2302,22573,11154,11419,8840,2629,6211,2153,1095,1058,2277,1184,1093,5492,2833,2659,26633,12714,13919,4152,2134,2018,142,39,0,0,48,0,55,0,0,0,142,1,1,116,17,7
Mitino,12583535.69,178473,0.194702869,0.069753361,13087,6839,9,13670,17063,10,0,,1,0,17,6,no,0,11,4,no,no,no,no,no,no,no,no,21155,9828,11327,28563,14680,13883,120381,60040,60341,29529,9083,20446,13087,6645,6442,13670,7126,6544,32063,16513,15550,3292,1450,1842,24934,12782,12152,458,9,51,12,124,50,201,0,9,2,459,13,24,40,130,252
Molzhaninovskoe,15816236.43,3521,0.004675994,0,266,,0,252,1012,1,0,,0,0,0,0,no,0,2,3,no,no,no,no,no,no,no,no,51455,24386,27069,542,260,282,2061,1121,940,918,328,590,266,128,138,252,119,133,590,283,307,12706,6628,6078,494,240,254,866,15,652,34,100,5,0,0,58,2,866,32,263,490,25,56
Moskvorech'e-Saburovo,10046857.44,76156,0.071056234,0.246031548,3816,3150,5,3151,5519,5,0,2715,3,1,7,6,no,0,3,4,no,no,no,yes,no,no,yes,no,130229,60619,69610,7296,3649,3647,52450,26354,26096,16410,4819,11591,3816,1868,1948,3151,1598,1553,8456,4233,4223,27194,12852,14342,6625,3297,3328,153,4,0,0,75,3,71,0,0,0,153,0,0,78,54,21
Mozhajskoe,16861532.79,132349,0.069670879,0.130617806,9005,4182,6,10418,8658,6,0,900,1,0,12,2,no,0,9,9,no,no,no,yes,no,no,no,no,142462,64715,77747,20725,10613,10112,82808,44728,38080,28816,8173,20643,9005,4632,4373,10418,5300,5118,23155,11841,11314,27514,13369,14145,18047,9244,8803,454,64,15,1,225,8,135,0,6,0,456,0,37,263,105,51
Nagatino-Sadovniki,7750777.821,76284,0.094680962,0.313924552,4935,2508,4,4625,5254,6,0,3855,2,0,10,3,no,0,10,11,no,no,no,yes,no,no,no,no,76156,34822,41334,10168,5342,4826,46080,23223,22857,20036,5635,14401,4935,2595,2340,4625,2446,2179,11461,6027,5434,19547,9638,9909,8992,4724,4268,189,42,0,0,94,4,49,0,0,0,186,0,3,127,46,10
Nagatinskij Zaton,9589336.912,115352,0.372602044,0.049637257,6880,3119,5,7759,6237,8,0,229,1,0,6,1,yes,1,3,0,no,no,no,no,no,no,no,no,76284,34200,42084,15727,7925,7802,70194,35622,34572,29431,9266,20165,6880,3466,3414,7759,3909,3850,17700,8998,8702,15164,7571,7593,13729,6929,6800,245,83,1,0,67,4,90,0,0,0,244,1,1,143,84,15
Nagornoe,5293464.965,77878,0.023464016,0.195781053,4713,2279,4,5212,10027,8,1,,3,0,2,2,no,0,2,6,no,no,no,no,no,no,no,no,115352,52813,62539,10600,5422,5178,49882,24603,25279,17396,5130,12266,4713,2390,2323,5212,2677,2535,11749,6001,5748,22625,11064,11561,9319,4737,4582,244,71,0,0,105,4,64,0,0,0,243,0,1,153,56,33
Nekrasovka,11391678.48,19940,0.055643565,0.243204519,1706,2395,5,1564,7377,5,0,540,0,0,0,4,no,0,0,0,no,yes,no,no,no,no,no,no,247469,112902,134567,3459,1782,1677,13331,6670,6661,3150,948,2202,1706,862,844,1564,821,743,3831,1973,1858,55710,27242,28468,3112,1600,1512,43,3,0,0,10,2,28,0,0,0,41,0,1,7,10,23
Nizhegorodskoe,7506452.02,43795,0.007670134,0.486245621,2418,852,2,2514,2012,3,0,,0,0,7,0,no,0,6,19,yes,no,no,yes,no,no,no,no,19940,9400,10540,5291,2744,2547,29660,15793,13867,8844,2608,6236,2418,1224,1194,2514,1328,1186,5866,3035,2831,4851,2329,2522,4632,2399,2233,188,24,0,0,147,2,15,0,0,0,188,0,5,152,25,6
Novo-Peredelkino,8591335.051,111023,0.058543047,0.025609157,6354,4249,7,5261,9373,7,0,240,3,0,6,4,no,0,1,0,no,no,no,no,no,no,no,no,132349,63514,68835,12244,6418,5826,81271,42748,38523,17508,4780,12728,6354,3372,2982,5261,2730,2531,13507,7088,6419,27107,13773,13334,11003,5778,5225,743,13,372,83,114,18,123,0,12,8,744,4,187,209,170,174
Novogireevo,4395332.782,94561,0.063755213,0.038692987,6120,2215,4,6533,5824,4,0,1015,2,0,7,1,no,0,5,1,no,no,no,yes,no,no,no,no,72131,34296,37835,13523,6724,6799,56908,27219,29689,24130,7105,17025,6120,3096,3024,6533,3192,3341,14994,7422,7572,17070,7717,9353,11903,5928,5975,304,108,2,0,105,4,85,0,0,0,303,1,2,220,66,14
Novokosino,3707575.212,103746,0.030566196,0.041365446,5539,3530,5,5569,6159,5,0,,1,0,1,0,no,0,4,0,no,no,no,no,no,no,no,no,94561,41048,53513,11940,5998,5942,73158,35602,37556,18648,5399,13249,5539,2753,2786,5569,2826,2743,13609,6847,6762,18480,8434,10046,10329,5184,5145,177,4,0,0,0,4,169,0,0,0,177,0,0,0,102,75
Obruchevskoe,6050064.566,78616,0.16752567,0.093442564,4215,2372,6,4635,6083,8,0,3300,2,1,11,1,no,0,4,5,no,no,no,yes,no,no,no,no,83844,36656,47188,9414,4815,4599,51445,25003,26442,17757,5579,12178,4215,2161,2054,4635,2364,2271,10896,5572,5324,15835,7398,8437,8301,4219,4082,185,38,0,0,4,9,134,0,0,0,186,0,0,84,36,66
Ochakovo-Matveevskoe,17526506.21,118843,0.133372781,0.309479124,7454,1830,2,7715,6484,3,0,990,0,0,7,3,no,0,6,4,yes,no,no,no,no,no,no,no,111023,53946,57077,16098,8287,7811,78670,44653,34017,24075,7300,16775,7454,3845,3609,7715,3971,3744,18269,9507,8762,29595,15052,14543,14168,7326,6842,299,81,1,4,66,24,123,0,0,0,299,0,2,134,106,57
Orehovo-Borisovo Juzhnoe,7128794.338,145576,0.075790042,0.100455735,5594,4792,7,7227,11178,7,1,,1,0,7,2,no,0,6,0,no,no,no,no,no,yes,no,no,129207,55959,73248,13595,6998,6597,104635,50319,54316,27346,8321,19025,5594,2876,2718,7227,3718,3509,14976,7670,7306,28334,11674,16660,11923,6142,5781,195,28,0,0,0,3,164,0,0,0,195,0,0,0,188,7
Orehovo-Borisovo Severnoe,7462269.563,129207,0.387099854,0.007720282,4669,3648,6,4788,6587,6,0,,0,0,4,2,no,0,4,2,no,no,no,no,no,no,no,no,77878,35155,42723,10079,5160,4919,83861,38868,44993,35267,11931,23336,4669,2398,2271,4788,2455,2333,11313,5780,5533,17033,8191,8842,8791,4491,4300,152,14,5,0,2,2,128,0,1,0,152,2,3,1,135,11
Ostankinskoe,12505755.08,61396,0.403651442,0.049863387,3155,1120,5,3746,5341,5,0,75,3,0,8,5,yes,4,1,9,no,no,no,no,no,no,no,no,65972,31080,34892,7278,3711,3567,37484,18991,18493,16634,5214,11420,3155,1607,1548,3746,1910,1836,8008,4054,3954,14457,7403,7054,6464,3291,3173,186,78,1,1,70,1,34,0,1,0,186,0,2,139,33,12
Otradnoe,10053051.74,175518,0.096270197,0.300322518,9753,5088,4,10311,12721,4,0,,1,0,10,3,no,0,9,6,no,yes,no,yes,no,no,no,no,61396,27916,33480,21400,11094,10306,112133,59089,53044,41985,12703,29282,9753,5044,4709,10311,5335,4976,23849,12412,11437,11588,5359,6229,18732,9663,9069,282,35,0,0,20,5,222,0,0,0,282,0,0,14,246,22
Pechatniki,18445806.5,83369,0.030696593,0.428825818,4615,2936,5,5011,5791,5,0,730,0,0,4,5,no,0,2,8,no,no,no,yes,no,no,no,yes,43795,21145,22650,10341,5333,5008,51393,25972,25421,21635,6654,14981,4615,2428,2187,5011,2542,2469,11726,6046,5680,8822,4418,4404,8970,4633,4337,298,53,22,0,114,5,99,0,4,1,298,4,12,155,103,24
Perovo,9946335.108,139322,0.065408826,0.225824954,6400,2232,7,6558,7966,7,0,1548,3,0,13,0,no,0,2,7,yes,no,yes,yes,no,no,no,no,36154,16222,19932,13799,6937,6862,91795,44734,47061,33728,9653,24075,6400,3209,3191,6558,3317,3241,15514,7813,7701,8137,3787,4350,12162,6117,6045,561,111,0,0,254,3,189,0,4,0,561,0,5,437,79,40
Pokrovskoe Streshnevo,13089795.79,53786,0.183968555,0.150817539,3051,922,2,3433,3577,4,0,2643,4,0,10,2,no,0,5,4,no,no,no,yes,no,no,no,no,178473,83803,94670,6931,3341,3590,33149,16783,16366,13706,4107,9599,3051,1510,1541,3433,1635,1798,7727,3751,3976,44237,22136,22101,6046,2929,3117,273,17,5,0,155,58,31,0,7,0,271,0,18,145,37,71
Poselenie Desjonovskoe,52995275.39,13890,0.349935291,0.011654127,953,,0,915,,0,0,,0,0,0,1,no,0,0,0,no,no,no,no,no,no,no,no,21819,10343,11477,1991,1030,962,8910,4707,4203,2989,847,2142,953,495,459,915,472,444,2243,1165,1078,4923,2754,2169,1755,906,849,,,,,,,,,,,,,,,,
Poselenie Filimonkovskoe,35747947.91,2546,0.548991609,0.034656082,175,,0,168,,0,0,,0,0,0,0,no,0,0,0,no,no,no,no,no,no,no,no,2942,1381,1562,365,189,177,1633,863,771,548,156,393,175,91,85,168,87,82,411,214,198,628,337,292,322,166,156,,,,,,,,,,,,,,,,
Poselenie Kievskij,61978118.91,8384,0.776419033,0.014333947,531,,0,528,,0,0,0,0,0,0,0,no,0,0,0,no,no,no,no,no,no,no,no,32241,14748,17493,1130,584,546,5428,3033,2396,1826,508,1318,531,274,257,528,275,254,1266,654,613,6296,3219,3077,993,515,479,,,,,,,,,,,,,,,,
Poselenie Klenovskoe,119986402.6,2942,0.504145294,0.002141442,206,,0,203,,0,0,,0,0,0,0,no,0,0,0,no,no,no,no,no,no,no,no,4199,1972,2229,436,223,213,1832,971,861,674,187,488,206,106,100,203,103,101,486,249,237,896,481,416,385,197,188,,,,,,,,,,,,,,,,
Poselenie Kokoshkino,8034501.262,12061,0.176713735,0.014580716,763,,0,760,,0,0,,0,0,0,1,no,0,0,1,no,no,no,no,no,no,no,no,7538,3709,3830,1625,840,785,7809,4363,3446,2627,731,1896,763,394,370,760,395,365,1821,940,881,1880,1151,729,1429,741,688,1,0,1,0,0,0,0,0,0,0,1,0,0,1,0,0
Poselenie Krasnopahorskoe,86999406.49,4199,0.501648042,0.01405792,294,,0,290,,0,0,,0,0,0,1,no,0,0,0,no,no,no,no,no,no,no,no,12061,5934,6127,622,318,304,2615,1387,1229,962,267,696,294,152,143,290,147,144,693,355,339,3009,1842,1167,549,281,268,,,,,,,,,,,,,,,,
Poselenie Marushkinskoe,50327530.18,5740,0.317802133,0.059456227,363,,0,362,,0,0,,0,0,0,0,no,0,0,0,no,no,no,no,no,no,no,no,4949,2323,2627,774,400,374,3716,2076,1640,1250,348,903,363,188,176,362,188,174,867,448,419,1056,566,490,680,353,328,180,1,121,47,9,1,0,0,1,0,180,1,1,143,12,23
Poselenie Mihajlovo-Jarcevskoe,64556172.19,4949,0.58617507,0.005819206,346,,0,342,,0,0,,0,0,0,1,no,0,0,0,no,no,no,no,no,no,no,no,8227,3861,4368,733,375,359,3082,1634,1448,1134,314,820,346,179,168,342,173,169,817,418,399,1756,941,815,647,331,316,,,,,,,,,,,,,,,,
Poselenie Moskovskij,40366999.51,21819,0.492839845,0.075778755,1497,,0,1437,,0,0,,0,0,3,3,no,0,2,3,no,no,no,no,no,no,no,no,7341,3445,3898,3128,1618,1510,13996,7394,6602,4695,1331,3365,1497,777,721,1437,741,697,3523,1830,1694,1566,840,727,2756,1423,1333,1,0,1,0,0,0,0,0,0,0,1,0,0,1,0,0
Poselenie Mosrentgen,6497944.995,17236,0.206009214,0.386771659,1183,,0,1135,,0,0,,0,0,0,1,no,0,0,0,no,no,no,no,no,yes,no,no,2693,1264,1430,2471,1278,1193,11056,5841,5215,3709,1051,2658,1183,614,569,1135,585,550,2783,1445,1338,575,308,267,2177,1125,1053,,,,,,,,,,,,,,,,
Poselenie Novofedorovskoe,148701635.4,6161,0.670839782,0.005767451,390,,0,388,,0,0,,0,0,0,0,no,0,0,0,no,no,no,no,no,no,no,no,8384,4125,4260,830,430,401,3989,2229,1760,1342,374,969,390,201,189,388,202,187,930,480,450,2092,1281,811,730,379,352,,,,,,,,,,,,,,,,
Poselenie Pervomajskoe,118663840.1,7538,0.551882581,0.014072961,477,,0,475,,0,0,,0,0,0,0,no,0,0,0,no,no,no,no,no,no,no,no,5740,2824,2917,1016,525,491,4880,2727,2154,1642,457,1185,477,246,231,475,247,228,1138,588,551,1432,877,556,893,463,430,1,1,0,0,0,0,0,0,0,0,1,0,0,1,0,0
Poselenie Rjazanovskoe,41335397.7,17790,0.098199267,0.051815435,1244,,0,1227,,0,0,,0,0,1,1,no,0,0,0,no,no,no,no,no,no,no,no,7122,3378,3747,2633,1346,1288,11081,5875,5207,4076,1129,2948,1244,641,603,1227,621,607,2935,1502,1434,1607,899,708,2325,1190,1136,,,,,,,,,,,,,,,,
Poselenie Rogovskoe,176246410,2693,0.64957764,0.004949358,189,,0,186,,0,0,,0,0,0,0,no,0,0,0,no,no,no,no,no,no,no,no,6161,3033,3130,399,204,195,1677,889,788,617,171,447,189,97,92,186,94,92,445,228,217,1537,941,596,352,181,172,,,,,,,,,,,,,,,,
Poselenie Shhapovskoe,88709238.57,7341,0.482783339,0.012521634,514,,0,507,,0,0,,0,0,0,1,no,0,0,0,no,no,no,no,no,no,no,no,2546,1208,1341,1087,555,532,4572,2424,2149,1682,466,1217,514,265,249,507,256,251,1211,620,592,575,322,253,960,491,469,,,,,,,,,,,,,,,,
Poselenie Shherbinka,7878765.473,32241,0.05707006,0.211401214,2041,,0,1892,,0,0,,0,0,0,3,no,0,1,0,no,no,no,no,no,no,no,no,39873,18306,21567,4207,2168,2039,20445,10490,9955,7589,2090,5499,2041,1065,976,1892,953,939,4724,2441,2283,7467,3649,3818,3681,1894,1787,2,0,1,0,0,0,0,0,1,0,2,0,0,2,0,0
Poselenie Sosenskoe,66772450.69,9553,0.336176896,0.072157581,656,,0,629,,0,0,,0,0,1,0,no,0,0,1,no,no,no,no,no,yes,no,no,13890,6584,7307,1370,709,661,6127,3237,2890,2056,583,1473,656,340,316,629,325,305,1542,801,742,3134,1753,1381,1207,623,584,,,,,,,,,,,,,,,,
Poselenie Vnukovskoe,25536296.81,4001,0.496315283,0.007122317,275,,0,264,,0,0,,0,0,0,0,no,0,1,0,no,no,no,no,no,no,no,no,17790,8350,9443,574,297,277,2566,1356,1211,861,244,617,275,143,133,264,136,128,646,336,311,3796,2035,1762,506,261,245,,,,,,,,,,,,,,,,
Poselenie Voronovskoe,206071809.2,8227,0.641939385,0.01131981,576,,0,568,,0,0,,0,0,0,0,no,0,0,1,no,no,no,no,no,no,no,no,17236,8170,9066,1218,622,596,5124,2717,2408,1885,522,1364,576,297,279,568,287,281,1358,695,663,3889,2176,1714,1076,551,526,,,,,,,,,,,,,,,,
Poselenie Voskresenskoe,21494094.8,7122,0.262459141,0.017647053,489,,0,469,,0,0,,0,0,0,2,no,0,0,0,no,no,no,no,no,no,no,no,9553,4529,5024,1021,529,493,4568,2414,2155,1533,435,1099,489,254,236,469,242,228,1150,597,553,2155,1206,950,900,465,435,,,,,,,,,,,,,,,,
Preobrazhenskoe,5586342.585,83502,0.086219843,0.040242764,3381,1820,2,3478,4169,3,1,2729,3,0,9,3,no,0,1,11,no,no,no,no,no,no,no,no,57405,25766,31639,7385,3709,3676,51951,25972,25979,24166,7717,16449,3381,1731,1650,3478,1711,1767,8444,4243,4201,11155,5546,5609,6372,3204,3168,251,73,0,0,121,7,50,0,0,0,251,5,22,156,55,13
Presnenskoe,11638050.15,123280,0.068202173,0.042031587,7125,3240,7,6856,10602,9,0,1940,2,1,29,2,yes,3,5,84,no,no,no,yes,no,no,no,no,57999,25611,32388,14906,7789,7117,75357,38841,36516,33017,10594,22423,7125,3725,3400,6856,3580,3276,16727,8746,7981,10184,4834,5350,13121,6880,6241,836,99,6,1,664,33,30,0,2,1,831,240,114,332,76,69
Prospekt Vernadskogo,4695913.354,61039,0.260459642,0,3201,866,5,3374,4385,5,0,620,1,1,9,5,no,0,2,5,no,no,no,no,no,no,no,no,118843,60240,58603,7029,3580,3449,41554,20567,20987,12456,3676,8780,3201,1631,1570,3374,1728,1646,8184,4225,3959,25783,14387,11396,6146,3149,2997,216,34,0,0,11,47,124,0,0,0,216,0,0,144,18,54
Ramenki,18800000.1,125111,0.169625419,0.019508796,8371,903,8,7687,7788,8,0,176,5,1,12,5,yes,1,5,11,no,no,no,yes,no,no,no,no,61039,27823,33216,16928,8715,8213,79011,41069,37942,29172,8989,20183,8371,4356,4015,7687,3937,3750,19215,9989,9226,15495,7299,8196,15224,7873,7351,314,78,2,0,99,38,97,0,0,0,314,1,0,135,98,80
Rjazanskij,6377883.078,101982,0.017855768,0.333891544,5408,4266,6,6564,8348,6,0,,0,0,7,3,no,0,0,1,no,no,no,no,no,no,no,no,83369,37959,45410,12842,6633,6209,62215,30661,31554,26925,8782,18143,5408,2794,2614,6564,3389,3175,14443,7479,6964,16974,8334,8640,11169,5745,5424,324,78,0,0,148,4,93,0,1,0,324,0,4,231,58,31
Rostokino,3497818.591,37502,0.146940785,0.210473241,2334,1040,1,2398,2260,2,0,1994,3,1,8,5,no,0,0,2,no,no,no,no,no,no,no,no,175518,82886,92632,5074,2551,2523,22837,11618,11219,9591,2936,6655,2334,1175,1159,2398,1207,1191,5652,2877,2775,35541,17988,17553,4480,2252,2228,152,46,0,0,84,8,14,0,0,0,152,0,2,118,23,9
Savelki,7759253.984,32071,0.278314608,0.148903891,1888,1065,3,1952,4674,3,0,1430,3,0,3,0,no,0,2,1,no,no,no,no,no,no,no,no,37807,17024,20783,4100,2086,2014,19960,10515,9445,8011,2305,5706,1888,972,916,1952,992,960,4848,2561,2287,7610,3765,3845,3592,1848,1744,123,26,21,0,33,10,31,0,2,0,123,2,13,61,10,37
Savelovskoe,2641243.496,57995,0.015899966,0.051942062,4119,884,2,4017,2812,2,0,800,2,0,6,0,no,0,0,7,no,no,no,no,no,no,no,no,3521,1709,1812,8583,4338,4245,35405,17699,17706,14007,4168,9839,4119,2042,2077,4017,2061,1956,9363,4728,4635,625,323,302,7723,3901,3822,254,66,1,0,156,3,27,0,0,1,255,1,9,193,38,14
Severnoe,10416574.64,27992,0.146446907,0.197367951,2510,1135,2,2423,3298,2,0,32,0,0,1,4,no,0,1,1,no,no,no,no,no,no,no,no,122873,54937,67936,5238,2639,2599,19539,9481,10058,3215,841,2374,2510,1265,1245,2423,1225,1198,5799,2934,2865,24357,11160,13197,4648,2342,2306,479,9,97,2,317,6,42,0,6,0,479,4,55,196,11,213
Severnoe Butovo,8889466.752,90114,0.579644597,0,5102,3617,6,4798,7653,6,0,30,2,0,6,1,no,0,8,0,no,no,no,no,no,no,no,no,78616,35397,43219,10562,5371,5191,65270,38289,26981,14282,4233,10049,5102,2574,2528,4798,2468,2330,11749,5983,5766,19093,8734,10359,9304,4727,4577,154,4,0,0,25,1,124,0,0,0,154,0,0,11,102,41
Severnoe Izmajlovo,4190070.548,85083,0.051566848,0.034331497,5586,3064,6,5487,7746,7,0,,0,0,5,3,no,0,4,3,no,no,no,no,no,no,no,no,139322,61324,77998,11746,5968,5778,49742,24624,25118,23595,7003,16592,5586,2842,2744,5487,2792,2695,12962,6579,6383,30010,14284,15726,10406,5301,5105,356,191,0,0,51,0,114,0,0,0,356,0,0,308,22,26
Severnoe Medvedkovo,5725729.259,122873,0.141280723,0.175054867,8132,3916,4,10055,7595,4,0,,1,0,6,0,no,0,0,3,no,no,no,yes,no,no,no,no,60315,27188,33127,19487,9291,10196,77062,37955,39107,26324,7691,18633,8132,3849,4283,10055,4842,5213,21615,10335,11280,14780,6845,7935,16940,8087,8853,263,95,0,0,4,3,161,0,0,0,259,0,0,124,73,62
Severnoe Tushino,9249237.174,156377,0.374067926,0,10190,4116,5,11319,9891,5,0,1145,3,0,1,2,no,0,5,0,no,no,no,no,no,no,no,no,53786,24231,29555,22961,12039,10922,93843,47269,46574,39573,12538,27035,10190,5334,4856,11319,5929,5390,26095,13597,12498,11372,5629,5743,20140,10531,9609,318,50,7,1,16,9,235,0,0,0,318,0,2,165,93,58
Shhukino,7963518.819,105663,0.126499246,0.161975568,6700,2854,4,7010,7023,5,0,4508,3,0,11,5,no,0,7,5,no,no,no,yes,no,no,yes,no,166803,77246,89557,14588,7421,7167,64875,33603,31272,26200,8001,18199,6700,3383,3317,7010,3585,3425,16161,8244,7917,31968,15597,16371,12927,6566,6361,407,44,0,0,277,9,75,0,2,0,411,0,12,304,63,32
Silino,9780189.547,37807,0.371990002,0.136244425,2427,1427,3,2370,2506,3,0,,0,0,0,0,no,0,1,0,no,no,no,no,no,no,no,no,38075,17162,20913,5063,2491,2572,22548,11443,11105,10196,3090,7106,2427,1189,1238,2370,1187,1183,5561,2716,2845,7365,3630,3735,4510,2236,2274,61,30,7,0,6,1,17,0,0,0,61,0,2,9,46,4
Sokol,3496889.653,57107,0.067926965,0.174739084,2982,1744,4,3379,4960,6,0,100,0,0,5,10,no,0,3,9,no,no,no,no,no,no,no,no,57995,26205,31790,6807,3590,3217,36496,18719,17777,13804,4608,9196,2982,1549,1433,3379,1804,1575,7887,4153,3734,12073,5873,6200,5981,3138,2843,335,17,42,14,250,5,5,0,2,0,336,0,110,199,10,17
Sokol'niki,10320473.23,57405,0.523439075,0.042307271,2459,933,5,2810,5050,5,0,4849,3,0,17,6,no,0,6,9,no,no,no,no,no,no,no,yes,85956,40724,45232,5682,2925,2757,35003,17490,17513,16720,5351,11369,2459,1241,1218,2810,1472,1338,6510,3345,3165,19445,10085,9360,4884,2507,2377,217,23,1,0,139,12,41,0,0,1,216,11,38,90,58,19
Sokolinaja Gora,7905261.321,85956,0.014925117,0.319809354,4257,643,4,4756,5180,4,0,2857,5,1,14,4,no,0,8,16,no,no,no,yes,no,no,no,no,85083,37595,47488,9647,5248,4399,55337,28925,26412,20972,6551,14421,4257,2227,2030,4756,2651,2105,11088,6038,5050,16292,7683,8609,8464,4554,3910,348,94,0,0,217,7,30,0,0,0,347,2,18,264,50,13
Solncevo,11324091.93,113897,0.083809588,0.371148999,8340,3953,5,7065,9700,5,0,750,2,0,4,3,no,0,5,1,no,no,no,no,no,no,no,no,125111,58773,66338,16287,8039,8248,75334,38138,37196,22276,6180,16096,8340,4048,4292,7065,3531,3534,17908,8858,9050,31549,16302,15247,14555,7157,7398,801,43,352,79,126,16,157,0,23,5,800,23,181,278,131,187
Staroe Krjukovo,4389199.094,28537,0.033225884,0.13012277,1908,1860,2,1986,5038,3,0,,0,0,1,0,no,0,0,0,no,no,no,no,no,no,no,no,32071,14906,17165,4203,2199,2004,16577,8662,7915,7757,2335,5422,1908,994,914,1986,1036,950,4735,2476,2259,7355,4086,3269,3645,1903,1742,96,22,27,7,4,3,33,0,0,0,96,0,5,30,39,22
Strogino,16751119.46,155427,0.338150977,0.041124634,9254,4606,8,9515,11032,9,0,,1,0,6,2,no,0,10,5,no,no,no,no,no,no,no,yes,156377,71846,84531,20003,10461,9542,97920,53042,44878,37504,12102,25402,9254,4856,4398,9515,4991,4524,22087,11541,10546,32847,16042,16805,17622,9249,8373,453,14,161,25,73,9,160,0,11,0,453,47,42,99,175,90
Sviblovo,4441296.195,60315,0.137975734,0.178916796,3694,2057,1,3594,3741,2,0,192,1,0,4,6,no,0,5,4,no,no,no,no,no,no,no,no,37502,17105,20397,7706,3714,3992,40289,20014,20275,12320,3460,8860,3694,1821,1873,3594,1679,1915,8741,4311,4430,7290,3575,3715,6859,3295,3564,180,58,0,0,61,0,60,0,1,0,177,0,0,123,30,24
Taganskoe,8087656.379,116742,0.048011029,0.007658515,6694,3318,5,7077,9748,10,0,2301,3,1,24,1,yes,1,19,56,no,no,no,yes,no,no,no,no,123280,57224,66056,14715,7597,7118,71253,35672,35581,30774,9567,21207,6694,3466,3228,7077,3623,3454,16586,8587,7999,24466,12304,12162,12941,6673,6268,502,70,31,1,296,19,76,0,6,3,501,65,58,219,102,57
Tekstil'shhiki,4808269.831,101708,0.112559644,0.118537385,5879,1463,4,6207,5580,7,0,1183,1,0,5,1,no,0,0,1,no,no,no,yes,no,no,no,no,101982,46076,55906,13028,6835,6193,63388,31813,31575,25292,7609,17683,5879,3095,2784,6207,3269,2938,14884,7821,7063,19401,9045,10356,11252,5916,5336,330,59,0,0,206,4,60,0,1,0,330,1,0,246,63,20
Teplyj Stan,8392316.21,130396,0.426396297,0.002211665,6980,4523,5,7614,9443,6,0,,1,0,3,2,no,0,5,3,no,no,no,yes,no,yes,no,no,90114,47893,42221,15541,7898,7643,76776,38310,38466,38079,12885,25194,6980,3496,3484,7614,3917,3697,17425,8832,8593,20655,10812,9843,13682,6913,6769,195,53,0,0,3,8,131,0,0,0,196,0,0,0,183,13
Timirjazevskoe,10508030.1,81887,0.331318706,0.020741326,4969,1807,4,5613,6217,8,0,1340,2,0,12,1,no,0,5,5,no,no,no,yes,no,no,no,no,57107,26917,30190,11205,5858,5347,52030,25541,26489,18652,5671,12981,4969,2557,2412,5613,2974,2639,13145,6764,6381,15474,7920,7554,9864,5162,4702,321,82,16,0,175,5,41,0,0,2,321,3,33,226,48,11
Troickij okrug,16315230.22,39873,0.375973778,0.07542368,2870,,0,3097,,0,0,,0,0,3,2,no,0,0,0,no,no,no,no,no,no,no,no,143661,65525,78136,6363,3275,3088,24009,12128,11881,9501,2903,6598,2870,1442,1428,3097,1618,1479,7060,3655,3405,31367,15559,15808,5569,2857,2712,2,0,1,0,1,0,0,0,0,0,2,0,1,0,1,0
Troparevo-Nikulino,11275073.5,112804,0.331075802,0.000991363,6945,3587,8,6783,11286,9,2,,1,1,14,2,no,0,9,3,no,no,no,yes,no,no,no,no,113897,52357,61540,14587,7484,7103,68234,34276,33958,29983,9871,20112,6945,3523,3422,6783,3509,3274,16521,8492,8029,25781,12410,13371,12892,6592,6300,179,13,0,0,1,18,147,0,0,0,178,0,0,28,90,60
Tverskoe,7307410.574,75377,0.065444314,7.81528e-05,4237,1874,4,6398,6772,4,1,1046,3,2,29,16,yes,10,23,141,no,no,no,yes,yes,no,no,yes,116742,52836,63906,11272,5470,5802,43921,21901,22020,20184,6644,13540,4237,2079,2158,6398,3094,3304,12508,6065,6443,23480,11491,11989,9955,4835,5120,651,19,27,4,529,25,41,0,5,1,650,263,105,154,71,57
Veshnjaki,10518366.87,118945,0.334905313,0.012338886,5208,3494,6,5776,6766,7,0,2078,2,0,7,0,no,0,4,1,no,no,no,no,no,no,no,no,104410,49293,55117,11729,6059,5670,74032,36686,37346,33184,10307,22877,5208,2686,2522,5776,3000,2776,13481,6960,6521,21542,10971,10571,10230,5290,4940,234,45,0,0,26,2,161,0,0,0,234,0,0,47,171,16
Vnukovo,15319902.35,21040,0.051548926,0.036270089,1491,1105,1,1318,2231,1,0,200,1,0,0,0,no,0,1,1,no,no,no,no,no,no,no,no,1285626,611775,673851,2981,1549,1432,13457,6933,6524,4602,1234,3368,1491,778,713,1318,685,633,3307,1699,1608,281232,142554,138678,2645,1379,1266,1233,25,774,97,254,18,18,0,41,6,1233,1,173,845,101,113
Vojkovskoe,5333221.259,64931,0.074076708,0.16909109,3905,1579,6,3856,5838,8,0,,2,0,5,2,no,0,5,10,no,no,no,no,no,no,no,yes,73148,32972,40176,8240,4062,4178,38266,19019,19247,18425,5728,12697,3905,1897,2008,3856,1923,1933,9251,4545,4706,11699,5634,6065,7282,3577,3705,268,52,0,0,156,9,46,0,5,0,268,0,14,170,59,25
Vostochnoe,3284350.011,12327,0.08141001,0.394094211,712,943,3,662,1924,3,0,35,0,0,0,3,no,0,0,0,no,no,no,no,no,no,no,no,76308,34785,41523,1444,739,705,8068,4042,4026,2815,807,2008,712,364,348,662,333,329,1625,829,796,18175,8622,9553,1295,667,628,68,0,1,0,58,0,9,0,0,0,68,0,14,42,11,1
Vostochnoe Degunino,3875439.354,94564,0.100505636,0.219006007,6222,3062,4,6746,5692,4,0,,1,0,3,2,no,0,4,3,no,no,no,no,no,no,no,no,64931,28809,36122,13938,7131,6807,59008,29219,29789,21618,6400,15218,6222,3117,3105,6746,3531,3215,15801,8034,7767,12584,6028,6556,12121,6183,5938,159,39,0,0,2,7,111,0,0,0,159,0,0,1,134,24
Vostochnoe Izmajlovo,3799999.352,76308,0.232655892,0.149666373,5096,1838,2,4789,4474,3,0,4087,4,0,6,3,no,0,1,2,no,no,no,yes,no,no,no,no,118945,53052,65893,10530,5384,5146,48790,24297,24493,16988,5104,11884,5096,2575,2521,4789,2478,2311,11868,6085,5783,23760,11710,12050,9313,4745,4568,247,49,0,0,98,7,92,0,1,0,247,0,0,194,42,11
Vyhino-Zhulebino,15094874.77,219609,0.300284261,0.033493708,10167,7610,10,10573,16049,11,0,1322,3,0,11,11,no,0,8,1,no,no,no,yes,no,no,no,no,1318695,607126,711569,22341,11471,10870,140182,71360,68822,57086,19275,37811,10167,5279,4888,10573,5409,5164,25474,13030,12444,276143,137389,138754,19389,9977,9412,567,112,81,5,38,8,320,0,2,1,566,5,54,203,210,94
Zamoskvorech'e,4280227.098,55590,0.019885461,1.8e-09,3344,2224,4,3681,4487,4,0,1815,2,3,13,1,no,0,5,73,no,no,no,no,yes,no,no,no,108171,49958,58213,7561,3682,3879,34380,16258,18122,13649,4057,9592,3344,1681,1663,3681,1760,1921,8477,4084,4393,24212,12067,12145,6588,3227,3361,377,27,14,8,301,14,13,0,0,0,375,139,73,105,23,35
Zapadnoe Degunino,7632939.805,78810,0.051843748,0.43788524,5519,1503,3,5735,5782,3,0,1084,0,0,3,2,no,0,5,3,no,no,no,yes,no,no,no,no,87713,41288,46425,11996,6185,5811,51138,25535,25603,15676,4371,11305,5519,2775,2744,5735,3043,2692,13390,6903,6487,17236,8896,8340,10557,5442,5115,212,55,11,0,28,12,105,0,1,0,213,1,2,95,58,57
Zjablikovo,4602089.659,130229,0.114157061,0,8450,3909,4,8647,8294,5,0,810,0,0,5,1,no,0,5,0,no,no,no,no,no,no,no,yes,48439,21571,26868,18221,9702,8519,82231,41640,40591,29777,9277,20500,8450,4485,3965,8647,4620,4027,20294,10750,9544,10403,4913,5490,16051,8543,7508,160,25,0,0,0,1,134,0,0,0,160,0,0,0,149,11
Zjuzino,5391434.257,123000,0.079151397,0,6715,3092,5,6714,6442,5,0,2672,0,2,4,2,no,0,2,2,no,no,no,yes,no,no,no,no,76670,36352,40318,14317,7412,6905,78835,42329,36506,29848,8485,21363,6715,3452,3263,6714,3509,3205,15947,8263,7684,16001,8282,7719,12653,6548,6105,400,223,0,0,45,8,124,0,0,0,400,0,0,298,64,38
