"city_matched","label","State","Population_city","hosp_count","mean_rating","median_rating","ACCESS2_city","hcoverage_city","BINGE_city","BPHIGH_city","BPMED_city","CANCER_city","CASTHMA_city","CHD_city","CHECKUP_city","CHOLSCREEN_city","COLONSCREEN_city","COPD_city","COREM_city","COREW_city","CSMOKING_city","DIABETES_city","HIGHCHOL_city","KIDNEY_city","LPA_city","MAMMOUSE_city","MHLTH_city","OBESITY_city","PAPTEST_city","SLEEP_city","STROKE_city","long","lati","PlaceName"
"abilene","Abilene, TX","TX",117063,2,4,4,24.7,75.3,16.2,31.6,60.6,6,8.9,6.3,67.3,72.6,58.5,6.7,31.6,30.9,19.6,10.9,34.4,3.3,27.7,74.5,11.6,33.7,76.3,35.4,3.1,-99.7383043723,32.4546510898,"Abilene"
"akron","Akron, OH","OH",199110,6,3,3,17.6,82.4,14.8,36.2,66.9,5.7,11.6,7.5,70.1,72.9,56.6,9.4,28.8,26.9,26.8,13,33,3.3,31,70.1,15.3,37.3,74.7,44.1,3.9,-81.5219213688,41.0801444942,"Akron"
"alameda","Alameda, CA","CA",73812,1,2,2,10.7,89.3,15,24.3,51.5,5.7,7.9,4.5,66,74,67.5,4.3,33.5,30.1,11.9,8.1,31.3,2.2,18.7,80.2,9.8,18.7,81.7,32.3,2.2,-122.266489842,37.7650849031,"Alameda"
"albany","Albany, GA","GA",77434,2,1,1,29.5,70.5,10.9,45.7,69.3,5.7,11.6,7.2,75.8,72.8,60,9.2,29.1,25.6,23.7,15.9,35.5,3.8,33.1,78.7,16.2,40.4,78.6,46.9,5,-84.1763240815,31.5776036766,"Albany"
"albany","Albany, NY","NY",97856,3,2,2,14.8,85.2,15.5,33.4,62.4,5.8,10.9,6,73.8,78.2,62.4,7.1,31.7,28.6,19,10.9,33.8,2.2,26.1,76.6,13.2,31.1,80.8,39.7,3.3,-73.7986826267,42.6663969604,"Albany"
"albuquerque","Albuquerque, NM","NM",545852,5,3,3,17,83,14.5,25.9,54.3,6.1,9.8,5.3,61.1,70.1,63.9,5.4,32.7,32.6,18.8,9.3,29.2,2.9,20.4,75,11.6,25.5,80.4,32.8,2.6,-106.647447696,35.1055025771,"Albuquerque"
"alexandria","Alexandria, VA","VA",139966,2,3,3,12.3,87.7,15.1,27.5,61.4,5.7,8.3,4.7,72.9,80,72,4.3,38.8,37.7,13,8.1,30.9,2.2,17.6,83.4,8.4,23.3,87.6,34.5,2.3,-77.0867762661,38.8187351557,"Alexandria"
"alhambra","Alhambra, CA","CA",83089,2,4,4,17.9,82.1,12,26.2,51.1,4.5,6.8,4.6,67,73.1,55.9,4,22.4,25.3,12.2,10.9,35.3,2.3,24.8,79.7,10.1,18.1,73.7,38.4,2.3,-118.135514119,34.0839734383,"Alhambra"
"allen","Allen, TX","TX",84246,2,3,3,13,87,18.7,27.1,58.2,6.1,7.4,4.6,71.4,78.5,67.5,4.2,35.5,38.1,12,7.8,30.2,2.7,18.8,80,7.9,24.2,83,32.1,2.1,-96.6735373763,33.1087043234,"Allen"
"allentown","Allentown, PA","PA",118032,3,2,2,25.8,74.2,15.4,33.6,63.1,5.9,10.9,7.2,67.1,69.2,56.6,8,33.2,28.6,24.3,13.2,33.6,3,32.3,74.1,15.7,36.6,76.5,42.3,3.5,-75.4755373968,40.596099618,"Allentown"
"amarillo","Amarillo, TX","TX",190695,3,4,4,24.8,75.2,16.5,30.8,61.1,6,8.7,6,66.7,72.4,59.6,6.3,32.6,33,18.5,10.4,33.5,3.2,27.9,74.8,11.3,32,76.2,32.9,2.9,-101.828292514,35.2003835544,"Amarillo"
"anaheim","Anaheim, CA","CA",336265,4,3,3,22.1,77.9,16.3,27.5,52.5,5.3,8.4,5.6,64.4,73.8,58.9,5.5,24.7,27.2,15.2,10.5,32,2.6,26.2,78.8,12.5,23.3,78.5,33.8,2.7,-117.857613481,33.8389076996,"Anaheim"
"ann arbor","Ann Arbor, MI","MI",113934,2,2,2,9.4,90.6,18.7,27.3,57.1,6.4,9.2,5.1,69.3,76.1,74.6,5,35.6,41.7,13.1,7.6,33.1,2.6,16.8,85.9,9.4,26.4,84,31,2.2,-83.7311374448,42.2756833567,"Ann Arbor"
"antioch","Antioch, CA","CA",102372,2,2,2,16.8,83.2,15.8,29.7,53.4,5.7,9.1,5.8,65.4,74.8,62.6,5.9,27.5,25.8,16.1,10.3,32.1,2.6,24.4,79.1,12.6,30.5,81.9,37.9,2.9,-121.796606971,37.9777042922,"Antioch"
"apple valley","Apple Valley, CA","CA",69135,1,2,2,16.9,83.1,16.9,29,53.1,6.1,9.5,6.1,65.1,71.6,61.3,6.9,29.6,27.9,18.1,10,32.5,2.6,23.1,78.6,13.7,27,81.6,36.7,3,-117.211012664,34.5315984948,"Apple Valley"
"appleton","Appleton, WI","WI",72623,2,4,4,9.9,90.1,25.4,28.9,57.6,6.1,9.2,5.1,67.9,75.4,70.5,5,31.9,34,16.7,8,32.8,2.2,19.4,80,10.5,29.6,84.1,28.6,2.4,-88.3897664444,44.2776987457,"Appleton"
"arlington","Arlington, TX","TX",365438,5,3,4,24.1,75.9,15.3,32.4,61.7,5.9,8.9,5.7,68.5,74.9,62.9,6,35.3,34.8,17,10.9,32.9,3.2,26,75.9,10.6,32.2,79.2,35.5,2.9,-97.125089612,32.699836862,"Arlington"
"arlington heights","Arlington Heights, IL","IL",75101,1,3,3,8.1,91.9,23.6,23.7,57.3,6,8.3,4.6,69,75.2,67.8,4.2,38.5,35.1,14.1,6.6,30.3,2.1,17,79.8,8.6,21.5,83.9,30.2,2,-87.9825627457,42.095623342,"Arlington Heights"
"arvada","Arvada, CO","CO",106433,1,3,3,11.8,88.2,20.4,23.8,51.4,5.9,8.5,4.5,60.3,76.2,65.9,4.5,41.6,36.2,16.5,5.8,29.2,2.2,14.4,73.3,9.3,20,84.5,26.6,2.2,-105.146327974,39.8308263293,"Arvada"
"asheville","Asheville, NC","NC",83393,1,4,4,16.7,83.3,14.9,33.3,60.8,6.2,8.4,6.1,74.8,76.2,69.6,6.3,36.8,40.9,19,8.7,33.5,2.3,20.1,81.2,11.4,26.4,84.6,30.3,2.9,-82.5537350816,35.5708251391,"Asheville"
"athens","Athens, GA","GA",115452,2,4,4,23.2,76.8,13.2,36.6,65.6,5.9,9.6,6.4,72.3,73.8,61.5,7.4,32.3,29,18.9,12.3,35.6,3.3,26.5,77.9,13.5,32.2,79.4,38.5,3.6,-83.3689417445,33.9508170683,"Athens"
"atlanta","Atlanta, GA","GA",420003,9,3,3,19.7,80.3,14.1,36.1,63.9,5.7,9.4,6.1,76.2,78.1,63.3,6.5,29.7,28.1,16.6,13.5,31.7,3.4,22.4,80.7,12,31.6,84.2,40.4,4.1,-84.4231419055,33.7626524683,"Atlanta"
"auburn","Auburn, WA","WA",70180,2,2,2,14.7,85.3,18.5,27.9,51,6.4,10.4,5.9,59.5,72.1,63.4,6.6,30.5,32.1,17.6,8.9,30.3,2.9,18.7,72.6,12.6,27,78.2,33.4,3,-122.210810557,47.3038544325,"Auburn"
"augusta","Augusta, GA","GA",195844,4,2,2,24.2,75.8,12.5,41.9,66.9,5.8,10.2,6.7,75.7,74.6,62.7,8,32.4,26.6,21.8,14.4,33.5,3.5,28.1,79.9,14.3,36,81.9,44.1,4.2,-82.0708396775,33.3644561527,"Augusta"
"aurora","Aurora, CO","CO",325078,4,3,3,18.9,81.1,16.5,28.1,53.7,5.7,9,5,61.2,73.2,61.1,5.3,38.1,31.6,18.2,8.4,30.7,2.5,19.9,71.5,10.9,25.8,80.5,33.2,2.8,-104.726526621,39.7091594781,"Aurora"
"aurora","Aurora, IL","IL",197899,2,3,3,19.8,80.2,18.5,29.9,59.7,5.5,9.5,6.3,65.3,71.4,56.3,6.1,31.3,25.6,17.6,11.1,33.4,2.8,27,72.5,11.8,32,80.7,35.5,3.1,-88.2900949057,41.7637750837,"Aurora"
"austin","Austin, TX","TX",790390,12,4,4,20.9,79.1,18.9,28.5,58.1,5.7,7.7,5.3,67.2,74.4,61.1,5,34.1,31.9,13.2,9.7,33.5,2.8,21.4,77.1,9.6,26,82.6,29,2.6,-97.7554771245,30.3068610342,"Austin"
"bakersfield","Bakersfield, CA","CA",347483,6,2,2,20.9,79.1,16.8,31.6,53.8,5.8,9.1,6.2,66.2,71.5,60.7,6.4,26,26.8,17.6,10.9,34.8,2.8,27.1,76.9,13.5,30.3,80.6,34.8,3.1,-119.029786003,35.3513302855,"Bakersfield"
"baldwin park","Baldwin Park, CA","CA",75390,1,3,3,30.1,69.9,14.3,27.4,50.5,4.5,7.9,6.1,64.5,72.4,50.9,5.1,20,20.3,15.3,13.7,35.7,2.9,30,77.4,13.3,27.4,77.5,38.9,2.9,-117.972100918,34.082871519,"Baldwin Park"
"baton rouge","Baton Rouge, LA","LA",229493,6,3,3,22.9,77.1,15.7,41.6,68.3,5.9,8.9,7.7,77,74.5,62.3,7.1,39.3,32.7,22.8,12.6,32.8,3,30.4,79.8,13.6,36.8,82.3,36.6,4,-91.1263551997,30.4510891679,"Baton Rouge"
"baytown","Baytown, TX","TX",71802,2,3,3,30.9,69.1,15.8,33.4,61.7,5.5,8.8,6.4,67.8,73.3,56.5,6.9,28.5,29.8,18.2,12.3,34.7,3.2,30,75.1,12.2,34.4,76.6,35.9,3.4,-94.9676276217,29.7571153043,"Baytown"
"beaumont","Beaumont, TX","TX",118296,2,3,3,26.2,73.8,15,36.7,66.3,5.6,9.7,6.3,71.2,72,59.1,6.9,28.1,29.5,20.9,13.4,33.2,3.7,30.4,76.3,12.1,37.4,77.2,38.1,4,-94.1441072222,30.084416647,"Beaumont"
"bellevue","Bellevue, WA","WA",122363,1,3,3,8,92,18.2,25.4,49.6,6.2,8.1,4.2,61.7,73.2,71.2,3.6,34.8,39.8,9.6,6.5,29.3,2.4,12.2,78.5,7.9,18.8,82.2,29.1,2,-122.153569982,47.5962437606,"Bellevue"
"bellingham","Bellingham, WA","WA",80885,1,4,4,12.1,87.9,18.3,29.3,50.2,6.7,10.5,5.6,60,69.4,67.7,6.3,35.8,34.6,16.6,8.3,32.1,2.8,17.6,73.9,12.1,27,79.5,27.5,2.7,-122.468092906,48.7535370315,"Bellingham"
"bend","Bend, OR","OR",76639,1,3,3,11,89,20.1,27.8,50.4,6.8,9,5.3,60.9,71.9,66,5.2,37.3,30.2,16,7.4,32.4,2.8,14.6,76.8,11.5,26.1,82.9,30,2.5,-121.308690416,44.0561827184,"Bend"
"berkeley","Berkeley, CA","CA",112580,1,2,2,9.9,90.1,15.8,25.9,52.3,6.1,8.2,4.7,66,73.4,70.3,4.3,35.5,30.7,11.3,7.8,31.4,2.2,16.5,81.4,9.8,21,84.1,30.9,2.3,-122.274907975,37.8725678765,"Berkeley"
"bethlehem","Bethlehem, PA","PA",74982,3,3,3,17.1,82.9,17,32.4,62,6,10.2,6.2,68.7,71.9,62.9,6.5,33.9,31.1,21.2,10.6,33.2,2.5,26.2,76.6,13.4,33.6,79.7,38.7,2.8,-75.3679048175,40.6266402578,"Bethlehem"
"billings","Billings, MT","MT",104170,2,4,4,15.4,84.6,19.6,26.9,52.9,6.3,9.6,5.2,63.4,70.8,60.4,6,38.8,34.1,21.6,7.7,29.7,2.1,20.3,72.1,10.8,27.6,80.2,30,2.6,-108.54882784,45.7893102609,"Billings"
"birmingham","Birmingham, AL","AL",212237,8,3,3,21.4,78.6,11.4,45.9,70.5,6.1,11.4,7.6,77.3,74.4,62.7,9.4,30.3,27.9,22,16.1,35.4,3.3,31.7,79.7,17,39,80.1,46.9,5,-86.7988174678,33.5275663773,"Birmingham"
"bloomington","Bloomington, IL","IL",76610,2,4,4,10.7,89.3,19.5,27.8,59.4,6,9.3,5.6,65.6,74.2,63,5.6,35.6,30.4,16.9,8.3,33,2.4,21.7,76.7,10.4,29.1,82,33.1,2.6,-88.9700813515,40.4756778366,"Bloomington"
"bloomington","Bloomington, IN","IN",80405,2,4,4,16.5,83.5,13.9,32.8,62.6,6.2,10.2,6.3,62.2,70.6,61.7,7.3,32.2,27.8,19.8,9.3,35.1,2.5,23.1,71.9,12.6,29,75.7,35.1,2.8,-86.5257124351,39.1637458221,"Bloomington"
"bloomington","Bloomington, MN","MN",82893,1,4,4,8.5,91.5,21.1,24.4,55.4,5.9,8.7,4.7,67.6,77.2,69.6,4,32.5,37.9,15.5,6.7,31.3,1.9,17.5,81.3,8.3,23.1,85.6,29,2.2,-93.3150995817,44.8305852429,"Bloomington"
"boca raton","Boca Raton, FL","FL",84392,2,2,2,15,85,18.9,29.1,60.1,6.7,7.7,5.3,71.6,77.4,71.5,5.2,38,34.4,15.1,7.3,35.3,2.6,17.6,80.2,10.7,20.9,85,34.8,2.2,-80.1078208861,26.3749012715,"Boca Raton"
"boise city","Boise City, ID","ID",205671,3,4,4,16.4,83.6,15.8,27.6,52.4,6.2,8.9,5.4,60.6,70.6,63.3,5,32.3,31.4,16.4,6.9,31.6,2.2,16.4,72.3,10.4,25.8,78.3,28.9,2.6,-116.230885189,43.5984343897,"Boise City"
"bolingbrook","Bolingbrook, IL","IL",73366,1,2,2,13.3,86.7,19.2,30.5,59.9,5.4,9,5.5,67.1,73.7,61.4,5.1,30.4,25.9,16.2,10.1,32.1,2.5,23.8,76.4,10,31.8,81.7,37.8,2.7,-88.1011218035,41.6911653908,"Bolingbrook"
"boston","Boston, MA","MA",617594,13,3,3,10,90,17.7,29.5,59.6,5.8,12.1,6,75.6,78.4,67.8,6.7,29.1,31.9,17.4,10.8,31.1,3,21.6,86.6,13.4,26,85,36.8,3.1,-71.0916505804,42.3155796777,"Boston"
"boulder","Boulder, CO","CO",97385,3,3,3,10.6,89.4,17.6,23.1,52.4,6,8.6,4.4,58.9,75.1,65.9,4.1,39.2,37.7,12.1,5.4,29.3,2,11.6,75.4,8.7,16.6,84.2,25.4,2.2,-105.25151776,40.0275510494,"Boulder"
"boynton beach","Boynton Beach, FL","FL",68217,2,2,2,22.3,77.7,16.4,33.6,63.5,6.4,9.2,6.4,72.8,77.3,64.7,7.3,33.8,29.9,20.6,10.3,35.6,3.2,24.5,77.3,13.8,26.7,81.3,40.7,3.2,-80.0814660417,26.5279818052,"Boynton Beach"
"bridgeport","Bridgeport, CT","CT",144229,2,2,2,23,77,14.4,34.4,60.5,5.6,10.5,6.5,66.2,76.3,59.4,7.1,27.3,30.2,22.6,12.5,31.4,3.1,29.7,77.9,14.3,32.5,80.4,40.6,3.7,-73.196054694,41.1928054233,"Bridgeport"
"brockton","Brockton, MA","MA",93810,2,3,3,12,88,16.4,34.4,61.8,6.4,13.8,7,80.9,79.7,63.7,9.4,25.4,26.7,26,12.4,32.8,3.3,28.8,83.4,16.6,35.9,84.4,45.7,3.5,-71.0241656338,42.082071372,"Brockton"
"broken arrow","Broken Arrow, OK","OK",98850,1,4,4,11.9,88.1,15.3,32.2,60.9,5.9,9,6,62.5,73.1,64.4,6,42.3,42,18.2,8.7,34.1,2.3,23,70.1,11.9,27.2,80.1,33.9,2.5,-95.7809572414,36.0366324911,"Broken Arrow"
"brownsville","Brownsville, TX","TX",175023,2,3,3,46.7,53.3,12.8,33.7,60.7,4.3,8.4,7.2,63.4,65.3,44.9,6.3,27.3,20,17.7,16.9,35.8,3.6,37.7,67.5,13.2,39.9,72.4,35.1,3.5,-97.4566343763,25.9981977861,"Brownsville"
"bryan","Bryan, TX","TX",76201,2,3,3,28.7,71.3,14.5,33.3,63.1,5.7,9.1,6.4,70,72.7,60.9,6.8,34.9,31.3,18.2,12.6,33.3,3.5,29.2,76.3,12.3,34.8,76.4,33.6,3.5,-96.3663819223,30.6665687582,"Bryan"
"buena park","Buena Park, CA","CA",80530,1,3,3,17.8,82.2,15.8,26.9,52.6,5.2,7.9,5,65.5,74.4,60.1,4.9,25.1,28.6,14,9.9,31.7,2.4,24.4,79.8,11.2,20.5,77.8,33.9,2.5,-118.004517591,33.8572126844,"Buena Park"
"buffalo","Buffalo, NY","NY",261310,4,2,2,18.3,81.7,15.6,34.5,63.8,5.6,11.9,6.8,75.8,75.9,58.9,8.6,25.4,24.5,22.8,12.8,33,2.6,31.2,77.6,15.2,36.3,79.7,43.6,4.1,-78.8475237264,42.9014518233,"Buffalo"
"burbank","Burbank, CA","CA",103340,1,3,3,12.6,87.4,17.7,25.4,49.8,6,7.9,5.2,66.9,76.1,65.1,4.8,27.7,29.4,13.4,8.3,34.2,2.3,18,81.6,10.7,21.9,83.6,34.2,2.3,-118.323429032,34.1879799605,"Burbank"
"burlington","Burlington, VT","VT",42417,1,3,3,10.1,89.9,18,27.9,54,6.2,10.9,5.3,62.4,73.2,67.9,5.9,32.6,33.6,16.3,7.1,26.5,2.5,17.7,79.6,11.4,22.6,82.1,28.7,2.6,-73.2314828365,44.4876245694,"Burlington"
"cambridge","Cambridge, MA","MA",105162,2,3,3,5.6,94.4,17.4,28.4,57.3,6.6,10.9,4.9,76.4,80.9,73.9,4.8,34,32.4,12.1,8.2,31.3,2.4,17.7,88,10.1,23.3,87.5,33.5,2.2,-71.1183992378,42.3758188051,"Cambridge"
"camden","Camden, NJ","NJ",77344,2,3,3,33.9,66.1,12.1,42.2,64.8,4.8,11.7,8.2,73.7,71.1,49.2,9.2,21.4,16.3,24.9,17.8,36.8,3.6,41.6,73.4,17.2,42.2,74.8,50.8,5.2,-75.1072961899,39.9361910066,"Camden"
"canton","Canton, OH","OH",73007,2,4,4,19.2,80.8,15.6,36.5,65.1,5.9,11.8,7.9,69.3,70.9,55.4,10.3,30.9,26.7,28.1,13.3,34.3,3.3,32.6,71.6,16.5,38.6,73.7,41.5,4,-81.3676594998,40.8080192662,"Canton"
"cape coral","Cape Coral, FL","FL",154305,1,2,2,20.1,79.9,19.5,28.2,58.4,6.6,8.5,6.2,70.3,74.8,64.7,6.8,34.4,33,20.6,8.6,34,2.8,20.8,80.1,13,25.5,80.5,34,2.7,-81.9931108298,26.6448544993,"Cape Coral"
"carmel","Carmel, IN","IN",79191,4,4,4,7.7,92.3,17.1,28,61.7,6.2,8.3,4.7,68.7,78.4,71.6,4.3,37.4,34.7,11.8,6.8,31,2.1,15,79.7,8.3,24.6,86.5,29,1.9,-86.1461278461,39.9658404613,"Carmel"
"carrollton","Carrollton, TX","TX",119097,1,2,2,21.3,78.7,16.4,28.9,59.1,5.7,7.8,5.2,69.5,74.8,62.6,5,35.1,34.8,14.5,9.6,33.3,3,23.8,78.4,9.4,26.8,78.8,31.8,2.5,-96.900137433,32.988438459,"Carrollton"
"cary","Cary, NC","NC",135234,1,3,3,12.2,87.8,15.9,25.8,56.1,5.9,6.9,5,72.2,79,74.2,4.3,43.6,43.8,12.8,6.8,31.6,2,14.4,83.9,8.5,21.2,87.5,27.9,2.1,-78.8152191642,35.7814978722,"Cary"
"cedar rapids","Cedar Rapids, IA","IA",126326,2,4,4,9.2,90.8,20.5,28.1,60.2,6.2,8.4,5.4,69.5,74.7,68.2,5.3,35.3,35.2,18.7,8.4,36,2.4,23.1,83,9.4,32,85.2,29,2.5,-91.6781679349,41.966729258,"Cedar Rapids"
"centennial","Centennial, CO","CO",100377,2,4,4,8.4,91.6,19.8,23.7,50.5,6.1,7.7,3.9,62.2,76.5,70,3.6,44.5,38.6,12.7,5.4,29.5,1.9,12.2,76,7.9,19.3,86.2,27.9,1.9,-104.867986891,39.592872073,"Centennial"
"champaign","Champaign, IL","IL",81055,2,3,3,12.5,87.5,18.6,29.6,61.9,5.9,9.5,5.6,66.3,72.7,61.5,5.6,36.2,30,16.8,9.1,33,2.4,22.4,76.4,10.8,30.2,79.6,33.6,2.8,-88.2729845986,40.1151051361,"Champaign"
"chandler","Chandler, AZ","AZ",236123,2,4,4,12.3,87.7,16.2,26,54.8,6,9.1,5,66.1,72.8,67,5.3,34.5,35.2,15.3,7.7,33.1,3.1,17.4,80.3,10.2,24.5,83.5,32.9,2.4,-111.852210033,33.28318981,"Chandler"
"charleston","Charleston, SC","SC",120083,3,4,5,15,85,19.9,32.5,64.7,6.3,8.4,5.5,69,77.8,69.5,5.7,44.6,36.5,17.4,9.8,35.9,2.3,19.4,79.8,11.5,28,84.1,34.7,3,-79.967381899,32.8136961892,"Charleston"
"charleston","Charleston, WV","WV",51400,4,3,3,11.4,88.6,11.8,37.6,63.2,6.4,10.3,7.2,78.1,75.3,67.6,8.5,47.5,44.9,24.1,10.9,35.1,3.1,23.6,80.2,14.1,33.2,82.1,38.3,3,-81.632165003,38.3484079736,"Charleston"
"charlotte","Charlotte, NC","NC",731424,4,3,3,19.8,80.2,14.7,34.7,61.5,5.8,8.4,6.1,74.6,77.1,67.9,6.1,38.2,38.5,16.8,10.3,36,2.7,20.5,79.8,11.4,27.8,85.1,34,3.3,-80.8300754645,35.2078721969,"Charlotte"
"chattanooga","Chattanooga, TN","TN",167674,3,3,3,18.5,81.5,11,39.2,67.3,6.1,9.9,7.2,74.5,76.3,61.6,8.5,35.1,35.3,24.1,12.6,31.6,3.1,29.2,80.4,15.4,35.1,83.2,38.1,3.8,-85.2466771892,35.0662472165,"Chattanooga"
"chesapeake","Chesapeake, VA","VA",222209,1,2,2,13.6,86.4,15.2,34.6,63.2,5.8,9.2,5.6,76.7,79.4,70.5,5.9,39.9,34.3,19,9.4,32.8,2.4,23.3,82.2,10.3,31.4,86.4,37.8,2.8,-76.3024325925,36.6777521118,"Chesapeake"
"cheyenne","Cheyenne, WY","WY",59466,1,2,2,17.2,82.8,16.4,28.7,57.2,5.9,9.5,5.7,60.2,71.3,57.8,6.4,33.2,28.4,21.8,8,30.7,2.5,24.2,72.1,10.5,29.6,79,31.4,2.5,-104.789064332,41.1460804265,"Cheyenne"
"chicago","Chicago, IL","IL",2695598,30,2,2,18.8,81.2,18.7,31.5,62.9,5.3,10.2,6,69.9,72.1,56.9,6.1,29.9,25.3,19.1,12.4,31.5,3,27.6,77,12.1,31.3,78.6,37.4,3.7,-87.6862308732,41.8372950615,"Chicago"
"chico","Chico, CA","CA",86187,1,3,3,13.4,86.6,18.4,29.9,50.3,6.5,9.4,5.8,61.8,72.3,62.3,6.5,29,29.3,17,8.6,34,2.4,20.6,78.1,13,27.1,81.3,33.5,2.8,-121.815983972,39.7568503668,"Chico"
"chino","Chino, CA","CA",77983,1,4,4,17.3,82.7,16.9,27.4,51.2,5.3,8.2,5.5,65.7,72.3,61.7,5.1,28,26.8,14.2,10.4,32,2.5,22.4,80.5,11.5,24.7,83.8,36,2.6,-117.665296584,33.983588126,"Chino"
"chula vista","Chula Vista, CA","CA",243916,1,4,4,19.2,80.8,16.6,26.1,51.7,5.1,7.7,5.4,66.2,73.9,60.7,4.8,27,24.7,12.8,11.1,30.9,2.7,24,79.3,11.4,23.9,82.1,35.7,2.5,-117.010042407,32.6282964262,"Chula Vista"
"cincinnati","Cincinnati, OH","OH",296943,10,4,4,17.3,82.7,15.9,36.9,65,5.7,11.4,7.3,72.7,73.2,61.1,8.8,32.9,25,24,13.8,32.8,3.6,27,74.6,14.7,36.5,78.3,38.9,4.2,-84.5060004524,39.1411747124,"Cincinnati"
"clarksville","Clarksville, TN","TN",132929,1,2,2,16.2,83.8,11.7,38.2,65.5,6.2,9.4,7,75.8,76.6,63.4,7.9,35.8,37.2,23.2,11.4,33.3,2.9,28.2,80,14.3,30.8,83.7,38.3,3.3,-87.3432371614,36.569683159,"Clarksville"
"clearwater","Clearwater, FL","FL",107685,3,4,4,21.2,78.8,20,30.9,60.5,6.6,8.9,6.4,69.8,75.1,64.7,7.3,35.1,34.2,22.6,9.2,34.9,2.8,21.9,77.8,13.6,28.5,79,37.3,2.9,-82.7544099135,27.9805997919,"Clearwater"
"cleveland","Cleveland, OH","OH",396815,12,4,4,23.3,76.7,15.2,38.7,67.1,5.5,13.1,8.3,73.1,72.8,54.6,10.8,26.5,21.1,27.9,16.8,32.4,4.1,34.2,74.1,17.2,42.1,73.3,45.4,5.1,-81.6805494865,41.4765345821,"Cleveland"
"clovis","Clovis, CA","CA",95631,1,2,2,13.3,86.7,17.6,27.7,51.7,6,8.7,5.5,64.8,71.4,66.5,5.7,31.2,29.7,13.8,8.9,32.6,2.3,21.8,79,11.9,23.6,82.7,29.6,2.6,-119.68665285,36.8289400179,"Clovis"
"college station","College Station, TX","TX",93857,3,4,4,17.4,82.6,15.4,31.1,62.2,6.1,8.1,5.5,70.6,73.1,67.4,5.4,38.9,34.9,13.9,9.5,33,3,21.8,78.6,9.8,28.3,77.8,30.3,2.7,-96.2957958614,30.5867615801,"College Station"
"colorado springs","Colorado Springs, CO","CO",416427,2,4,4,13.9,86.1,15.2,27.5,54.6,6,8.5,4.9,65,73.6,66.4,4.9,38.2,33.9,17.2,7.1,32.5,2.4,17,73.7,10,23.3,81.6,30,2.5,-104.760664479,38.8672748077,"Colorado Springs"
"columbia","Columbia, MO","MO",108500,2,3,3,13.5,86.5,15.6,28.8,63.6,6.3,9.4,5.8,66.8,72,65.3,6.3,39.7,35.4,18.3,8.9,29.7,2.2,21.3,74.9,11.4,29.2,80.5,30,2.7,-92.3260129764,38.9481109651,"Columbia"
"columbia","Columbia, SC","SC",129272,4,3,2,20.8,79.2,15.9,37.2,66.4,6.2,9.1,6.5,68.5,77.3,64.9,7.2,36.8,34.5,20.3,13.2,35.9,2.6,24.9,79.6,13.6,34.4,81.8,40.9,4,-80.9037852694,34.0366069566,"Columbia"
"columbus","Columbus, GA","GA",189885,3,3,3,22.5,77.5,13.5,38.7,66,5.8,9.8,6.3,73.5,76,62.3,7.3,28.6,31.2,20.3,13.3,33.5,3.4,25.8,79.7,13.4,33.2,82.2,42.9,3.8,-84.8770410586,32.5099614852,"Columbus"
"columbus","Columbus, OH","OH",787033,12,3,2,14.8,85.2,17,34.4,64.4,6,10.8,7,71.9,74.9,62.9,8.2,31.5,29.9,21.7,12.4,34.7,3.2,27,76.4,13.6,35,80,40.2,3.6,-82.9851738516,39.9859500484,"Columbus"
"concord","Concord, CA","CA",122067,2,4,4,15.3,84.7,16.9,27.5,51.4,5.9,8.5,5.3,64.4,74.8,65.6,5.2,30.4,29.4,14.5,8.7,32,2.4,21.6,80,11.5,27.5,82.6,35.1,2.4,-122.001588036,37.9721810307,"Concord"
"concord","Concord, NC","NC",79066,1,3,3,19.5,80.5,14,33.8,62,6,8.5,6.5,73.3,76.3,67.1,6.9,39,36.1,20.1,9.4,34.7,2.5,22.5,80.7,12.1,28.2,83.9,33.5,3.1,-80.6352429349,35.3939316958,"Concord"
"coral springs","Coral Springs, FL","FL",121096,2,2,2,18.2,81.8,18.1,27.6,60,6.1,8.1,5.6,73.9,77,67.2,5.7,31.4,29,15.5,8.9,32.3,2.9,20.4,81,11.6,24.1,83,36.2,2.6,-80.2592221493,26.2701700158,"Coral Springs"
"corona","Corona, CA","CA",152374,1,3,3,16.9,83.1,16.8,29.1,49,5.7,8.4,5.4,66.8,74.7,63.6,5.2,26.3,28.5,14.6,9.7,33,2.5,23.3,81.2,11.6,26.3,83,36.5,2.6,-117.564224471,33.8623571787,"Corona"
"corpus christi","Corpus Christi, TX","TX",305215,5,4,4,29.3,70.7,17,31.7,59.9,5.3,8.2,6,67.3,71,57.6,5.6,29,27.2,17.7,12.6,33.6,3.2,29,78.6,10.8,37.3,79.2,35.4,2.9,-97.4019095379,27.7291588337,"Corpus Christi"
"dallas","Dallas, TX","TX",1197816,19,3,3,31.6,68.4,15.2,34.9,62,5.5,9.1,6.4,68.6,70.3,57.8,6.5,32.4,30.5,17.9,13.2,33.9,3.6,30.5,77.5,11.9,34.3,76.4,34.9,3.7,-96.7656929463,32.7939804066,"Dallas"
"daly city","Daly City, CA","CA",101123,2,2,2,13.9,86.1,12.7,25,52.3,4.6,6.9,4.3,66,75.1,61.1,3.7,26.1,30.1,11.1,9.6,31.3,2.2,23.2,80.9,9.2,17.6,76.3,35.1,2.1,-122.468298024,37.6861552276,"Daly City"
"danbury","Danbury, CT","CT",80893,1,2,2,15.4,84.6,17.2,28.3,56.1,6.3,9.1,5.5,64.8,78.1,66.3,5.8,32.6,36.9,19.2,8.5,30.7,2.4,22.6,79.3,11.8,25.1,83.2,35.4,2.6,-73.470938682,41.4015898606,"Danbury"
"davenport","Davenport, IA","IA",99685,1,4,4,11.3,88.7,20.9,29.3,60.7,6,8.6,5.7,71.4,72.7,64.1,5.6,34.9,34.4,20.9,9.1,35.1,2.5,23.4,81.1,10.1,33.3,82.4,33.2,2.8,-90.6051730163,41.5557926876,"Davenport"
"dayton","Dayton, OH","OH",141527,6,4,4,20.5,79.5,13.6,38.8,66.7,5.6,12.7,8.6,70.8,72.1,57.2,10.7,29.6,22.6,28.7,15.9,33.6,3.8,32.2,73.4,17,47.2,74.8,45.7,4.9,-84.1997930517,39.779768039,"Dayton"
"dearborn","Dearborn, MI","MI",98153,1,3,3,16.3,83.7,19.4,32.3,56.5,6.8,11.3,7.3,67.2,74.6,64.1,9.6,34.9,30.9,25.8,9.5,36.8,3.2,25.6,79.4,14.6,31.2,78.4,38.8,3.2,-83.2129368006,42.3126884626,"Dearborn"
"decatur","Decatur, IL","IL",76122,2,2,2,15.7,84.3,18.4,33.6,63.2,6,11,6.5,66.4,71,57.5,7.6,33.9,27.7,23.4,10.6,32.8,2.7,28.1,73.7,13.6,35.3,77.5,36.6,3.4,-88.9336983421,39.8555822645,"Decatur"
"denton","Denton, TX","TX",113383,5,4,4,21.1,78.9,16.4,30.1,60.9,6.1,8.5,5.6,69.4,75.6,61.3,6,35.4,33.2,16.9,9.7,34,3.2,24.1,76.5,10.5,29.9,77.2,32.3,2.8,-97.1412438684,33.2156160443,"Denton"
"denver","Denver, CO","CO",600158,6,4,4,17.8,82.2,19.9,27.3,51.8,5.7,8.8,4.9,59.2,73.8,62.6,4.8,36.7,30.9,17,7.7,31.6,2.4,16.7,73.7,10.1,19.7,81.3,28.1,2.7,-104.876365322,39.7620283743,"Denver"
"des moines","Des Moines, IA","IA",203433,4,3,3,13,87,18.3,31.2,60.2,5.8,8.5,5.9,69.1,75.2,62.3,6.1,38.7,32.6,22.9,9.7,36.4,2.4,25.2,79.3,10.5,32.6,82.2,31.3,3,-93.6165066086,41.5741349525,"Des Moines"
"detroit","Detroit, MI","MI",713777,7,2,2,25.5,74.5,13.5,46.3,64.5,5.9,13.9,8.4,74.5,74.2,58.6,10.8,24.5,21.2,29.8,17.6,36.6,4.6,36.4,81.8,17.2,45.2,78,50.8,5.8,-83.1053178776,42.3847015631,"Detroit"
"downey","Downey, CA","CA",111772,3,3,3,22.7,77.3,16,26.4,50,5.2,7.7,5.7,66.1,74.3,58.7,4.8,24.1,24.8,13.5,11.2,34.8,2.7,23.8,80.3,11.8,26.3,82.7,36.5,2.6,-118.131150116,33.937867256,"Downey"
"duluth","Duluth, MN","MN",86265,3,3,3,10.5,89.5,21.2,25.5,59.4,6.1,9.4,5.8,66.7,73.5,64.4,5.6,35.9,33.6,22,8.1,29.1,2.1,21.5,74.7,10.4,30.1,80.8,31.1,2.8,-92.1342013763,46.7854703427,"Duluth"
"durham","Durham, NC","NC",228330,3,4,4,20.4,79.6,13.2,35,63.5,5.7,8.8,6.3,76.6,77.8,69.6,6.2,39.2,38.8,17,10.8,31.8,2.6,22.8,84.1,11.6,31.3,85.5,33.5,3.5,-78.9059161097,35.9809147402,"Durham"
"edinburg","Edinburg, TX","TX",77100,3,3,3,39.5,60.5,14.3,31.5,59.7,4.3,7.7,6.2,65.2,66.3,51,5.2,29.3,26.8,13.7,15.1,34.7,3.4,30.1,71.4,11.2,36.5,75.8,31.9,3,-98.1637130371,26.3155843974,"Edinburg"
"edmond","Edmond, OK","OK",81405,2,3,3,11.2,88.8,15.2,30.8,59.5,6.1,9,5.6,63.4,73.3,65.7,5.4,42.6,43.6,15.4,7.7,33.9,2.2,20.1,75.6,10.9,26.8,82.8,31.8,2.3,-97.4159205309,35.6689350516,"Edmond"
"el monte","El Monte, CA","CA",113475,2,4,4,32.2,67.8,12.7,28.7,51.7,4.4,8.2,6.3,63.8,70.7,47.4,5.8,19.1,19.8,17,14.4,36.5,2.9,33,75.2,14.2,26.4,71.8,40.4,3.2,-118.029071951,34.073919653,"El Monte"
"el paso","El Paso, TX","TX",649121,8,2,2,35.5,64.5,16.3,31,60.8,4.5,7.9,6.2,66.3,69.6,52,5.2,25.2,24.7,15.6,14.9,32.5,3.2,29,75.1,11.1,35.5,78.1,34,3,-106.432021874,31.8481123506,"El Paso"
"elgin","Elgin, IL","IL",108188,2,4,4,18.4,81.6,19.7,28.8,59.3,5.5,9.2,6,65.7,71,58.1,5.9,33.3,28.1,17.7,10.2,33.1,2.6,25.8,72.8,11.4,30.8,80.7,35.1,2.8,-88.3224947104,42.0385402472,"Elgin"
"elizabeth","Elizabeth, NJ","NJ",124969,1,2,2,29.3,70.7,14.7,29.9,58.8,4.9,8.9,7,72.2,72.7,49.7,6.6,25.2,21.1,21.1,13.1,33.5,3,33.2,75.6,13.8,32.7,79.3,43.4,3.4,-74.1938679138,40.6664447729,"Elizabeth"
"erie","Erie, PA","PA",101786,3,3,3,17.7,82.3,16.9,34.1,63.5,6.2,11.3,7.2,70.2,70.9,61.2,8.6,31.4,29.3,27.6,11.7,34.9,2.6,26.1,74.5,15.8,36,75.7,37.3,3.6,-80.0730358517,42.1164698754,"Erie"
"escondido","Escondido, CA","CA",143911,1,3,3,23.1,76.9,16.7,27.3,52.6,5.7,9,6.3,64.1,72.6,59.1,6.8,27.7,24.9,17.1,11.1,31.6,2.8,26.7,76.4,14.1,26.5,78.9,36.4,3.1,-117.072122618,33.1346952955,"Escondido"
"eugene","Eugene, OR","OR",156185,1,2,2,13.2,86.8,18.9,28.6,53.6,6.7,9.6,5.5,58,68,64.6,5.9,34.6,32,17.7,7.9,32.8,3.1,14.9,77.3,12.7,28.7,79.7,31.4,2.7,-123.117327584,44.0559363346,"Eugene"
"evanston","Evanston, IL","IL",74486,2,2,2,9.3,90.7,20.9,27.1,60.1,5.8,8.9,4.7,70.4,74,66.9,4.2,36.9,32.6,13.6,7.9,30.6,2.3,18,80.6,8.9,24,83.4,32,2.4,-87.6940348773,42.0463099649,"Evanston"
"evansville","Evansville, IN","IN",117429,2,3,3,18.2,81.8,15.8,35.9,65,6.1,11,6.9,71.1,72.2,63.1,9,31.9,29.1,25.3,10.5,33.8,2.8,28.9,74.3,14.4,35.1,77.8,39.3,3.3,-87.538270731,37.9867158026,"Evansville"
"everett","Everett, WA","WA",103019,1,3,3,14.5,85.5,16,31.5,51.3,6.5,10.3,6,61.3,72.4,64.9,6.8,32.4,32.5,18.2,9.5,33,3.1,20.4,76.6,12.6,32.3,79.4,35.7,2.9,-122.160703911,47.9497966189,"Everett"
"fairfield","Fairfield, CA","CA",105321,1,2,2,15.8,84.2,16.4,29.7,54.6,5.6,8.9,5.6,65.2,73.8,63.4,5.7,27,28.3,15.8,10.2,32.3,2.6,22.8,78.5,12.2,26.7,79.9,35.3,2.9,-122.039303253,38.2558446343,"Fairfield"
"fall river","Fall River, MA","MA",88857,2,4,4,11.7,88.3,17.4,32,60.4,6.8,14.7,7.6,80.1,78.8,64.4,11.1,29.3,22.6,28.6,11.7,38.6,3.1,28.8,82.9,18.3,32.5,82.9,43.9,3.5,-71.0996396919,41.7139907598,"Fall River"
"fargo","Fargo, ND","ND",105549,2,4,4,9.9,90.1,23,30.4,60.5,5.9,8.3,5.7,67.4,72.6,63.9,4.5,39.7,37.1,17.7,7.5,30.8,2.1,18.9,79,8.1,31.7,82.4,29,2.5,-96.8289882328,46.8652457832,"Fargo"
"farmington hills","Farmington Hills, MI","MI",79740,2,2,2,9,91,19.8,28.7,57.8,6.6,9.4,5.3,72.2,79.9,71.6,5.2,35.1,37.5,14.2,7.9,32.9,2.8,18.1,82.5,9.6,26.4,85.8,35.6,2.3,-83.3771159714,42.4859956992,"Farmington Hills"
"fayetteville","Fayetteville, AR","AR",73580,2,3,3,14,86,15.3,32.2,62.1,6.4,8.9,6.8,63.6,68.2,59.1,7.1,34.6,31.9,21.3,9.3,33.5,2.7,25,71.1,12.5,30.4,78.8,33.5,2.8,-94.1659600436,36.0712117312,"Fayetteville"
"fayetteville","Fayetteville, NC","NC",200564,1,3,3,19.2,80.8,13.3,38.8,63.7,5.7,8.9,6.6,78.3,76.6,68.2,6.7,37,39.9,21,11.8,31.7,2.7,24.1,81.5,12.4,34.6,84.8,39.9,3.6,-78.9791676456,35.0851309527,"Fayetteville"
"federal way","Federal Way, WA","WA",89306,1,3,3,14.7,85.3,17.7,28.3,51.7,6.1,10,5.4,60.2,72,63.8,5.8,30.4,33.2,15.7,9,30,2.9,18.2,73.7,11.8,25.9,78,33.6,2.9,-122.335755583,47.3090846316,"Federal Way"
"fishers","Fishers, IN","IN",76794,2,4,4,8.1,91.9,17.5,28.3,61.9,6.2,8.6,4.8,68.8,78.8,71.3,4.4,37.1,34.8,12.6,7.1,30.9,2.1,15.4,79.6,8.7,25.7,86.9,29.6,1.9,-85.969310702,39.9587635263,"Fishers"
"flint","Flint, MI","MI",102434,2,2,2,23.3,76.7,14.8,42.9,62.7,6,13.3,8.4,72.8,72.4,59.8,11.4,27,24.1,28.5,15.8,34.8,4.1,36.4,80.1,17.4,42.7,78,44,5.2,-83.6920640313,43.0236339386,"Flint"
"folsom","Folsom, CA","CA",72203,1,2,2,8.9,91.1,19.5,27.1,51.7,6.2,7.8,4.7,65,76.2,71.4,4.3,33,33.8,13.5,7.1,29.9,2.1,15.2,84.1,9.5,21.8,87.1,29.8,2.1,-121.147605753,38.6750494328,"Folsom"
"fontana","Fontana, CA","CA",196069,1,3,3,23.4,76.6,15.5,29.2,52.5,5.1,8.9,6.1,65.2,70.7,57.2,5.9,25.4,23.4,15.6,12.4,32.6,2.8,26.6,78.8,13.2,28.1,81.8,37.7,3.1,-117.459241285,34.0974227833,"Fontana"
"fort collins","Fort Collins, CO","CO",143986,2,4,4,11.4,88.6,18,23.9,52,6,8.8,4.6,62.8,73.5,65.8,4.6,37.2,31.7,14.7,6.1,30.6,2.2,14.5,74.2,9.4,20.1,83.1,24.5,2.3,-105.065904872,40.5487758924,"Fort Collins"
"fort lauderdale","Fort Lauderdale, FL","FL",165521,3,2,2,22,78,17.5,31.2,62.6,6.2,9,6.4,73.6,75.6,64.6,7,31.4,28.6,19.2,10.2,33,3.2,23.2,79.9,13.5,27.5,80.3,38.3,3.2,-80.1471225502,26.1418205174,"Fort Lauderdale"
"fort smith","Fort Smith, AR","AR",86209,2,2,2,22,78,13.1,37.6,62.4,6.2,9.8,8,65,68.1,56.1,9.1,29.7,30.3,26.1,11.6,34.5,3.1,33.9,72.8,15.4,35.8,74,38,3.6,-94.3696317306,35.3491692636,"Fort Smith"
"fort wayne","Fort Wayne, IN","IN",253691,6,3,3,18.9,81.1,14.9,31.1,64.5,6.1,10.5,6.5,61,71.4,59.3,7.8,31.2,25.9,23.7,10.8,32.9,2.7,26.2,69.9,13.3,33.4,75.8,36.3,3.1,-85.1435898792,41.0884920417,"Fort Wayne"
"fort worth","Fort Worth, TX","TX",741206,13,4,4,27,73,15.3,33.6,61.9,5.7,9.2,6.2,68,74.5,59.6,6.6,32.6,31.4,18,12.5,33.2,3.4,28.3,74.8,11.4,34.2,78.5,36.1,3.4,-97.3470323225,32.780192804,"Fort Worth"
"fremont","Fremont, CA","CA",214089,2,3,3,10.3,89.7,13.7,23.1,50.4,5.1,6.9,4.1,66.5,74.1,67.7,3.5,33,30.6,10.1,8,31.1,2,18.7,81.1,8.4,15.6,81,32.5,1.9,-121.984121512,37.5278685405,"Fremont"
"fresno","Fresno, CA","CA",494665,4,2,2,24.3,75.7,14.7,31.4,54.3,5.5,9.6,6.6,63.3,67.7,58,7.1,27.4,25.1,16.8,12.3,34,2.8,30.3,75.5,14.8,28.7,76.7,32.9,3.4,-119.794126569,36.7826786711,"Fresno"
"frisco","Frisco, TX","TX",116989,2,3,3,11.9,88.1,18.8,26.8,58.1,6.1,7.3,4.4,71.6,78.9,68.4,3.9,36.8,38.6,11.2,7.5,30.9,2.7,17.3,80.7,7.5,23.7,84.2,30.4,2,-96.8201336312,33.1507545152,"Frisco"
"fullerton","Fullerton, CA","CA",135161,1,3,3,16.5,83.5,16.3,26.9,52.5,5.5,8,5,65.4,74.4,62.2,4.9,26.8,30.3,13.7,9.1,31.7,2.3,22.5,80.2,11.1,20.6,79,32.7,2.4,-117.927850895,33.8840378013,"Fullerton"
"gainesville","Gainesville, FL","FL",124354,2,2,2,20.4,79.6,16.3,33.2,63.3,6.3,9.3,6.4,70.5,75.4,64.7,7.4,34.4,28.9,19.7,10.1,31.8,3,22.6,76.1,13.7,27.9,77,36.2,3.3,-82.345278266,29.6817027431,"Gainesville"
"garden grove","Garden Grove, CA","CA",170883,1,4,4,20.8,79.2,14.5,27.4,52.8,4.9,7.9,5.3,64.6,73.3,55.9,5.3,22.9,26.6,15.4,10.8,32.2,2.5,28.1,77.7,12,19.9,73.2,35.6,2.7,-117.960111162,33.7786940635,"Garden Grove"
"garland","Garland, TX","TX",226876,2,2,2,28.8,71.2,15.6,31.7,60,5.6,8.6,6,67.9,70.9,59.2,6.3,33.5,32.2,17.4,11.5,33.6,3.3,29.2,77,11.3,30.8,76.1,34,3.1,-96.6304258603,32.9100799867,"Garland"
"gary","Gary, IN","IN",80294,1,3,3,28.6,71.4,10.3,47.8,69.4,5.2,13.5,7.9,71,70.7,46.3,10.2,18.8,16.6,31.4,18.2,33.9,3.8,37.3,70.6,17.3,46.9,71.7,52,5.6,-87.3472907397,41.5904779239,"Gary"
"gastonia","Gastonia, NC","NC",71741,2,4,4,24.6,75.4,13.3,35.8,64.1,6,9.6,7.1,73.3,74.6,63.4,8.3,34.3,35.3,24.8,11.2,37,2.7,28.3,76.6,14.1,32.6,81.8,38.7,3.7,-81.1836588468,35.2472984431,"Gastonia"
"gilbert","Gilbert, AZ","AZ",208453,3,4,4,9.7,90.3,17.2,25.3,54.2,6.1,9,4.8,66.3,73.8,69,4.9,35.7,36.9,14.7,7.1,32.8,3,15.6,81.2,9.6,23.5,85,32,2.2,-111.746237467,33.310149392,"Gilbert"
"glendale","Glendale, AZ","AZ",226721,2,3,3,20.5,79.5,14.7,28.3,56.4,5.9,10.2,6.1,64.3,70.3,60.4,7.2,31.5,30.4,19.8,9.9,34.1,3.5,23.7,76.7,13,29.6,78.6,35.8,3.1,-112.225306421,33.5796123089,"Glendale"
"glendale","Glendale, CA","CA",191719,3,3,3,14.4,85.6,16.2,26.7,51,6,8.4,5.6,66.1,74.6,61.4,5.8,26.6,27.3,15.3,9,34.9,2.4,20.5,79.5,12,22.5,79.8,35.3,2.7,-118.24676666,34.181889373,"Glendale"
"grand rapids","Grand Rapids, MI","MI",188040,2,4,4,17.5,82.5,18.9,35.9,60.1,6.4,11,6.8,71.4,74.6,66.5,7.9,35.5,38.5,20.5,11,35,3.3,27,81.9,13.5,35.1,81.5,35.8,3.3,-85.6556858473,42.9614815414,"Grand Rapids"
"greeley","Greeley, CO","CO",92889,1,4,4,20.7,79.3,16.1,28.1,53.5,5.6,9,5.3,56.5,70.2,58.9,5.6,35.8,28.6,18.6,7.9,29.1,2.6,22.1,69.5,11.4,27,79.2,31.7,2.7,-104.771170982,40.4141369521,"Greeley"
"green bay","Green Bay, WI","WI",104057,4,3,4,13.7,86.3,24,30.5,58.1,6,10.1,5.9,68.6,72.6,66.8,6.1,34.1,28.2,20.5,9.3,33.6,2.4,23.2,79.9,12.3,32.3,82.4,32,2.9,-87.9896195955,44.5149847816,"Green Bay"
"greensboro","Greensboro, NC","NC",269666,1,4,4,20.6,79.4,13.6,35.7,63.7,5.7,8.9,6.3,75.3,76.5,68.2,6.7,38.5,37.6,19.8,10.7,34.2,2.7,22.7,80.6,12.2,32.8,83.2,35,3.5,-79.8276833061,36.0960480415,"Greensboro"
"greenville","Greenville, NC","NC",84554,3,3,3,19.8,80.2,12.4,38.9,65.2,5.8,9.3,6.8,76.4,75.8,66.6,7.3,36,36.6,20.4,11.3,35.5,2.7,24.6,79.3,12.9,32,83.1,35.7,3.8,-77.3766133673,35.5959211876,"Greenville"
"gresham","Gresham, OR","OR",105594,1,3,3,17.5,82.5,20.1,27.4,51.6,6.6,10.2,5.9,57.7,70.7,61.6,6.6,32.4,28,22,9.5,31.3,3.2,18.9,75,13.9,26.9,78.7,31.1,3,-122.441469029,45.5024256798,"Gresham"
"gulfport","Gulfport, MS","MS",67793,2,2,2,21.9,78.1,13.7,40.7,68.7,6,9,6.9,74.3,71,57.4,7.4,34,30.6,24.1,12.4,37.2,3.1,30.7,69.5,14.1,34.6,78.7,38.9,3.9,-89.0701908439,30.427377008,"Gulfport"
"hammond","Hammond, IN","IN",80830,1,3,3,27.3,72.7,13.7,36.4,63.3,5.6,10.9,7.3,64.3,70.2,47.2,8.9,24.2,21,27.2,13,34.4,3,32.2,66.5,15,37.5,72.4,43.6,3.6,-87.4909551115,41.6171442828,"Hammond"
"hampton","Hampton, VA","VA",137436,1,3,3,17.1,82.9,13.9,35.1,66.6,5.6,10.1,6.1,77,77.6,66.6,6.6,35.3,33,22.2,11.7,31.3,2.6,26,82.4,11.7,37.7,84.2,44.4,3.5,-76.3665945624,37.0533009025,"Hampton"
"hartford","Hartford, CT","CT",124775,4,2,2,24.4,75.6,12.3,39.5,65.1,5.3,12.1,7.2,70.9,74.4,56.5,8,24.2,25,21.6,15.5,36.5,3.5,33.8,79,15.9,38.6,80.5,42,4.4,-72.6834012389,41.7660706419,"Hartford"
"hayward","Hayward, CA","CA",144186,2,2,2,18.7,81.3,14.4,25.7,52,5.3,8.4,5.4,65.1,73.1,62,5.2,29.7,25.6,14.5,10.8,31.5,2.6,24.7,78.1,11.9,23.8,80,35.6,2.8,-122.077051051,37.6329591551,"Hayward"
"hemet","Hemet, CA","CA",78657,1,1,1,22.6,77.4,15.4,32.1,51.2,6.1,10.1,6.8,64.8,72.3,56.6,8,25.3,25.5,20.5,11.1,34.3,2.8,29.1,76.2,15.4,31.5,77.6,39,3.4,-116.994605005,33.7352277311,"Hemet"
"henderson","Henderson, NV","NV",257729,3,2,3,14.2,85.8,17.6,27.4,53.7,6.2,8.6,5.6,64.2,72.8,63.2,6.2,34.9,30.9,17.7,8.5,32.1,3,20.5,74,10.6,26.1,81.3,36.2,2.5,-115.037392161,36.0122394916,"Henderson"
"hialeah","Hialeah, FL","FL",224669,3,3,3,42.8,57.2,14.2,30,59.9,4.5,7.8,7.1,69.5,70.4,51.2,5.8,21.5,19.5,17.6,14.7,35.9,3.9,34.7,75,14.6,32.2,75.9,36.7,3.1,-80.3045294666,25.869626948,"Hialeah"
"high point","High Point, NC","NC",104371,2,2,2,22.7,77.3,13.6,35,63.3,5.7,9.1,6.7,74.3,75.9,65.9,7.5,37.5,36,21.5,11.1,34.5,2.7,24.6,79,13.1,32.7,81.2,35.2,3.7,-79.9932956384,35.9881243803,"High Point"
"hillsboro","Hillsboro, OR","OR",91611,2,4,4,14.3,85.7,17.7,27.5,54,6.4,8.9,5.3,63.1,72.4,63.5,5.3,30.4,32.1,15.5,8.6,32.4,3.1,16.2,77.5,11.7,26,82.2,32.8,2.6,-122.937442209,45.529027994,"Hillsboro"
"hollywood","Hollywood, FL","FL",140768,1,3,3,24.3,75.7,17.3,29,60.6,6,8.5,6.2,72.7,75.3,62.8,6.5,30.3,27.3,17.9,10.2,33.1,3.2,24,79,13.1,26.8,80.4,37.5,2.9,-80.1683976059,26.0287025703,"Hollywood"
"houston","Houston, TX","TX",2099451,28,3,3,31.1,68.9,14.9,35.1,62.9,5.2,8.5,6.1,68.9,72.8,57.6,6.1,28.4,30.2,16.4,13,34.8,3.2,29.7,77.2,11.4,33.9,76.5,36,3.5,-95.3860033966,29.7806691396,"Houston"
"huntington beach","Huntington Beach, CA","CA",189992,1,3,3,11.1,88.9,19.6,25.4,51.3,6.1,8,4.8,65.8,76.7,67.7,4.7,29.1,33.1,13.2,7.4,30.9,2.2,18,81.9,10.4,19.6,83.5,30.4,2.2,-118.001810806,33.6952749077,"Huntington Beach"
"huntsville","Huntsville, AL","AL",180105,2,3,3,16.3,83.7,12.3,36.7,66.9,6.5,9.6,6.7,70.8,76.2,65.8,7.5,39.7,36.9,21.3,10.7,35.8,2.6,24.9,80,14,32,83.5,39.7,3.2,-86.6387042882,34.6989692671,"Huntsville"
"independence","Independence, MO","MO",116830,1,3,3,17.1,82.9,15.9,29.3,63.1,6.5,10.1,6.6,65.2,70.6,60.8,8,38.4,38.2,25,9.7,34.2,2.3,25.4,72.9,13.3,32.2,77.3,33.7,3.1,-94.3502748237,39.0870794771,"Independence"
"indianapolis","Indianapolis, IN","IN",820445,9,3,3,20,80,14.9,32.9,63.4,5.7,11.5,6.6,66.1,71.6,62,8.4,36.3,31.4,23.9,11.2,34.1,2.9,27.6,75.1,13.8,34.9,77,39.2,3.5,-86.145782152,39.7771221075,"Indianapolis"
"indio","Indio, CA","CA",76036,1,2,2,27.7,72.3,15.4,30.9,49.7,5.6,9.1,6.5,64.4,72,57.1,6.4,25.9,25.9,17.3,11.8,34.2,2.9,29.6,77.8,14.3,31.6,79.4,38,3.1,-116.237258141,33.7298067837,"Indio"
"inglewood","Inglewood, CA","CA",109673,1,4,4,26.3,73.7,13.8,34.3,55.8,5.2,9.9,6.5,69.3,74.1,57.6,6.2,19.8,21.4,17.4,14.8,34.5,3.1,27.9,81.5,14.5,33.6,81.6,42.4,4.1,-118.344444926,33.9565748018,"Inglewood"
"iowa city","Iowa City, IA","IA",67862,2,4,4,9.3,90.7,20.1,27.6,60.7,6,8.3,5.3,68.5,74,66.5,4.8,36.9,34,16.3,8,31.6,2.3,19.9,79.4,8.9,28.5,83.4,27.4,2.5,-91.5308854927,41.6558950332,"Iowa City"
"irving","Irving, TX","TX",216290,3,4,4,27.3,72.7,15.2,31.9,59.9,5.5,8.3,6.1,68,70.4,58,6.2,33.3,31.4,15.9,11.5,33.9,3.3,28.3,76.5,10.7,29.7,76.4,33.1,3.1,-96.9703058323,32.8583808131,"Irving"
"jackson","Jackson, MS","MS",173514,5,2,2,23.5,76.5,11.4,45.2,72.1,5.6,10,6.9,77.5,72.4,59.7,7.2,34,29.6,23.4,15.1,36.3,3.4,33,75.8,14.5,40.6,82.4,43.6,4.8,-90.2124528561,32.31627222,"Jackson"
"jacksonville","Jacksonville, FL","FL",821784,8,3,3,20.2,79.8,17.4,33,64.3,6.3,9.2,6.4,70.6,75.9,65.4,7.4,31.5,29.1,21.1,10.6,34.8,3.2,25.5,78.7,13.8,30.6,78.6,37.8,3.4,-81.6752266207,30.3319820139,"Jacksonville"
"jacksonville","Jacksonville, NC","NC",70145,1,3,3,19.9,80.1,14.6,36.8,61.3,5.9,8.4,6.5,74.3,75.5,68.8,6.8,38.7,38,21.5,10.3,35.2,2.5,24.2,80.4,12.3,31.6,83.7,36.7,3.3,-77.3951822819,34.7331103037,"Jacksonville"
"jersey city","Jersey City, NJ","NJ",247597,3,2,2,17.8,82.2,15,31.6,60.9,4.9,8.9,6,76.2,75.5,54.3,5.8,22.6,21.9,16.2,11.3,33.4,2.6,28.6,75,11.1,25.4,76.5,43.7,3.1,-74.0687740635,40.7188130852,"Jersey City"
"johns creek","Johns Creek, GA","GA",76728,1,3,3,10.4,89.6,15.8,25.8,57.3,5.9,6.8,4.2,75.1,80.1,71.3,3.7,37.9,39.4,10.1,7.4,30.7,2.4,14.1,82.4,7.8,19,86.6,32.9,1.9,-84.2027195506,34.0332991998,"Johns Creek"
"joliet","Joliet, IL","IL",147433,3,3,4,16.7,83.3,19.8,30.8,60.2,5.7,9.8,6.2,65.5,73,58.5,6.2,30.5,25.4,19.5,10.7,32.5,2.7,26.4,74,11.8,35.2,80.3,38.1,3,-88.1507097756,41.5206390037,"Joliet"
"jonesboro","Jonesboro, AR","AR",67263,2,2,2,17.1,82.9,14.4,36.3,64.8,6.4,9.4,7.4,65.3,69.6,58.9,8,32.6,31.6,24.3,10.3,34.8,2.9,30.1,70.1,13.9,32.9,78.6,35.8,3.2,-90.6794991686,35.8208121538,"Jonesboro"
"kalamazoo","Kalamazoo, MI","MI",74262,2,3,3,17.3,82.7,17.7,34.7,60.8,6.5,11.7,7.3,70.7,72.1,66.4,9,35.3,31.7,21.6,11.5,34.9,3.4,26.3,79.9,14.6,41.2,80.1,35.5,3.6,-85.588188576,42.2748756474,"Kalamazoo"
"kansas city","Kansas City, KS","KS",145786,2,4,4,28.4,71.6,14.3,36.4,59.9,5.7,10.4,6.8,65.9,67.4,53.8,8.2,25,27,25.2,13.4,32.2,3.2,32.2,74.8,12.6,38.2,76.8,36.5,4,-94.7441921112,39.1234621409,"Kansas City"
"kansas city","Kansas City, MO","MO",459787,9,3,3,17.7,82.3,14.7,32.9,66.1,6.1,10.3,6.5,67.8,71.5,61.2,7.3,35.9,35.6,22.3,11.5,33.5,2.7,25.7,74.6,12.6,34.7,79.3,35.6,3.5,-94.5541236795,39.1239413971,"Kansas City"
"kenner","Kenner, LA","LA",66702,1,3,3,23,77,17.6,35.6,64.1,5.8,7.9,7.2,75.1,73.8,63.7,6.2,35.9,35,21,10.6,33.4,2.7,29.1,82.4,12.4,36.7,84.5,37.6,3.1,-90.2550320135,30.0106937201,"Kenner"
"kennewick","Kennewick, WA","WA",73917,1,3,3,16.8,83.2,18,29.2,52.2,6.5,10.6,6.3,61.6,70.2,65,7,29.9,34.5,18.6,9.5,33,2.9,21.6,74.7,13.1,31.2,78.2,33.1,3,-119.173245847,46.198438428,"Kennewick"
"kenosha","Kenosha, WI","WI",99218,2,4,4,14.4,85.6,22.3,30.5,59.4,5.9,9.9,5.8,67.4,72.6,65.4,6,29.1,29.9,20.2,9.6,32.8,2.5,22.9,78.2,12.1,35.3,82.4,33.5,2.9,-87.8735745085,42.585570271,"Kenosha"
"killeen","Killeen, TX","TX",127921,2,4,4,22.4,77.6,14.7,35.3,63.6,5.5,8.9,6,72,73.3,59.3,6.1,33.3,29.4,19.1,12.5,33.4,3.5,28.7,76.4,11.1,33.8,77.5,37.8,3.4,-97.7285651299,31.0757648143,"Killeen"
"knoxville","Knoxville, TN","TN",178874,5,3,3,17.4,82.6,10.8,35.7,66.6,6.5,10,7.1,74.7,76.9,62.6,8.6,38.3,39.8,25.4,11.2,31.8,3,27.7,77.1,15.2,32.4,82.8,39,3.4,-83.9495877264,35.9690594531,"Knoxville"
"lafayette","Lafayette, IN","IN",67140,2,4,4,18.6,81.4,14.8,31.5,62.8,6.2,10.5,6.7,64,72.8,59.1,8.2,27.3,30.1,23.2,9.7,35,2.8,25.4,68.4,13.6,31.8,74.4,38,3,-86.8617007404,40.3994285285,"Lafayette"
"lafayette","Lafayette, LA","LA",120623,8,3,3,20.4,79.6,17.2,36.7,66.9,6.1,8.7,7.5,74.5,72.5,63,6.9,35.1,35.5,23.8,10.6,32.8,2.9,27.8,77.9,13,34.1,81.4,35,3.4,-92.0317532321,30.2120582815,"Lafayette"
"lake charles","Lake Charles, LA","LA",71993,3,3,3,25.3,74.7,15.3,42.4,68.3,6,9.2,8,76.9,73.4,60.7,7.8,32.1,33.5,28,12.7,34.9,3,32.5,78.4,14.6,36.9,81,39,4.2,-93.2148796496,30.2030679966,"Lake Charles"
"lakeland","Lakeland, FL","FL",97422,1,2,2,22.7,77.3,16.7,34.9,62.9,6.4,9.7,6.9,70.6,75,61.9,8.2,32.6,29.9,21.9,10.7,33.7,3.1,26,75.9,14.7,31.2,77.2,37.8,3.4,-81.9539536462,28.0558482664,"Lakeland"
"lakewood","Lakewood, CA","CA",80048,2,3,3,14.3,85.7,16.8,25.8,50.5,5.7,7.8,5.1,67.7,76.1,64.1,4.7,26.4,28.9,13.5,9.1,34,2.3,19.7,81.7,10.8,22.4,82.9,36.2,2.4,-118.122204765,33.8470531941,"Lakewood"
"lakewood","Lakewood, CO","CO",142980,2,4,4,14.4,85.6,19.4,24.6,52,5.8,8.6,4.6,60,75.3,63.9,4.7,41,35.1,16.8,6.4,29.6,2.3,15.7,72.4,9.7,20.9,83.2,27.1,2.3,-105.116965444,39.6976734462,"Lakewood"
"lancaster","Lancaster, CA","CA",156633,1,1,1,21.5,78.5,15.8,30,53.3,5.8,9.2,6.6,66.6,74.1,57.2,6.9,23.3,23.2,18.2,11.9,35.1,2.8,25.5,78.2,14.1,29.3,79.9,39.3,3.5,-118.175306356,34.6934347017,"Lancaster"
"lansing","Lansing, MI","MI",114297,3,3,3,17.2,82.8,17.7,34.2,60.9,6.3,11.3,7.2,68.4,73.9,65.8,8.5,33.5,30,22.5,11.6,36,3.4,28.2,78.9,14,36.1,80.6,36.4,3.5,-84.5584470022,42.7090711751,"Lansing"
"laredo","Laredo, TX","TX",236091,2,3,3,44.2,55.8,13.6,33.2,60.8,4.1,8.2,7,64.9,65.7,45.1,5.8,24.6,20.1,16.9,16.8,34.6,3.5,37.6,70.2,12.5,38.6,73.9,33.3,3.4,-99.4867797312,27.5482572475,"Laredo"
"largo","Largo, FL","FL",77648,1,2,2,20.3,79.7,20.2,30.2,59.7,6.7,9,6.6,69.3,75.4,63.5,7.8,34.3,33.2,23.9,9,35,2.8,22.3,76.5,14,28,78,37.5,2.9,-82.7714203383,27.9090907734,"Largo"
"las cruces","Las Cruces, NM","NM",97618,2,2,2,19.9,80.1,15.7,29.1,57.1,5.7,9.4,5.5,61.2,67.5,55.3,5.8,33.1,25.1,17.9,10.3,31.4,3.1,21.1,70.2,12.2,28.8,79.5,32.2,2.8,-106.789465579,32.326638797,"Las Cruces"
"las vegas","Las Vegas, NV","NV",583756,12,2,2,22.6,77.4,15.9,29.9,55.5,5.9,9.3,6.5,63.4,70.7,57.5,7.4,32.1,27.6,20.4,10.8,32.9,3.4,26.2,71.3,12.4,30.3,78,38.9,3.1,-115.262670095,36.2274148438,"Las Vegas"
"lawrence","Lawrence, KS","KS",87643,1,3,3,13.9,86.1,16.8,26.1,60.5,6.4,9.4,5.5,67.8,72.2,65.2,5.9,40,39.1,17.3,8.4,31.1,2.3,20.2,78.1,9.5,28.2,81.4,28.2,2.6,-95.2628259088,38.9599302924,"Lawrence"
"lawrence","Lawrence, MA","MA",76377,1,2,2,21.7,78.3,15.1,33.4,58.9,5.4,13,7.5,76.9,74.8,58.4,8.7,23.4,21.7,20.9,15.1,35.9,4.3,34.9,83.1,16.6,35.9,84.2,42.5,3.4,-71.1626790341,42.7002772201,"Lawrence"
"lawton","Lawton, OK","OK",96867,3,3,3,18.1,81.9,12.7,37.6,63.6,5.8,10.3,7.2,65.5,71.6,53.2,8,37.5,35.4,23.3,12,34,2.7,31.3,67.6,14.3,35.4,73.5,39.3,3.4,-98.4203934803,34.6170564899,"Lawton"
"layton","Layton, UT","UT",67311,1,2,2,13.1,86.9,9.5,27,53.3,5.8,9,4.9,59.2,71.8,70.4,4.1,41.8,31.2,9.7,7.7,33,2.4,16.9,73.3,10,27,77.9,32,2.5,-111.961589302,41.077181614,"Layton"
"lee's summit","Lee's Summit, MO","MO",91364,1,4,4,10.1,89.9,17.4,27.2,61.8,6.6,8.9,5.3,67.6,73.3,68.5,5.4,41.9,43.2,17.6,7.7,32.9,2,18,77.9,9.9,27.5,84,30.4,2.3,-94.3814865856,38.9170508128,"Lee's Summit"
"lewisville","Lewisville, TX","TX",95290,3,3,3,20.2,79.8,16.8,28.6,59.6,5.8,8.1,5.4,70.2,77.3,61.3,5.5,33.9,32.6,15.6,9.7,33.3,3.1,23.8,77,9.7,28.3,79.2,32.3,2.6,-96.9829273031,33.0451992429,"Lewisville"
"lexington","Lexington, KY","KY",295803,6,3,3,10.4,89.6,12.4,36.2,63.9,6.6,11.1,7.2,73,75.3,69.6,8.3,40.4,43.8,23.2,10.8,36.2,3.2,26.3,81.9,12.3,30.8,81.9,37.4,3,-84.4587259608,38.0423254022,"Lexington"
"lincoln","Lincoln, NE","NE",258379,4,4,4,13.5,86.5,21.8,26.8,58.7,5.8,8.4,5.1,60.8,71.1,63.4,5.5,39.3,32.7,18.6,7.7,32.8,2.1,18.8,75.8,9.1,27.8,78.7,30.7,2.5,-96.6806742049,40.8096195695,"Lincoln"
"little rock","Little Rock, AR","AR",193524,5,2,2,16.6,83.4,13.8,38.2,67.5,6.1,9.3,6.7,69.2,74.3,64.4,6.7,35.5,33.2,20.8,11.8,35.5,3,26.7,78.2,12.5,31,82.8,36.5,3.4,-92.3583751863,34.7253957894,"Little Rock"
"livonia","Livonia, MI","MI",96942,1,3,3,9,91,22.7,28.1,53.6,6.8,9.3,5.6,69.6,78.4,72.6,6,38.6,36.4,18.4,7.2,34.9,2.7,18.2,84.2,10.3,25.7,86.2,35.5,2.2,-83.3733073683,42.3971592737,"Livonia"
"long beach","Long Beach, CA","CA",462257,5,2,2,21,79,15.2,28.8,52.7,5.6,8.6,5.8,66.8,73.7,59.6,5.6,25.2,26.5,15.6,11.1,35,2.6,23.9,79.8,12.7,26.2,79.5,37.9,3,-118.160894146,33.8060144825,"Long Beach"
"longmont","Longmont, CO","CO",86270,1,3,3,15.3,84.7,17.6,22.5,51.7,5.9,8.9,4.9,58.4,75.8,62.2,4.9,36.4,35.3,14.5,6.4,29,2.2,14.8,73.1,10,18.2,83.5,27.2,2.5,-105.10195106,40.1695164708,"Longmont"
"longview","Longview, TX","TX",80455,3,3,3,24.8,75.2,16,33.7,61.9,6,9.4,6.2,66.9,72.8,59.8,6.9,32.4,31.6,20.6,11.4,33.9,3.4,28.7,74.3,11.9,35.7,77.3,36,3.4,-94.762197598,32.5192857856,"Longview"
"los angeles","Los Angeles, CA","CA",3792621,38,3,3,23.4,76.6,15.1,28.9,52.3,5.4,8.5,6,65.9,73,57.5,5.7,24.3,24.9,15.6,11.7,35.4,2.7,25.1,79.1,13,26.7,79.1,37.5,3.1,-118.408500088,34.1182277898,"Los Angeles"
"louisville","Louisville, KY","KY",597337,4,2,2,11.4,88.6,14.6,35.2,67.2,6.5,11.7,7.5,73.3,75.7,67.6,9.5,38,38.3,25.5,11.4,35,3.2,27.8,80.8,13.3,32.9,80.7,37.8,3.3,-85.6664099974,38.1777689918,"Louisville"
"loveland","Loveland, CO","CO",66859,2,4,4,11.6,88.4,18.9,22.9,51.2,6,8.8,4.6,62.8,74.8,66,4.8,37,32.2,15.7,6,30.1,2.2,15.1,74.2,9.6,20.1,83.9,24.8,2.3,-105.061758435,40.4165693758,"Loveland"
"lowell","Lowell, MA","MA",106519,1,2,2,11.6,88.4,16.1,28.6,57.3,6.3,12.1,6.3,74.1,79.6,65,7.5,29.5,27.4,19.9,10.8,32,2.9,27.8,84,14.3,26.7,81,38.6,2.9,-71.321714396,42.6388727331,"Lowell"
"lubbock","Lubbock, TX","TX",229573,5,4,4,24.7,75.3,16.3,31.8,60.8,5.8,8.5,6,67.4,71.3,59.3,6,34,31.3,18.2,10.9,33.4,3.2,27.8,75.4,11,33,77.4,33.5,3,-101.886335663,33.5666251178,"Lubbock"
"lynchburg","Lynchburg, VA","VA",75568,1,4,4,18.3,81.7,14.2,33.6,64.9,5.8,10.1,6.3,73.1,75.6,63.9,7.4,35.3,32.7,22.1,10.9,33.9,2.6,27.1,78.1,12.5,32.2,81.5,38.1,3.5,-79.1911081,37.4004163016,"Lynchburg"
"lynwood","Lynwood, CA","CA",69772,1,3,3,37.1,62.9,13.6,31.2,53,4.7,9.5,7.5,64.2,71.1,47.6,6.8,18,17,18.6,16.4,36.3,3.5,34,76,16.3,34.2,77,40.8,4,-118.201648375,33.9239616867,"Lynwood"
"macon","Macon, GA","GA",91351,3,3,3,30,70,11.2,44,69.2,5.6,11.8,7.4,74.3,73,57.9,9.6,29.2,22.9,25.9,16.6,37.3,3.8,34.5,76,16.6,42.9,77,46,5.2,-83.6495823768,32.8320417692,"Macon"
"madison","Madison, WI","WI",233209,3,5,5,9.9,90.1,22.7,27.4,60.1,5.9,9.4,4.8,68.2,75.2,71.1,4.5,36,34.4,14,7.6,31.6,2.1,17.7,79.9,9.8,27.5,84.8,30.3,2.3,-89.3915106344,43.0809865694,"Madison"
"manchester","Manchester, NH","NH",109565,2,4,4,17.6,82.4,16.4,28.4,59.3,6.4,11.1,5.8,68.7,76.7,65.7,7.1,32.2,32.2,19.8,9,31.2,2.3,21.6,79.7,12,31.2,82,36.5,2.7,-71.4445313287,42.9844541713,"Manchester"
"manteca","Manteca, CA","CA",67096,2,3,3,17.1,82.9,17.1,30.5,53.2,5.8,9,5.9,63.2,73.6,63,6.1,28.7,27.1,16.9,9.5,34.3,2.5,25.1,78.6,12.8,27.8,82.4,34.9,2.8,-121.231230612,37.7961925102,"Manteca"
"mcallen","McAllen, TX","TX",129877,1,4,4,38,62,14.3,31.1,59.5,4.4,7.8,6.2,65.4,66.6,51.4,5.3,29.6,26.7,13.3,14.6,34.6,3.4,29.5,71,11.1,35.6,75.6,31.4,3,-98.2451704536,26.2186289942,"McAllen"
"mckinney","McKinney, TX","TX",131117,2,4,4,16.3,83.7,18.9,28.2,58.8,6.1,7.8,5,70.9,77.9,65.7,4.8,34.8,35.8,13.5,8.6,30.4,2.9,20.9,78.9,8.8,27,82.8,32.8,2.4,-96.6677029773,33.1988886952,"McKinney"
"medford","Medford, OR","OR",74907,2,3,3,17,83,19.2,28.9,52.9,6.6,9.9,6.2,58,69,58.5,6.9,31.4,26.4,22.6,9,30.8,3.1,20.3,73.5,14.2,29.7,78.4,33.1,3,-122.853625909,42.3371987584,"Medford"
"melbourne","Melbourne, FL","FL",76068,4,3,2,18.2,81.8,20.5,29.4,59.6,6.6,8.9,6.2,70.4,74.8,64.9,7.2,33.5,31.2,21.6,9,34.1,2.8,22.7,79.2,13.2,25,80.6,37.8,2.9,-80.6508814613,28.1158805782,"Melbourne"
"memphis","Memphis, TN","TN",646889,7,2,2,22.6,77.4,9.6,42.2,69.1,5.8,10.9,7.5,78.2,76.4,61.3,8.9,29.6,32.8,24.4,14.9,33.1,3.4,31.6,79,16.2,36.3,83.9,39.8,4.6,-89.978906085,35.1046295042,"Memphis"
"merced","Merced, CA","CA",78958,1,2,2,25,75,14.1,34.5,54.1,5.5,9.7,6.8,63.6,67.4,54.2,7.3,25.5,22.7,18.5,12.4,35.3,3,30.2,73.8,15,31.6,75.4,36,3.5,-120.477710571,37.3055863217,"Merced"
"mesa","Mesa, AZ","AZ",439041,7,3,3,17.1,82.9,15.6,27.5,55.7,6.1,10.1,5.9,64.4,71.1,62.9,6.9,33.1,32.4,19.3,8.9,33.8,3.4,21.3,77.5,12.4,28.3,80.4,34.7,2.9,-111.718721181,33.4022837359,"Mesa"
"mesquite","Mesquite, TX","TX",139824,2,2,2,26.1,73.9,16.2,32.3,60.7,5.8,9,6.1,68.8,71.8,59.6,6.6,33.5,32,17.9,11.2,33.3,3.4,28.1,77,11.5,32.1,78.1,34.1,3.2,-96.5927445114,32.7641310166,"Mesquite"
"miami","Miami, FL","FL",399457,12,2,3,37,63,14.3,32.4,62.3,4.8,8.5,7.2,71.1,71.2,53.2,6.6,22,20.3,18.9,14.4,35.6,3.9,32.8,75.7,14.8,32.1,76.3,37.4,3.6,-80.2215647762,25.782295897,"Miami"
"miami beach","Miami Beach, FL","FL",87779,1,3,3,23.9,76.1,17,28.5,59.3,5.5,7.4,6,71.3,73.4,62.2,5.2,27.3,26.4,15.1,10.3,34.7,3.1,23.4,79,11.6,25.8,81.1,32.8,2.5,-80.1341952652,25.8167101614,"Miami Beach"
"midland","Midland, TX","TX",111147,1,3,3,23.1,76.9,17.6,31.1,59.2,5.8,8.1,5.6,67.9,74.2,61.7,5.4,32.4,32.7,16.9,10.2,31.1,3.1,25.8,76.4,10.1,32.1,81.1,33.7,2.7,-102.109700973,32.0285948356,"Midland"
"milwaukee","Milwaukee, WI","WI",594833,8,3,3,19.1,80.9,19.8,38.1,63.4,5.6,11.9,6.1,71.1,71.7,62.9,6.7,30.2,25,23.7,13.1,33.3,3,28.6,79,13.8,39,81.5,40.8,3.9,-87.9672412429,43.0641258925,"Milwaukee"
"minneapolis","Minneapolis, MN","MN",382578,6,3,3,11.7,88.3,19.1,27.9,58.1,5.8,9.6,5.4,67.4,75.1,65.9,4.8,30,34.2,17.4,8.6,32.2,2.3,20.6,80,9.6,26.7,83,30.7,2.9,-93.2678345304,44.9635407967,"Minneapolis"
"miramar","Miramar, FL","FL",122041,1,4,4,21,79,16.2,31.3,62.3,5.2,8.3,5.5,76.5,77.1,66.3,5.1,27.6,26.2,14.6,11.3,31.9,3.5,22.4,83.3,11.5,27.5,84.5,39.6,3,-80.3357316003,25.9773288233,"Miramar"
"mission","Mission, TX","TX",77058,1,4,4,39.9,60.1,14.4,30.8,59.2,4.6,7.8,6.3,65.2,66.8,51.7,5.5,30.6,28.5,13.9,14.3,34.4,3.4,30.1,70.9,11.4,35.8,75.5,31.7,3,-98.322770513,26.2033406464,"Mission"
"mission viejo","Mission Viejo, CA","CA",93305,2,3,3,9.4,90.6,20.2,24.8,50.8,6.2,7.8,4.6,66.5,77.4,69.6,4.3,29.9,34.2,11.9,6.9,30.5,2.1,16.2,82.9,9.6,18.8,85.6,29.5,2,-117.655029608,33.6095976891,"Mission Viejo"
"missoula","Missoula, MT","MT",66788,2,4,4,14.2,85.8,20.1,27,52.3,6.3,9.3,5.3,60.6,70.4,60.7,5.9,34.8,32.5,18.3,7.4,30.6,2.1,17.1,76.2,10.5,25.5,80,29.4,2.6,-114.009863843,46.8694402455,"Missoula"
"mobile","Mobile, AL","AL",195111,5,2,2,19.1,80.9,12.8,43,69.3,6.5,10.7,7.6,72.4,73.2,62.7,8.7,34.3,32.2,22,13.8,37.6,3.1,27.4,80.1,15.8,37.6,81.9,42.2,4.1,-88.1184482714,30.6776248648,"Mobile"
"modesto","Modesto, CA","CA",201165,4,2,2,19.5,80.5,16.4,29.5,53.5,5.9,9.3,6.3,64.3,70.7,60.6,6.8,26.9,27.3,18,10.4,32.7,2.7,25.6,78.1,14,30,78.9,35.5,3.1,-120.988548061,37.6615478221,"Modesto"
"montgomery","Montgomery, AL","AL",205764,3,4,3,18.5,81.5,12.2,40.6,70.3,6.4,10.8,7.2,75.2,75.1,63.3,8.6,32.1,27.7,21.3,13.3,36.9,3.1,27.9,80.2,15.5,36.8,83,41.3,4.1,-86.2677059552,32.3472645333,"Montgomery"
"moreno valley","Moreno Valley, CA","CA",193365,2,3,3,23.7,76.3,14.8,32.8,51.7,5.4,9.5,6.3,66.6,72.9,57.6,6.4,22.9,23.9,17.7,12.5,33.8,2.9,29.3,79,14.1,31.7,79.8,40.1,3.4,-117.204501895,33.9244314112,"Moreno Valley"
"mount pleasant","Mount Pleasant, SC","SC",67843,2,4,4,10,90,22.9,27.5,61.2,6.6,7.3,4.8,68.5,79.4,73.6,4.4,49.2,41.8,13.7,7.1,35.1,1.9,14.6,80.8,9.3,22.7,87.1,30.3,2.1,-79.8230343029,32.8538274584,"Mount Pleasant"
"mount vernon","Mount Vernon, NY","NY",67292,1,2,2,16.4,83.6,14.2,37.5,63.8,5.4,11.4,5.7,74.2,79.7,62.4,6.4,25.8,28.4,18,12.5,33.4,2.5,28,79.9,13.2,33.5,83.2,46.7,3.7,-73.8291001676,40.9136008569,"Mount Vernon"
"mountain view","Mountain View, CA","CA",74066,1,4,4,9.4,90.6,15.7,25.7,50,5.6,7.3,4.2,65.9,75.8,68,3.6,30,33.4,9.4,7.3,31.2,2.1,15.7,82.9,8.4,18.4,84,31,1.9,-122.079544343,37.3999252379,"Mountain View"
"muncie","Muncie, IN","IN",70085,1,3,3,21.1,78.9,13.1,36.5,65.3,6.2,11.8,7.4,64.9,69.8,54.8,10.1,30.9,27.9,27.9,11.5,34.8,2.9,30.8,69.9,15.9,36.7,72.2,39.5,3.6,-85.3942940148,40.1987098324,"Muncie"
"murfreesboro","Murfreesboro, TN","TN",108755,3,3,3,14.6,85.4,12.4,36.9,65.3,6.4,9.1,6.6,75,76.8,65,7.4,39.3,37.3,21.7,10.2,32.1,2.8,24.5,80.3,13.5,29.9,84.3,36.7,2.9,-86.408628238,35.850778195,"Murfreesboro"
"murrieta","Murrieta, CA","CA",103466,2,2,2,12.3,87.7,17.8,28.3,48.7,6.1,8.4,5.2,67.3,75.9,66.4,5.1,28.6,31.5,14.5,8.3,32.6,2.3,20.3,81.9,11.1,24.8,84,35.7,2.4,-117.190921143,33.5719743356,"Murrieta"
"nampa","Nampa, ID","ID",81557,2,4,4,27.1,72.9,14.2,30.8,54.2,5.9,9.7,6.5,54.8,64.2,51.2,6.8,29.3,24.1,21,9.2,34.9,2.6,23.3,62.8,13.3,35.1,70.2,34.3,3.3,-116.564145085,43.5829315681,"Nampa"
"napa","Napa, CA","CA",76915,1,3,3,16.6,83.4,17.8,27,51.1,6.1,8.8,5.7,64,73.7,63.8,5.9,28.5,29.9,15.5,8.8,32,2.5,21.6,78.3,12.3,26.1,83.4,30.9,2.6,-122.301093331,38.2980424649,"Napa"
"naperville","Naperville, IL","IL",141853,1,3,3,7,93,20.6,25.7,57.3,5.8,8.1,4.5,67.2,76.1,67.4,3.7,38.3,33.9,11.3,6.7,31.9,2.1,15.9,79.7,7.8,22.7,85.2,30.5,1.9,-88.1657705099,41.7482001145,"Naperville"
"nashua","Nashua, NH","NH",86494,2,4,4,16.1,83.9,16.5,27.7,58.8,6.4,10.5,5.4,69.2,77,67.8,6.3,33.4,33.7,17.6,8.5,31,2.2,19.8,81,11,29.4,83.3,35.5,2.5,-71.4909587631,42.7491554459,"Nashua"
"nashville","Nashville, TN","TN",601222,9,3,3,17.2,82.8,12.3,35.9,67.4,6.2,9.6,6.9,74.9,76.9,63,7.7,35.9,36,22.6,11.3,31.8,2.9,26.7,81.2,13.9,31.1,84.2,36.3,3.3,-86.7845944773,36.1712229904,"Nashville"
"new britain","New Britain, CT","CT",73206,1,2,2,18.3,81.7,14.7,33.4,61.8,6.2,10.8,6.4,69.3,75.9,62.2,7.2,29.4,31.3,19.7,11.1,35.9,2.8,27.7,79.4,14,32.4,83,37.4,3.2,-72.7861630705,41.675922654,"New Britain"
"new haven","New Haven, CT","CT",129779,1,3,3,17.4,82.6,12.9,35.8,61.5,5.8,11.1,6.2,70.5,75.8,64.2,6.8,31.3,32,19.6,12.3,32.8,2.9,28.1,81.9,13.4,35.3,82.3,42.6,3.7,-72.9247595793,41.3113869392,"New Haven"
"new orleans","New Orleans, LA","LA",343829,7,2,2,23.4,76.6,17.3,41.2,69.9,5.5,9,7.7,74.7,74.3,62.7,6.9,37.7,31.4,23.6,13,33.1,3.1,28.2,80.8,13.5,34.4,83.4,38.5,4.3,-89.9316317895,30.0687009935,"New Orleans"
"new rochelle","New Rochelle, NY","NY",77062,1,2,2,14.9,85.1,16.8,30.7,59.3,5.6,9.5,5.2,70.4,79.1,65.2,5.3,30.6,32.9,14.4,9.3,33.8,2.1,23.3,79.1,11.1,26.7,83.8,39.9,2.6,-73.7843883178,40.9321713141,"New Rochelle"
"new york","New York, NY","NY",8175133,39,2,1,18.3,81.7,15.5,30.7,59,5.3,10.2,5.6,74.3,77,62.2,6,28.6,26.3,16.8,11.2,34.1,2.3,28.8,77.9,12.6,26.3,80.7,41,3.1,-73.9313850409,40.694960689,"New York"
"newark","Newark, NJ","NJ",277140,3,1,1,28.9,71.1,13.3,39,63.1,4.8,10.9,7.6,74.8,73.9,53,8.4,24,17.5,24,15.7,36,3.2,35.8,74.7,15.7,37.6,74.5,48,4.6,-74.1752997118,40.7260693449,"Newark"
"newport beach","Newport Beach, CA","CA",85186,1,4,4,7,93,20.5,25.1,51,6.4,7.7,4.4,66.7,77.5,71.3,3.9,31.5,35.5,10.5,6.1,30.7,2,13.8,83.5,8.7,17.8,86.6,27.7,1.9,-117.867364631,33.6150103607,"Newport Beach"
"newport news","Newport News, VA","VA",180719,2,3,3,17.4,82.6,14.8,34.6,65,5.6,9.7,6,75.8,77.1,66,6.5,35.3,33.1,22.3,10.8,33,2.5,25.6,82.2,11.5,32.8,84.6,41.7,3.3,-76.5182644502,37.1051141309,"Newport News"
"newton","Newton, MA","MA",85146,1,4,4,4.1,95.9,19.2,25.3,55.1,6.8,10.2,4.4,76.6,82.5,76.9,4.1,36.3,35.9,10.7,6.7,30.5,2.2,14.9,88.9,9,20.4,89.4,31.2,1.8,-71.2084466944,42.3316567616,"Newton"
"norfolk","Norfolk, VA","VA",242803,4,3,3,17.9,82.1,16.2,34.7,64.4,5.5,9.6,6.2,76.6,76.6,64.5,7,34.7,31.9,22.4,11.6,33.5,2.7,26.7,82.2,11.9,33.1,82.6,39.9,3.6,-76.2567157761,36.8932863006,"Norfolk"
"norman","Norman, OK","OK",110925,2,4,4,13.8,86.2,14.3,35.4,60.8,6,9.7,6.4,60.6,72.6,61,6.7,41.6,36.6,19.6,9.3,36.2,2.3,26.3,71.5,12.7,30.6,76.2,34,2.7,-97.3470413838,35.2335032647,"Norman"
"north charleston","North Charleston, SC","SC",97471,1,2,2,25.2,74.8,16.8,37.4,67.6,6,9.7,7,69.5,76.6,61.5,8.1,38.2,30,23.7,13.7,36.7,2.8,28.4,76.3,14.9,35.5,79.4,40.6,4.3,-80.0738525014,32.9100915071,"North Charleston"
"north las vegas","North Las Vegas, NV","NV",216961,1,2,2,25.5,74.5,14.9,31.5,56.5,5.6,9.7,6.8,64,70.6,55.3,7.9,28.9,24.5,21.4,12.5,32.9,3.6,29,71.1,13.2,32.4,77,41,3.6,-115.088496088,36.2891993562,"North Las Vegas"
"norwalk","Norwalk, CA","CA",105549,1,2,2,24.5,75.5,15.3,26.8,50.3,4.9,7.8,5.8,65.7,73.9,55.9,5,22.3,23.1,14.4,12.2,35,2.7,26,79.3,12.3,26.5,80.4,37.9,2.7,-118.082915204,33.9068808228,"Norwalk"
"norwalk","Norwalk, CT","CT",85603,1,3,3,12.9,87.1,17.6,28.8,56.9,6.3,8.7,5,66.3,78.6,69.1,4.9,33.7,38.7,16.4,8.1,30.4,2.3,19.8,81.4,10.4,24.6,85.6,34.4,2.4,-73.4224513123,41.1175631682,"Norwalk"
"o'fallon","O'Fallon, MO","MO",79329,3,3,3,10.4,89.6,17.6,26.1,60.7,6.4,8.6,5.4,68.6,75.1,67.7,5.7,40.5,42.5,17.8,7.7,32.8,2.1,20.5,76.5,10.4,24.9,83,32.4,2.3,-90.7176856736,38.7852244161,"O'Fallon"
"oakland","Oakland, CA","CA",390724,4,2,3,18.3,81.7,14,29.3,54.9,5.4,9.3,5.5,66.5,72.7,63,5.6,28.9,25,15.2,11.5,31.7,2.7,24.5,79.2,12.5,25.8,80.7,36,3.3,-122.214859257,37.790878035,"Oakland"
"oceanside","Oceanside, CA","CA",167086,1,2,2,16.7,83.3,18,26.4,52,5.9,8.5,5.7,65.6,74.4,62.8,5.8,29.3,27.3,15.3,9.8,30.9,2.6,22.6,78.5,12.4,24.4,81.8,35.4,2.7,-117.308200285,33.2247457474,"Oceanside"
"odessa","Odessa, TX","TX",99940,3,2,2,29,71,17,31.7,59.6,5.6,8.5,6.2,64.9,70.2,56.2,6.1,29.9,30.2,18.2,11.7,35.1,3.3,30.1,74.6,11.3,35,78.6,35.3,3,-102.344465435,31.879456461,"Odessa"
"ogden","Ogden, UT","UT",82825,2,3,3,22.7,77.3,9.9,31.5,55.6,5.8,10.1,6,59.9,67,61.7,5.6,29.6,25.2,15.4,10.4,34.1,3.1,23.1,66.6,12.9,33.9,70.6,36.8,3.2,-111.967450557,41.2281567535,"Ogden"
"oklahoma city","Oklahoma City, OK","OK",579999,19,3,3,19.6,80.4,13.4,34.7,61.9,5.8,10.1,6.9,62.5,71.5,57.8,7.4,37.8,37.3,20.5,10.9,34.9,2.6,28.5,71.6,13.8,32.4,77.3,35.9,3.2,-97.5137615524,35.467564288,"Oklahoma City"
"olathe","Olathe, KS","KS",125872,2,3,3,12.2,87.8,18,26.7,60.9,6.4,8,4.9,69.3,77.5,68.5,5,43.6,36,15.2,8,32.2,2.3,19.6,81,8.4,27.3,85.6,27.7,2.3,-94.8192070197,38.884693021,"Olathe"
"omaha","Omaha, NE","NE",408958,11,3,3,16.3,83.7,20.9,29.2,61,5.7,8.3,5.6,64.8,71.6,62.6,5.7,37.4,35.6,20.4,9.4,31.4,2.4,22.3,76.4,9.5,30.6,80.9,32.8,2.9,-96.0415076441,41.2642309111,"Omaha"
"orange","Orange, CA","CA",136416,5,2,2,15.9,84.1,18.2,26.3,51.6,5.7,8.2,5.2,65.1,75.3,63.7,5.1,26.9,29.9,14,8.8,31.4,2.4,21.5,80.4,11.3,21.6,81.9,31.8,2.4,-117.8231855,33.8046419567,"Orange"
"orem","Orem, UT","UT",88328,2,4,4,16,84,7.6,24.6,51.6,5.9,8.9,5.2,55.5,69,65.1,4.4,33.2,28.9,7.9,7.9,30.5,3,17.1,69.7,10.5,28,72.2,31.6,2.7,-111.699188517,40.2987127625,"Orem"
"orlando","Orlando, FL","FL",238300,3,2,2,22.9,77.1,16.8,33.2,61.7,5.9,9.2,6.5,70.5,74.6,63.9,7,27.3,30,18.9,11.2,33.5,3.4,26.3,79.8,13.5,28.6,79.2,36,3.4,-81.3452411179,28.4800646771,"Orlando"
"overland park","Overland Park, KS","KS",173372,8,4,4,9.8,90.2,17.9,26,60.5,6.5,7.7,4.5,69.9,78,70.5,4.3,45.1,38,12.9,7.2,31.9,2.1,17.1,82.2,7.4,25.3,86.7,26.4,2.1,-94.6872267067,38.8872922575,"Overland Park"
"oxnard","Oxnard, CA","CA",197899,1,2,2,26.9,73.1,15.3,30.7,52.8,4.9,8.7,6.2,60.3,72.9,56.2,5.7,23.2,22.5,15.5,12.2,33.9,2.9,29.2,76.9,13.5,27.8,79.6,32.5,3,-119.18187657,34.1959237731,"Oxnard"
"palatine","Palatine, IL","IL",68557,1,5,5,11.3,88.7,22.2,24.5,57.9,5.8,8.4,4.8,68.6,74,65.5,4.5,37.4,33.7,14.9,7.4,30.7,2.2,19.3,78.8,9.3,22.8,82,31.4,2.2,-88.042989882,42.1180663695,"Palatine"
"palm bay","Palm Bay, FL","FL",103190,1,4,4,21.1,78.9,19.6,30.7,60.4,6.3,9.3,6.5,70.7,74.5,63.2,7.6,31.5,29.4,23.1,10.1,34.2,3,24.9,78.9,14.1,27,79.8,39.5,3.1,-80.6666722846,27.9838255249,"Palm Bay"
"palm coast","Palm Coast, FL","FL",75180,1,3,3,19.5,80.5,18.5,30.1,60.9,6.5,9,6.4,69.6,75.7,65.2,7.3,36.3,28.7,20.8,9.3,33.3,3,23.2,78.7,13.7,26.1,79.3,35.6,2.9,-81.2508206143,29.5405590976,"Palm Coast"
"palmdale","Palmdale, CA","CA",152750,1,3,3,25.4,74.6,15.2,29.6,52.8,5.5,9.1,6.6,65.9,73.3,56.3,6.6,22.7,22.4,17.5,12.6,35.3,2.9,27,78.3,14.4,29.6,79.5,39,3.4,-118.105772328,34.5944899803,"Palmdale"
"parma","Parma, OH","OH",81601,1,4,4,11.9,88.1,21.3,27.1,59.3,5.9,10.2,6.4,70.4,76.2,65,7.6,35.5,30.7,21.9,9.2,31,2.7,22.6,76.4,12.7,29.8,80.1,36.5,2.7,-81.728599153,41.3842399838,"Parma"
"pasadena","Pasadena, CA","CA",137122,1,4,4,15.3,84.7,16,27.4,51.5,5.7,7.8,5.1,67.6,74.8,63.9,4.5,26.8,28.5,12.4,9.5,34.6,2.4,19.2,82.1,10.5,23,82.9,35,2.5,-118.138921644,34.1597634806,"Pasadena"
"pasadena","Pasadena, TX","TX",149043,3,3,3,35.4,64.6,15.9,31.7,60.1,5.3,8.2,6.3,66.3,72.2,56,6.5,28.9,30.3,17.1,12.2,35,3.1,31,74.8,12,33.6,75.5,34.6,3.1,-95.1509173148,29.6589511488,"Pasadena"
"passaic","Passaic, NJ","NJ",69781,1,2,2,36.5,63.5,14.8,33.2,58.2,4.7,9.5,7.4,70,70.9,47.1,7.3,25.5,18.1,21.6,14.7,38.7,3.3,37.3,72.3,15.3,35.6,74.7,43.6,3.7,-74.1281123174,40.8574581109,"Passaic"
"paterson","Paterson, NJ","NJ",146199,1,1,1,32.3,67.7,14.5,35.7,60.6,4.7,10.1,7.3,72.5,72.3,49.3,7.4,24.7,17.5,22.2,15.1,38.1,3.4,36.3,74.7,15.2,37.3,77.3,45.7,4,-74.1624181271,40.9146874977,"Paterson"
"pawtucket","Pawtucket, RI","RI",71148,1,3,3,14.9,85.1,16.5,33.7,63.1,6,12.7,6.5,79.9,78.8,65.2,7.7,31.1,30.5,22.3,10.8,34.1,2.5,30.3,82.2,15,30.3,83.4,42.2,3.3,-71.3743580803,41.8744534517,"Pawtucket"
"pembroke pines","Pembroke Pines, FL","FL",154750,2,4,4,19.8,80.2,17.6,27.6,59.5,5.7,7.7,5.5,74.5,77.1,66.3,5.1,29.6,26.9,13.8,9.8,32.1,3.1,21,81.8,11,24.7,84.5,36.5,2.5,-80.3384522664,26.0127387534,"Pembroke Pines"
"peoria","Peoria, IL","IL",115007,3,3,3,14.5,85.5,18.4,33,62.1,5.8,10.6,6.2,66.8,72.5,58.8,6.8,30.5,27.4,20,10.4,32.6,2.7,25.6,76.6,12.4,34.2,79.5,37.1,3.3,-89.615255458,40.7515684146,"Peoria"
"philadelphia","Philadelphia, PA","PA",1526006,17,3,3,20.1,79.9,17.5,34.7,66.7,5.7,11.5,6.7,72.3,73.5,62.5,7.4,29.3,29.3,25.5,13.2,33.3,3,29,79.9,15.4,33.9,78.4,44.3,4,-75.1333888571,40.0093147808,"Philadelphia"
"phoenix","Phoenix, AZ","AZ",1445632,17,3,3,22.2,77.8,14.5,28.9,56.7,5.9,10.2,6.1,64.1,69.7,60.1,7.1,31.7,30.7,19.6,10.2,34.3,3.6,24.1,76.7,13.1,30.1,78.5,35.6,3.1,-112.088995222,33.5724138695,"Phoenix"
"pittsburgh","Pittsburgh, PA","PA",305704,11,3,3,13.5,86.5,18.9,31.3,64.5,6,10.6,6.4,71.2,73.3,60.8,6.9,33.5,25.9,23.1,11,29.6,2.4,24.6,76.4,13.3,33.1,79.6,40.5,3.4,-79.9762614995,40.4396297486,"Pittsburgh"
"plano","Plano, TX","TX",259841,6,4,4,14.7,85.3,17.7,27.4,58.5,6,7.3,4.6,71.3,77.7,66.7,4.1,35.7,38.1,11.8,8,30.5,2.7,19.6,79.8,7.9,24,81.9,32.3,2.1,-96.7486409797,33.0502149278,"Plano"
"plantation","Plantation, FL","FL",84955,2,2,2,16.5,83.5,18.3,27.6,59.9,6.2,8,5.4,74.4,77.5,68.7,5.3,32.3,30.4,14.6,8.5,32,2.9,19,81.9,11.1,23.7,84.2,35.7,2.5,-80.2616762465,26.1259853923,"Plantation"
"pleasanton","Pleasanton, CA","CA",70285,1,4,4,8,92,17.3,22.5,49.6,6.1,7.4,4.3,66.3,75.7,72.3,3.8,36.6,33,10.2,6.7,30.6,2,15.1,82,8.6,17.5,86,29.6,1.9,-121.880775002,37.6656092171,"Pleasanton"
"pomona","Pomona, CA","CA",149058,1,3,3,28.6,71.4,14.5,29.2,51.9,5,8.5,6.4,65,72.2,53.6,5.9,21.5,21.8,16.3,13.4,35.8,3,28.5,78.1,13.8,29.2,78.3,38.8,3.2,-117.762551658,34.0585026366,"Pomona"
"pompano beach","Pompano Beach, FL","FL",99845,1,2,2,26.8,73.2,16.5,31.7,62.9,6.2,9.4,6.8,72.9,74.9,61.8,8,30.1,27.1,21.8,10.9,33.3,3.4,26.6,78.1,15,29.4,78,40,3.5,-80.131245161,26.2428335699,"Pompano Beach"
"port st. lucie","Port St. Lucie, FL","FL",164603,1,2,2,21.1,78.9,18.8,31,61.7,6.3,9,6.4,70.9,76.7,65.3,7.2,33.1,31,21.2,9.6,34.4,3.1,23.4,78.8,13.7,27.3,79.5,37.1,3,-80.3832154574,27.2808680308,"Port St. Lucie"
"portland","Portland, ME","ME",66194,2,3,3,14,86,18,28.3,59.1,6.5,10.8,5.8,70.1,75.9,72.8,6.4,37.7,35.7,16.1,8.2,30.7,2.3,18,81.6,11.7,26.2,82.8,30.3,2.6,-70.2752544531,43.6779836271,"Portland"
"portland","Portland, OR","OR",583776,8,3,3,12.6,87.4,20.4,27.4,51.6,6.5,9.6,5.3,59.1,71.3,65,5.3,34.1,30.4,17.9,8.6,31.1,3,15.4,77.6,11.7,24.3,81.2,29.2,2.7,-122.650032751,45.537180654,"Portland"
"portsmouth","Portsmouth, VA","VA",95535,1,3,3,18.9,81.1,14.3,36.8,66.1,5.6,10.6,6.4,78,76.2,66.1,7.3,36.3,31.9,22.8,12.5,35.2,2.7,28.7,82,12.6,38.6,83,40,3.9,-76.3552763467,36.8451450228,"Portsmouth"
"providence","Providence, RI","RI",178042,5,3,3,18.5,81.5,14.9,35.9,64.2,5.6,12.2,6.5,79.8,76.8,62.2,7,30.3,28.9,20.2,12.7,35.1,2.8,32.2,82.3,14.6,31.6,81.8,42.4,3.4,-71.4218129335,41.823480533,"Providence"
"provo","Provo, UT","UT",112488,1,3,3,18.6,81.4,7.1,25.8,52.7,5.8,9.3,5.2,54.9,66.9,64,4.6,33.6,29.3,8.4,8.3,31.1,3.1,18.3,69.3,11.3,29.4,69.3,32.2,2.8,-111.645715857,40.2457185288,"Provo"
"pueblo","Pueblo, CO","CO",106595,2,4,4,24.4,75.6,14.5,29.7,54.3,5.5,9.1,5.7,62.5,67.3,53.8,5.8,32.3,31.1,20.5,9.6,34.2,2.7,23.8,70.7,12,30.6,77.9,35,3,-104.612001218,38.2733957251,"Pueblo"
"quincy","Quincy, MA","MA",92271,1,4,4,7,93,16.5,27.4,60.9,6.5,10.7,5.2,76.3,81.3,69.4,6.2,30.6,30.7,16.8,9,30.6,2.7,21.4,86.6,11.6,21.9,84.1,36.9,2.4,-71.0218764062,42.2492981918,"Quincy"
"racine","Racine, WI","WI",78860,1,3,3,17.1,82.9,21.9,34,60.9,5.8,10.7,5.9,66.5,71.5,64.6,6.3,28.4,29.6,21.1,10.9,32.5,2.7,25,78.6,12.9,36.9,80.4,36.3,3.3,-87.813453024,42.7274599494,"Racine"
"raleigh","Raleigh, NC","NC",403892,3,3,3,17.8,82.2,14.5,30.4,59.9,5.8,8.1,5.8,72.7,77.6,70.4,5.6,40.7,39.5,16.7,9.2,32.2,2.4,18.6,82.8,10.8,27.4,85.8,31.7,2.9,-78.6440243809,35.8322080933,"Raleigh"
"rapid city","Rapid City, SD","SD",67956,4,3,3,12.7,87.3,17.9,29.4,60.9,6.2,8.7,6.4,66.4,70.6,63.1,5.8,45.2,35,22.1,8.2,28.3,2.2,20.3,74.8,9.4,28.1,82.6,28.6,2.9,-103.218361421,44.0705009564,"Rapid City"
"reading","Reading, PA","PA",88082,3,2,2,33.7,66.3,12.9,35.4,64,5.5,11.5,8.5,68.5,65.7,48.4,9.4,27.2,23.3,28,16.1,35.9,3.4,37.1,70.5,18.2,41.7,71.6,41.3,4.3,-75.9266128837,40.3399678686,"Reading"
"redding","Redding, CA","CA",89861,3,4,4,13.1,86.9,17.7,27.1,52.5,6.5,9.8,6.1,62.1,72.8,61.8,7.2,31.9,26.1,18.6,8.6,32.4,2.5,20.7,75.1,13.6,27.1,79.9,33.7,2.9,-122.365026322,40.5697591271,"Redding"
"redlands","Redlands, CA","CA",68747,1,4,4,13.3,86.7,17.3,26.8,51.5,6.1,8.5,5.1,66.2,73,66.1,5.1,32.3,31.2,13.7,8.5,31.7,2.3,18.9,81.4,11.2,23.2,84.3,34,2.4,-117.170935294,34.0511315317,"Redlands"
"redwood city","Redwood City, CA","CA",76815,2,4,4,15.8,84.2,17.1,25.3,51.7,5.8,8,5,64.8,75.7,66.1,4.6,30.3,32.4,12.4,8.5,31.1,2.4,19.9,81.4,10.6,23.7,83.7,31.5,2.3,-122.224767617,37.5009145276,"Redwood City"
"reno","Reno, NV","NV",225221,3,3,3,19.6,80.4,19,28.1,52,6.1,9.3,6.1,60.2,72.3,59.9,7.3,31.9,28,19.3,8.8,33.6,3,20.3,70.6,12.3,22.8,76.9,33.7,2.9,-119.852733516,39.5540171998,"Reno"
"renton","Renton, WA","WA",90927,1,3,3,12.7,87.3,17.7,27.6,51.3,6,9.4,5,61,72.6,65.7,5.1,30.9,35.1,14.1,8.4,29.7,2.8,16.8,75.4,10.6,23.5,79.2,32.9,2.6,-122.191153327,47.4760546752,"Renton"
"richardson","Richardson, TX","TX",99223,1,4,4,16.2,83.8,17.2,29.2,58.8,6,7.5,4.8,69.7,73.7,66.4,4.5,37.6,38,12.7,8.3,32.3,2.9,20.6,80.2,8.4,24.7,80.6,30.9,2.3,-96.7093052991,32.9716582389,"Richardson"
"richmond","Richmond, VA","VA",204214,6,3,3,19.8,80.2,15,39.5,67,5.5,10.6,6.4,73.2,76.7,63.4,7.3,35.8,30.9,24.3,12.5,33.5,2.7,25.7,81.8,12.5,33.1,81.8,40,4,-77.475568168,37.5293933083,"Richmond"
"rio rancho","Rio Rancho, NM","NM",87521,1,3,3,13.2,86.8,16.2,25.3,53.6,6,9,5.2,61.1,70.4,62,5.3,35.9,29.4,16.2,8.2,30.5,2.7,18.3,71,10.8,25,81.7,31.9,2.4,-106.697981552,35.287307935,"Rio Rancho"
"riverside","Riverside, CA","CA",303871,3,2,2,21.2,78.8,15.6,31.1,50.4,5.7,9.1,6.1,65.7,72.8,60,6.2,25.6,26.7,16.9,10.8,33.8,2.7,26.7,79.2,13.3,29.4,80.3,38,3,-117.394845824,33.9381251685,"Riverside"
"roanoke","Roanoke, VA","VA",97032,1,2,2,19.5,80.5,14.9,35.1,64.2,5.7,10.1,6.5,72.2,75.2,62.8,7.7,39.7,32.3,24.2,11,34.1,2.7,27.6,77,12.8,32.7,80.7,39.1,3.5,-79.9581615989,37.2782181855,"Roanoke"
"rochester","Rochester, MN","MN",106769,2,4,4,8.4,91.6,21.1,26.6,57.8,6.1,7.9,4.9,65.9,74.6,72.1,4.2,35.6,35.3,15,7,29.3,1.9,18.5,83.2,8.4,27.1,85.8,29.5,2.3,-92.4775005494,44.0150574384,"Rochester"
"rochester","Rochester, NY","NY",210565,5,4,4,20.3,79.7,14.3,38,65,5.7,12.2,6.9,70.4,76.6,59.1,8.6,26.6,28.1,22.8,13.3,32.8,2.6,30.1,77.5,15.6,38.6,79.2,42.4,4.2,-77.6162348882,43.1679802918,"Rochester"
"rochester hills","Rochester Hills, MI","MI",70995,1,3,3,8.6,91.4,21,27,56,6.6,9.1,5.2,70.8,79.8,72,5.1,35.9,38.6,14.1,7.2,33.1,2.7,17.3,82,9.4,24.7,85.4,34.1,2.1,-83.1563037157,42.6645256768,"Rochester Hills"
"rock hill","Rock Hill, SC","SC",66154,1,1,1,20.1,79.9,14.6,40.6,65.3,6.1,9.4,6.3,66.7,76.9,63.3,7.2,32.1,32,21.7,12,34.6,2.5,24.2,73.2,13.5,33.8,80.8,40,3.5,-81.0249178286,34.9403611496,"Rock Hill"
"rockford","Rockford, IL","IL",152871,3,3,3,19.1,80.9,18,33.8,62.7,5.8,11,6.7,64.4,70.5,55,7.8,30.2,25.5,22.4,11.2,35.2,2.9,31.1,69.8,13.9,37.5,77.3,37.3,3.5,-89.0625958362,42.2633180015,"Rockford"
"roseville","Roseville, CA","CA",118788,2,4,4,10.2,89.8,19,26.1,51.3,6.3,8.5,5,65.5,76.4,67.1,5,32.3,33,13.9,7.5,32.4,2.2,17.7,80.3,10.8,22.6,84.6,31.3,2.3,-121.302847708,38.7657516182,"Roseville"
"roswell","Roswell, GA","GA",88346,1,2,2,15.3,84.7,16.9,26.8,57.9,6.2,7.5,4.7,74.1,79.5,70.6,4.4,38.3,38.6,12.2,7.9,30.9,2.6,15.7,81.5,9.3,23.3,87.1,33.4,2.1,-84.3512225277,34.0391384583,"Roswell"
"round rock","Round Rock, TX","TX",99887,3,4,4,18.3,81.7,17.5,28.1,58.5,5.8,8.1,5.2,68.9,76.7,65.1,4.9,35.3,37.2,13.9,9.1,30.6,3.1,21.3,79.7,9.1,32.2,81.7,30.5,2.4,-97.6669801882,30.5239578235,"Round Rock"
"sacramento","Sacramento, CA","CA",466488,7,3,3,17.6,82.4,14.9,31.9,55.4,5.5,9.3,5.9,63.9,72.2,60.6,6.3,26.9,26.3,17.9,11.1,31.5,2.7,24.1,79.8,13.2,27.3,79.4,34.6,3.1,-121.468299801,38.5666321567,"Sacramento"
"salem","Salem, OR","OR",154637,1,3,3,17,83,17.6,31,52.7,6.5,9.6,6,60.5,68.3,62.4,6.3,31.1,29.5,19,9.3,31,3.1,18.5,77,13.4,32.6,78.3,31.8,2.9,-123.0248671,44.923273154,"Salem"
"salinas","Salinas, CA","CA",150441,2,4,4,30.5,69.5,15.4,30.1,52.6,5.1,9,6.6,62.3,68.4,53.5,6.4,24.2,22.8,17.6,12.8,35.9,3,30.1,74.7,14.8,29.8,78.1,35.4,3.2,-121.631811961,36.6889174321,"Salinas"
"salt lake city","Salt Lake City, UT","UT",186440,6,4,4,17.7,82.3,11.6,27.2,53.4,5.9,9.3,5.2,58.5,68.2,66.9,4.5,35.2,31.6,11.2,9.1,32.8,2.8,19,73.3,11.1,28.2,77.7,32,2.8,-111.931220784,40.7778489465,"Salt Lake City"
"san angelo","San Angelo, TX","TX",93200,2,4,4,26.6,73.4,16.8,31.8,60.5,5.8,8.5,6.1,66.4,72.1,56.4,6.3,30.9,31.1,18.7,11.3,33.5,3.2,28.7,74,11.2,34.2,76.8,33.5,2.9,-100.452243142,31.440468746,"San Angelo"
"san antonio","San Antonio, TX","TX",1327407,13,3,4,30.2,69.8,15.7,31.4,60.3,5.3,8.2,6.1,69.2,71.9,59.8,5.5,29.9,29.7,15.2,13.8,32.5,3.4,29.5,78.8,10.8,32.9,77.7,36.8,3,-98.5246763525,29.4721475333,"San Antonio"
"san bernardino","San Bernardino, CA","CA",209924,3,2,2,29,71,14,32.5,55.1,5.4,10.3,7.3,64,68.4,51.8,8,24.4,21.3,20,14.2,33.7,3.1,31.5,75.3,16.3,32.2,76.9,39.9,4,-117.295272732,34.1392322844,"San Bernardino"
"san buenaventura (ventura)","San Buenaventura (Ventura), CA","CA",106433,2,2,2,13.5,86.5,18.3,28.8,52,6.1,8.5,5.3,62,75.6,66.4,5.2,28.9,29.3,13.7,8.1,32.9,2.4,19.6,80.1,11.2,23.5,84.5,29,2.4,-119.231436551,34.2743610206,"San Buenaventura (Ventura)"
"san diego","San Diego, CA","CA",1307402,11,4,3,14.8,85.2,17.3,26.7,52.6,5.7,8,5.2,66.4,74.1,64.2,4.9,29.9,28.4,13.1,9.5,30.9,2.4,21,79.9,11,22.2,81.5,34.6,2.5,-117.119792061,32.8355639418,"San Diego"
"san francisco","San Francisco, CA","CA",805235,10,3,3,11.7,88.3,16.6,25.9,50.5,5.2,7.7,4.7,62.4,75.3,62.2,4.3,27.7,28.8,12.8,8.9,31.4,2.2,20.1,78.9,9.8,18.4,79.1,33.6,2.3,-122.440987876,37.7559136611,"San Francisco"
"san jose","San Jose, CA","CA",945942,5,2,2,15.7,84.3,14.1,26.6,50.8,5.1,7.8,4.8,64.9,74.5,62,4.4,26.8,29.8,12.2,9.4,31.7,2.4,21.7,80.5,10.3,20.5,79.5,34.6,2.3,-121.847228423,37.3003963176,"San Jose"
"san leandro","San Leandro, CA","CA",84950,2,2,2,15.8,84.2,14.2,25.2,52.1,5.3,8.2,5,65.8,73.7,63.5,4.9,30.8,27.1,13.9,9.8,31.3,2.4,23.4,78.8,11.1,21.4,80,35.1,2.6,-122.159061655,37.7074299262,"San Leandro"
"san mateo","San Mateo, CA","CA",97207,1,3,3,12.2,87.8,16.9,24.5,51.3,5.7,7.6,4.6,65.6,76.7,67.3,4.1,30.5,33.4,11.3,7.9,30.7,2.2,18.3,82.1,9.6,21.1,83.5,31.4,2.1,-122.312390346,37.5518226893,"San Mateo"
"san ramon","San Ramon, CA","CA",72148,1,3,3,6.8,93.2,16.4,25.4,50.4,5.7,7,4,67.1,76.7,71.8,3.3,32.8,34,8.9,6.6,31.2,1.9,14.8,83.7,7.8,19.3,85.5,32,1.7,-121.938150371,37.7623705462,"San Ramon"
"sandy","Sandy, UT","UT",87461,2,4,4,11,89,13.5,24.4,51.4,6.1,8.7,4.6,59.8,71.5,72.8,3.8,37.4,34.9,9.8,7.1,31.5,2.5,15,76.4,9.6,24.7,82.6,30.2,2.3,-111.852431062,40.5702254423,"Sandy"
"santa ana","Santa Ana, CA","CA",324528,2,2,2,31.8,68.2,15.2,28.6,52.6,4.7,8.8,6.3,62.6,72.2,51.3,6,20.8,22.5,17.1,13.4,32.8,3,32.5,76.1,14.5,26.9,75.8,35.7,3.1,-117.881890237,33.7366948419,"Santa Ana"
"santa barbara","Santa Barbara, CA","CA",88410,2,5,5,15.6,84.4,17.2,27.1,51.2,6,8.5,5.3,62.1,73.5,65.2,5.1,30.5,31.3,13.5,8.5,31.1,2.4,19,80.1,11.3,23.7,83.7,31.2,2.4,-119.720187334,34.4285733874,"Santa Barbara"
"santa clara","Santa Clara, CA","CA",116468,1,3,3,10.4,89.6,14.4,25.9,50.3,5.4,7.3,4.4,65.9,75.4,65.5,3.9,28.8,31.8,10.3,8.1,31.3,2.2,17.8,82,8.9,18.1,81.4,32.9,2,-121.967932117,37.3646197504,"Santa Clara"
"santa clarita","Santa Clarita, CA","CA",176320,1,3,3,13.8,86.2,18.1,25.3,49.8,6.1,7.9,5.2,66.9,76.1,65.9,4.8,27.9,30,13.5,8.4,34,2.3,18.2,81.9,10.8,22.7,84.4,34.4,2.3,-118.503504698,34.4119039185,"Santa Clarita"
"santa fe","Santa Fe, NM","NM",67947,2,2,2,17.8,82.2,14.3,22.8,51.2,5.9,9.1,4.9,59,70.4,58.4,4.9,35.6,27.1,16,7.9,28.4,2.8,17,70.8,10.9,19.4,82,27.1,2.4,-105.972662995,35.6662719601,"Santa Fe"
"santa maria","Santa Maria, CA","CA",99553,1,3,3,30.9,69.1,14.5,29.4,52.5,5.4,9.6,6.8,59.5,70.3,53.5,7.1,24.6,24.3,18.3,12.6,32.3,3,30,74.8,15.3,29.3,76.9,35.9,3.3,-120.443326954,34.9333735757,"Santa Maria"
"santa monica","Santa Monica, CA","CA",89736,2,4,4,8.7,91.3,18.1,25.8,50.2,6.3,7.6,4.7,67.8,76.3,68.7,4,29.8,31.7,10.7,7.2,34.1,2.1,14.2,83.3,9.2,20.3,85.9,31.6,2.1,-118.481563937,34.0231891612,"Santa Monica"
"santa rosa","Santa Rosa, CA","CA",167815,4,3,3,15.5,84.5,16.7,26.3,50.9,6.2,8.8,5.4,61.3,74.1,64.5,5.6,30.5,31.1,15.1,8.5,30.7,2.3,20.1,80.5,12.2,23.2,83.4,31,2.5,-122.706005935,38.4464423102,"Santa Rosa"
"savannah","Savannah, GA","GA",136286,3,2,2,23.5,76.5,13.5,39.1,67.3,5.7,10.3,6.5,73.7,76.1,62.5,7.6,28.5,25.9,21,14,37,3.5,26.9,77.5,13.9,36,81.5,44.6,4.2,-81.1783435493,32.0283615157,"Savannah"
"schaumburg","Schaumburg, IL","IL",74227,2,4,4,9,91,21.6,24.1,57.9,5.7,8.2,4.6,69.3,74.6,65.5,4.4,36.7,33.5,14.4,7.3,30.5,2.1,19.1,79.1,8.8,21.1,81.5,32.1,2.2,-88.0838663543,42.0305488755,"Schaumburg"
"schenectady","Schenectady, NY","NY",66135,2,2,2,17.4,82.6,16,31.9,60.8,5.9,11.5,6.5,72.4,76.5,60.3,8.3,28.6,29.4,23.2,10.8,36.3,2.2,28.6,73.9,15,32.5,79,41.6,3.5,-73.9275333869,42.8025204414,"Schenectady"
"scottsdale","Scottsdale, AZ","AZ",217385,3,3,3,9.3,90.7,17.1,25.6,54.4,6.3,9,4.7,66.1,73.3,70.1,4.9,37.1,37.7,14,6.5,33,3,14.6,81.4,9.4,23.2,85.1,30.8,2.1,-111.865085877,33.6872493651,"Scottsdale"
"scranton","Scranton, PA","PA",76089,3,2,2,16.2,83.8,16.5,33.4,62.7,6.2,10.8,6.9,70.5,72.2,58.5,7.9,33.1,26.9,25.2,10.5,31.9,2.5,27.3,73.3,14.8,32.1,76.1,39.6,3.2,-75.6649126898,41.4043729362,"Scranton"
"seattle","Seattle, WA","WA",608660,8,4,4,9.5,90.5,19.1,27.3,50.9,6.3,9.2,4.6,61.1,72.7,68.9,4.4,32.7,37.1,11.7,7.5,29.7,2.6,13.6,77.2,9.5,22.4,82.3,29.9,2.4,-122.323532482,47.622154338,"Seattle"
"shreveport","Shreveport, LA","LA",199311,6,4,4,24.7,75.3,15.7,43.5,68.2,5.9,9.3,7.8,75.7,73.1,58.9,7.5,34.5,36,25.9,12.7,35.1,3,31.7,76.5,14.2,37.1,82.5,40.7,4.2,-93.7962236108,32.4671618864,"Shreveport"
"simi valley","Simi Valley, CA","CA",124237,1,2,2,11.4,88.6,18.5,27.8,51.5,6,8.2,5,62.6,76.6,67.7,4.9,28.7,29.8,13.2,7.7,32.4,2.3,18.8,80.9,10.6,21.6,84.7,29,2.2,-118.748980462,34.2662462857,"Simi Valley"
"sioux city","Sioux City, IA","IA",82684,2,3,3,14.1,85.9,19.7,30.3,60.6,5.9,8.7,6,70.9,69.6,62.9,6.3,38.4,33.7,22.8,9.7,35.3,2.6,27.7,77,10.8,35.5,80.3,33.2,2.9,-96.3913834837,42.4963149039,"Sioux City"
"sioux falls","Sioux Falls, SD","SD",153888,5,4,4,11.8,88.2,18.7,28.1,60.8,6.1,8.5,6,70.1,72.6,66.2,5.3,42.6,36.3,19,7.7,30,2,19.8,79.1,8.6,30.5,85.4,27.4,2.7,-96.7313495858,43.5388067537,"Sioux Falls"
"south bend","South Bend, IN","IN",101168,3,4,4,22.9,77.1,13.6,34.4,65.4,6,11.5,7,61.2,70.8,56.3,8.7,29.1,27.8,25,12.1,34.4,2.9,29.6,69.9,14.9,37.3,74.3,40.6,3.7,-86.2690372417,41.6769914549,"South Bend"
"southfield","Southfield, MI","MI",71739,3,4,4,13.1,86.9,16.5,37.8,63.3,6.2,11.5,6,76.6,79.8,69,6.3,29.3,31.7,17.6,12.1,32.7,3.6,23.6,83.8,11.8,36.7,86.1,43.5,3.5,-83.2605284738,42.4765016267,"Southfield"
"sparks","Sparks, NV","NV",90264,1,3,3,19.4,80.6,19.4,27.4,51.6,6,9.3,6,60.4,73,60.3,7.2,31.1,27.2,19.3,8.7,33.2,3,20.5,70.6,12.2,22.6,77.8,33.9,2.8,-119.713134168,39.573373276,"Sparks"
"spokane","Spokane, WA","WA",208916,4,3,3,12.9,87.1,18.5,29.8,52,6.9,10.6,6.1,63.1,68.5,67.4,6.9,32.2,33.6,19.6,9,33,2.9,19.7,76.3,12.9,32.6,79.2,32.9,3,-117.415973291,47.6736243259,"Spokane"
"spokane valley","Spokane Valley, WA","WA",89755,2,3,3,11.5,88.5,19.6,28.4,51,6.9,10.2,5.8,63.3,69.8,69.1,6.5,32.5,34.6,19,8.5,32.4,2.8,18.6,77.2,12.3,31.5,81,32.5,2.7,-117.234571922,47.662556574,"Spokane Valley"
"springdale","Springdale, AR","AR",69797,2,4,4,25.3,74.7,13.9,32.5,61.4,6.1,9.5,8,61.7,66.8,51.5,9,30.4,27.5,25.6,11.9,34.1,3.2,33.6,66.2,15.2,34.5,73.7,36.2,3.5,-94.1536274531,36.1869932598,"Springdale"
"springfield","Springfield, IL","IL",116250,2,2,2,12.7,87.3,19.1,32.9,63,6,10.3,5.9,65.5,73.7,60.3,6.5,35.9,31.1,19.9,9.3,31.8,2.5,24.7,74.4,11.9,32.2,80.3,34.8,2.9,-89.6540780049,39.7716473322,"Springfield"
"springfield","Springfield, MA","MA",153060,3,3,3,17.6,82.4,15.1,35.6,62.6,6,14.5,7.3,76.5,75.5,63.3,9.5,26.9,26.8,24.4,14,33.7,4.3,33.3,83,17.3,33.1,82.7,43.5,3.8,-72.5395254143,42.1154977999,"Springfield"
"springfield","Springfield, MO","MO",159498,3,4,4,17.6,82.4,15.1,29.7,64.4,6.4,10.2,6.8,63.5,69.7,58.7,8.6,40.3,34.6,24.4,10,32.4,2.4,26.2,68,13.9,35.9,75.6,34.6,3.2,-93.2914273656,37.1942661484,"Springfield"
"st. george","St. George, UT","UT",72897,1,4,4,16.7,83.3,10.2,26.3,53.3,6,9.3,5.5,59.2,67.2,65.3,4.8,32.1,30.5,10.2,7.8,30.4,2.9,18.3,73.9,11.2,26.1,75.4,31.9,2.8,-113.579352503,37.0787444634,"St. George"
"st. joseph","St. Joseph, MO","MO",76780,1,5,5,16.6,83.4,15.6,30.8,63.6,6.4,9.9,6.7,65.9,69.9,59.6,8.3,36.4,36.4,24.8,9.9,35.3,2.4,27.9,70.1,13.4,32.4,77.4,37.9,3.1,-94.8209246813,39.7598312179,"St. Joseph"
"st. louis","St. Louis, MO","MO",319294,7,2,2,19.3,80.7,14.9,35.2,67.8,5.9,11.2,7,71.7,70.6,58.8,8.2,36.5,30.2,24.9,13.8,31.1,3.3,27.6,71.2,14,37,78.3,39,4.3,-90.2451186799,38.6358122615,"St. Louis"
"st. paul","St. Paul, MN","MN",285068,4,3,3,12.7,87.3,18,27.7,59.8,5.9,9,5.5,68.6,73.8,64.7,5.2,30.5,34.5,19.7,9.1,31.2,2.3,22.6,80.6,10,29.6,81.9,31.2,2.9,-93.1039958305,44.9477402558,"St. Paul"
"st. petersburg","St. Petersburg, FL","FL",244769,6,2,2,19.2,80.8,19.5,32.4,61.8,6.5,9.1,6.4,71.3,75.9,65,7.2,34.3,33.3,22.3,9.7,34.6,2.9,21.5,78.7,13.4,29,79.9,38.3,3.1,-82.6650743239,27.792894971,"St. Petersburg"
"stamford","Stamford, CT","CT",122643,1,3,3,13.3,86.7,17.1,29.2,57.1,6.2,8.6,5,66.2,78.1,68.8,4.9,33.7,38.3,16,8.2,30.6,2.3,20,81.4,10.3,24.2,85.1,34.3,2.4,-73.5589363142,41.1049145013,"Stamford"
"stockton","Stockton, CA","CA",291707,3,2,2,23.4,76.6,13.6,33.9,56,5.2,9.4,6.4,63.2,70.7,56.4,6.7,25.4,23.4,18,12.1,35.5,2.8,31,76.3,14.1,29.4,76.2,38,3.4,-121.311121669,37.9766322679,"Stockton"
"suffolk","Suffolk, VA","VA",84585,1,4,4,15.6,84.4,14.4,32,65.3,5.6,9.6,5.8,76.2,77.9,67.5,6.3,40,33.6,21.4,10.7,31.2,2.5,25.7,82.2,11.2,33.6,85.1,39.3,3.2,-76.6414278469,36.6930367981,"Suffolk"
"sugar land","Sugar Land, TX","TX",78817,6,4,4,13.9,86.1,15.6,28.2,59.4,5.4,6.6,4.2,69.6,78.9,65.7,3.6,32.5,35.5,11.2,8.4,34.4,2.5,20.9,79.5,7.2,21.1,79.7,32.8,2,-95.627455775,29.5974680902,"Sugar Land"
"surprise","Surprise, AZ","AZ",117517,1,3,3,13.4,86.6,16.4,26.3,55,6.2,9.6,5.3,65.5,72.9,66.3,5.9,35.1,35.3,17.4,7.9,33.1,3.2,18.5,79.6,11.2,26.3,82.9,33.7,2.5,-112.452218439,33.6803835177,"Surprise"
"syracuse","Syracuse, NY","NY",145170,3,2,2,19.1,80.9,14.8,33.3,62.3,5.9,12.1,7,72.6,75,60.4,9.1,28.5,25.6,24.1,11.8,36,2.4,30.7,75.1,15.8,33.7,77.8,39.7,4,-76.1437679213,43.0409202097,"Syracuse"
"tacoma","Tacoma, WA","WA",198397,4,3,3,14.1,85.9,16.9,32.6,53.8,6.3,10.9,5.9,63.4,69.9,63.7,6.7,33.4,31,20.2,9.6,33.8,3,21.6,75.6,12.7,30.8,77.1,37.7,3,-122.45447391,47.2425411445,"Tacoma"
"tallahassee","Tallahassee, FL","FL",181376,2,2,2,19.3,80.7,17.4,31.7,64.5,6.3,9.4,5.9,72.2,77.8,68.6,6.7,36.1,33.1,18.9,9.9,33.4,3.1,21.7,80.2,13.2,28.7,80.9,36.6,3.2,-84.2526459938,30.4548951211,"Tallahassee"
"tampa","Tampa, FL","FL",335709,7,2,2,22.6,77.4,17.5,36.3,63.7,6,9.3,6.5,70.8,74.9,62.5,7.1,31.1,29.8,19.9,11.5,34.2,3.2,23.3,77.6,13.7,30.6,79.6,37.9,3.4,-82.4450349799,27.996198041,"Tampa"
"temecula","Temecula, CA","CA",100097,1,3,3,11.9,88.1,18,28.2,48.5,6.1,8.3,5.1,67.2,75.8,66.7,5,28.6,31.5,14.3,8.2,32.6,2.3,19.9,82,10.9,24.3,84.1,35.4,2.3,-117.12239028,33.5029980884,"Temecula"
"thornton","Thornton, CO","CO",118772,2,3,3,16.6,83.4,17.5,26,49.2,5.9,8.6,4.8,58.7,72.4,63.3,4.9,35.6,32.9,18.5,7.5,30.9,2.4,18.2,73.8,10,25.1,82.4,31.1,2.4,-104.944956758,39.9193994188,"Thornton"
"thousand oaks","Thousand Oaks, CA","CA",126683,1,3,3,10,90,18.6,27.6,51.5,6.2,8,4.7,63,76.7,69.9,4.4,30.4,31.6,11.8,6.9,32.3,2.1,16.8,81.8,9.8,20.4,85.6,27.6,2.1,-118.874888411,34.1917745655,"Thousand Oaks"
"toledo","Toledo, OH","OH",287208,6,3,4,18.3,81.7,17.4,36.2,66.1,5.8,11.5,7.8,68.6,71.8,57.6,9.7,28.8,31,25.5,13.3,31.4,3.3,32.5,73,15.7,41,75.7,40.2,3.9,-83.5823818449,41.6637399604,"Toledo"
"topeka","Topeka, KS","KS",127473,2,4,4,20,80,14.6,32.1,62.3,6.2,10,6,67.1,70.6,63.4,7.2,38.2,39.6,24.1,10.8,34,2.6,26.1,75.9,11,34.9,79.2,31.4,3.1,-95.6954155341,39.0359549911,"Topeka"
"torrance","Torrance, CA","CA",145438,2,3,3,10.6,89.4,15.7,24.9,50,5.5,6.9,4.4,68.2,75.8,65.9,3.8,27.7,31.1,11,8,34.1,2.1,17.4,82.9,9,17.7,81.7,34.8,2,-118.341641983,33.8345985464,"Torrance"
"tracy","Tracy, CA","CA",82922,1,3,3,16,84,16.5,30.2,53.2,5.5,8.5,5.5,64.2,74,63.6,5.4,27.7,26.9,15.2,9.6,34,2.5,24.5,79.7,11.8,26.1,82.6,35.1,2.7,-121.444621463,37.7243277375,"Tracy"
"trenton","Trenton, NJ","NJ",84913,2,2,2,28.7,71.3,14.1,38.2,64.5,5.1,11.3,7.9,74.3,75.3,51,8.8,24.6,18,27,15.2,36.1,3,34.8,73.6,16,39.3,77.5,45.3,4.7,-74.7639943311,40.2237289981,"Trenton"
"troy","Troy, MI","MI",80980,1,3,3,8.5,91.5,19.9,27,56.1,6.4,8.7,5.2,71,79.4,71.3,4.9,35.4,38,13.3,7.4,33.2,2.6,17.6,81.9,9,23.2,84.4,34.2,2.1,-83.1457545154,42.5817340358,"Troy"
"tucson","Tucson, AZ","AZ",520116,7,2,3,20.6,79.4,13.7,29.6,56.2,6,10.4,6.1,62.9,69.9,58,7.4,29.3,30.1,19.2,10,35,3.7,22.6,73.5,13.3,30.4,75.7,34.8,3.1,-110.877085494,32.1567244483,"Tucson"
"tulsa","Tulsa, OK","OK",391906,12,3,3,18.4,81.6,13.4,36.1,63.9,5.8,10,6.9,61.9,70.7,60.1,7.5,40.4,38.6,21.4,11.1,34.6,2.6,28.1,67.1,14.2,31.7,76,36.6,3.3,-95.9036195464,36.1284213425,"Tulsa"
"turlock","Turlock, CA","CA",68549,1,3,3,18.1,81.9,17.1,28.4,52.7,6,9.1,6.1,64.5,71.5,62.1,6.5,27.7,28.5,17.1,9.8,32.4,2.6,24.1,78.7,13.3,28.8,80.4,34.5,2.9,-120.858762412,37.5052158271,"Turlock"
"tuscaloosa","Tuscaloosa, AL","AL",90468,1,2,2,18.5,81.5,12.1,40,69,6.5,10.9,7.4,74.3,74.4,64.2,9.1,36,33.7,23.2,13.6,38.7,2.9,28.6,79.8,15.9,38.5,81,41.4,4.1,-87.5268004073,33.2336083951,"Tuscaloosa"
"tyler","Tyler, TX","TX",96900,4,4,4,24.7,75.3,15.4,33.3,64.5,5.9,9.4,6,68.9,73.2,60,6.6,32.4,31,19.6,11.5,33,3.4,29.4,74.7,11.6,34.7,76.7,35.7,3.4,-95.3050093799,32.3154021183,"Tyler"
"upland","Upland, CA","CA",73732,1,2,2,15.6,84.4,16.6,27.5,52.1,5.9,8.6,5.3,66,72.1,64.4,5.4,31.2,29.6,14.3,9.3,32,2.4,20.8,80.8,11.7,24.5,83.3,35.2,2.6,-117.660290062,34.1178445701,"Upland"
"vacaville","Vacaville, CA","CA",92428,1,3,3,12.8,87.2,19,28.2,52.9,6,8.6,5.6,64.6,75.2,66.4,5.4,28.7,30.7,15.6,8.9,31.9,2.4,19.8,79.2,11.5,26.2,83.1,33.5,2.6,-121.96903046,38.3597235063,"Vacaville"
"vallejo","Vallejo, CA","CA",115942,2,3,3,16.3,83.7,14.5,31,55.8,5.3,8.9,5.5,65.7,73.1,60.8,5.7,25.2,26.6,15.8,11.1,32.6,2.6,24.6,77.9,12.2,26.6,77.3,36.9,3,-122.235518478,38.1135329247,"Vallejo"
"vancouver","Vancouver, WA","WA",161791,2,3,3,12.8,87.2,17.3,29.5,52.7,6.6,10.7,5.9,59.9,71.8,66.9,6.5,31.3,37,18.4,9,32.3,2.9,19.5,78.5,12.4,29.5,80.4,34.4,2.8,-122.598539476,45.6357172365,"Vancouver"
"victorville","Victorville, CA","CA",115903,2,2,2,22.8,77.2,15.1,31.5,54.4,5.6,9.9,6.8,64.9,70.1,55.4,7.5,25.8,23,19.1,12.7,33.1,2.9,27.8,77,14.9,30.4,79.6,39.2,3.6,-117.353855136,34.5277691103,"Victorville"
"virginia beach","Virginia Beach, VA","VA",437994,2,4,4,12.7,87.3,17.1,29.8,60.9,5.8,8.6,5.3,73.6,79.7,72.3,5.3,36.2,37.3,18.6,8.4,34,2.3,21.4,81.1,9.8,29.5,86,36.1,2.5,-76.0589579522,36.7534593339,"Virginia Beach"
"visalia","Visalia, CA","CA",124442,2,2,2,19.4,80.6,16.3,28.9,52.5,5.9,9,6.1,64.7,69.2,58.5,6.4,27.5,26.7,15.7,10.2,32.9,2.6,25.1,76.6,13.2,29.4,81.8,32.8,2.9,-119.325273214,36.3270623157,"Visalia"
"waco","Waco, TX","TX",124805,2,2,2,29.7,70.3,15.1,36.5,64.2,5.7,9.7,6.5,67.1,70.9,56.3,7.4,29,30.2,20.8,13.1,34.7,3.6,31.6,74.3,12.8,36.4,74.5,35.9,3.7,-97.1883333282,31.5597607137,"Waco"
"warner robins","Warner Robins, GA","GA",66588,3,3,3,21.7,78.3,13.3,37.8,64.8,5.9,9.6,6.5,75.1,75.9,62.9,7.6,33.4,27.7,19.3,12.5,35,3.3,26.9,79.1,13.3,33.6,81.9,40.7,3.6,-83.6530271267,32.5985113609,"Warner Robins"
"warren","Warren, MI","MI",134056,2,2,2,16,84,19.3,34.7,60.8,6.5,11.1,7.3,69.8,75.1,66.4,9,35.6,28.9,27.2,10.1,35.9,3.1,29,77.4,14.1,34.9,77.6,38.7,3.2,-83.0270075248,42.4934233034,"Warren"
"warwick","Warwick, RI","RI",82672,1,3,3,8,92,20,30.2,57.9,6.3,10.4,5.4,80.6,80.9,72.8,5.7,36.3,38.5,18.3,7.7,31,2,22,84.7,11.5,28.9,86.4,36.5,2.4,-71.4345615049,41.7064727301,"Warwick"
"washington","Washington, DC","DC",601723,8,1,1,9.9,90.1,20.3,31.2,59.3,5.7,10.2,4.8,72,80,66.9,5.1,31.5,28.7,18,10,32.4,2.6,20.5,79.9,10.9,25.4,86,35.2,3.5,-77.0147205666,38.9099241426,"Washington"
"waterbury","Waterbury, CT","CT",110366,2,2,2,19,81,13.8,32.6,59.6,6.1,11.2,6.5,68.5,76.2,63.1,7.5,32.1,33.3,21.9,11.2,32.8,2.8,29,79.9,14.5,34.5,81.1,41.9,3.4,-73.036129832,41.5582443266,"Waterbury"
"waterloo","Waterloo, IA","IA",68406,3,3,3,12.9,87.1,21.1,30,61.8,6,9,6.2,70.2,71.6,63.7,6.3,35.7,33.2,21.6,9.8,35,2.6,25.3,80,10.9,35.3,82.8,33.5,3.1,-92.3521759342,42.4919736932,"Waterloo"
"waukegan","Waukegan, IL","IL",89078,4,4,4,25.9,74.1,16.4,31.6,62,5.2,10.3,6.9,64.6,72.1,53.4,7,24.5,23.2,20.3,13.1,32.6,3.1,32.6,74.1,13.4,35.6,77.3,37.3,3.7,-87.8712595095,42.3702955582,"Waukegan"
"waukesha","Waukesha, WI","WI",70718,1,4,4,10.1,89.9,23.5,28,57.9,6,9.3,5.1,66,74.8,66.8,4.8,33.1,33.5,16.8,8,30.5,2.3,18.9,80.5,10.2,30.7,84.6,29.7,2.4,-88.2457679157,43.0093332215,"Waukesha"
"west covina","West Covina, CA","CA",106098,2,2,2,18.8,81.2,14.8,25.9,50.2,4.9,7.2,5,67.1,74.5,59.7,4.2,24.1,26.3,12.3,10.6,34.6,2.4,22.8,81.2,10.5,22.3,80.4,37.1,2.4,-117.91128206,34.0554415174,"West Covina"
"west jordan","West Jordan, UT","UT",103712,1,3,3,14.3,85.7,13,24.7,51.6,6,9,4.9,59.2,71,70,4.2,35.7,33.3,11.1,8.1,31.6,2.7,17.4,74.9,10.6,26.5,80.9,31.9,2.5,-112.000961848,40.6022598635,"West Jordan"
"west palm beach","West Palm Beach, FL","FL",99919,3,2,2,24,76,16.1,34.4,63.5,6.1,9,6.5,72.6,76.5,64.6,7,32.9,28.4,19.5,11,35.8,3.3,24.9,78,13.5,27.2,81.4,40.6,3.3,-80.1337397544,26.7478714655,"West Palm Beach"
"westminster","Westminster, CO","CO",106114,1,4,4,13.6,86.4,18.7,25.1,50.1,5.9,8.5,4.6,59.6,74,65.1,4.6,38.2,34.5,17,6.7,30.2,2.2,16.1,74.1,9.4,22.3,83.4,28.9,2.3,-105.062645316,39.8838511475,"Westminster"
"whittier","Whittier, CA","CA",85331,2,3,3,20.2,79.8,17.1,25.5,49.2,5.4,7.6,5.4,66.2,75,61.8,4.6,26,26.9,12.9,10.3,34.5,2.5,21.5,81.2,11.3,25.7,84.3,35.2,2.4,-118.018796341,33.9678255596,"Whittier"
"wichita","Wichita, KS","KS",382368,6,4,4,20,80,13.9,32.3,61.2,6.2,9.6,6.1,67.9,70.6,64.3,6.8,33.3,32.3,20.8,11.1,34,2.7,25.8,74.5,10.8,34.3,81,32.7,3.1,-97.3429366807,37.690561478,"Wichita"
"wichita falls","Wichita Falls, TX","TX",104553,2,4,4,22.5,77.5,16.6,32.7,61.3,6.1,9.1,6.3,70.2,72.8,60.6,6.8,31.5,31.9,21,11.4,33.9,3.3,28.7,75.4,11.2,34.1,77.5,33.5,3.1,-98.5292981697,33.9072739838,"Wichita Falls"
"wilmington","Wilmington, DE","DE",70851,2,4,4,18.3,81.7,14.7,39.4,68.5,5.7,11,6.5,74.4,75.5,62,7.2,28.8,30.4,24.6,13.8,34.2,3.6,31.4,82.5,14.4,39.3,84.4,44.2,4.2,-75.5418960925,39.7412748227,"Wilmington"
"wilmington","Wilmington, NC","NC",106476,2,3,3,19.5,80.5,15.1,34.7,62.3,6,8.7,6.4,75,76.7,67.6,6.7,40.8,40.4,18.8,9.5,34.8,2.4,20.5,81.8,12.4,28.2,83.6,32.5,3.2,-77.8872842368,34.2102758569,"Wilmington"
"winston-salem","Winston-Salem, NC","NC",229617,3,3,3,23.8,76.2,12.7,34.1,66,5.8,9.1,6.7,75.4,76.1,66.6,7.2,41,41,20.5,11.6,35.1,2.7,24.8,81.1,13,34.8,81.5,36.3,3.7,-80.2609889241,36.1029453039,"Winston-Salem"
"worcester","Worcester, MA","MA",181045,3,2,2,11.2,88.8,16,30.3,59.8,6.5,12.1,6.4,77.4,78.7,66.9,7.5,29.8,28.7,21.4,10.8,33.9,3.1,24.9,84.7,14.4,31.1,85.4,40.4,2.9,-71.8079404584,42.2705425446,"Worcester"
"wyoming","Wyoming, MI","MI",72125,1,4,4,16.2,83.8,20.4,32.6,57.4,6.4,10.4,6.7,70.5,75.6,67,7.8,35.7,38.3,20.4,9.9,34.7,3.1,26.3,81.3,13,32.6,82.3,34.7,2.9,-85.7067229249,42.8909745661,"Wyoming"
"yakima","Yakima, WA","WA",91067,2,2,2,24.2,75.8,17.3,30.8,53.5,6.3,11.1,6.9,59.2,64.8,57.7,7.7,25.7,29.2,20.6,11.1,34.5,3.3,27.2,70.3,14.7,34.2,76.5,34.3,3.3,-120.547807614,46.5925792092,"Yakima"
"yonkers","Yonkers, NY","NY",195976,2,2,2,18.1,81.9,16,30.8,59.5,5.5,9.8,5.5,69.6,78.5,61.6,5.8,29.7,31.7,16,10.2,34.1,2.2,26.5,77.3,12.3,28.2,81.4,41.2,2.8,-73.8636959965,40.9465025597,"Yonkers"
"youngstown","Youngstown, OH","OH",66982,4,2,2,24.8,75.2,14.4,39.6,67.4,5.6,12.2,8.6,70.9,69.2,53.3,11.1,28,22.2,30.2,16.2,33.4,3.8,36.5,71,17.7,43.8,72.4,46,4.9,-80.6463187081,41.0993286607,"Youngstown"
"yuma","Yuma, AZ","AZ",93064,1,2,2,23.6,76.4,15.2,31.7,56.1,5.6,9.4,6.4,62.8,68.1,52.8,7,31.6,24.8,17.7,11.1,34.5,3.7,24.9,75.2,13.2,33.3,78.7,36,3.1,-114.54836837,32.5986027117,"Yuma"
