Title,International_$,International,Domestic_$,Domestic,Worldwide_$,Worldwide,Gross As Of:,% Foreign,% Domestic,F-D
"10,000 BC",174300000,174.3,948000000,94.8,2691000000,269.1,9/1/08,64.80%,35.20%,0.296
101 Dalmatians,179500000,179.5,1362000000,136.2,3157000000,315.7,11/17/97,56.90%,43.10%,0.138
102 Dalmatians,114600000,114.6,669000000,66.9,1815000000,181.5,5/3/01,63.10%,36.90%,0.262
1408,57600000,57.6,720000000,72,1296000000,129.6,2/3/08,44.40%,55.60%,-0.112
17 Again,72100000,72.1,642000000,64.2,1363000000,136.3,1/1/10,52.90%,47.10%,0.058
2 Fast 2 Furious,109000000,109,1272000000,127.2,2362000000,236.2,5/1/11,46.10%,53.90%,-0.078
2012,603000000,603,1661000000,166.1,7691000000,769.1,4/1/10,78.40%,21.60%,0.568
21,76800000,76.8,812000000,81.2,1580000000,158,10/26/08,48.60%,51.40%,-0.028
21 Jump Street,63000000,63,1384000000,138.4,2014000000,201.4,9/1/12,31.30%,68.70%,-0.374
27 Dresses,83400000,83.4,768000000,76.8,1602000000,160.2,9/1/08,52.10%,47.90%,0.042
300,245400000,245.4,2106000000,210.6,4560000000,456,7/22/07,53.80%,46.20%,0.076
The 40-Year-Old Virgin,67900000,67.9,1093000000,109.3,1772000000,177.2,7/1/06,38.30%,61.70%,-0.234
40 Days & 40 Nights,56800000,56.8,380000000,38,948000000,94.8,12/15/02,59.90%,40.10%,0.198
50 First Dates,75500000,75.5,1204000000,120.4,1959000000,195.9,1/1/06,38.50%,61.50%,-0.23
The 6th Day,67000000,67,345000000,34.5,1015000000,101.5,1/30/01,66.00%,34.00%,0.32
8 Mile,125700000,125.7,1167000000,116.7,2424000000,242.4,9/7/03,51.90%,48.10%,0.038
8MM,60000000,60,364000000,36.4,964000000,96.4,2/1/00,62.20%,37.80%,0.244
The A-Team,100400000,100.4,772000000,77.2,1776000000,177.6,10/31/10,56.50%,43.50%,0.13
A.I.,158000000,158,786000000,78.6,2366000000,236.6,7/1/02,66.80%,33.20%,0.336
About A Boy,85000000,85,420000000,42,1270000000,127,12/15/02,66.90%,33.10%,0.338
About Schmidt,38200000,38.2,649000000,64.9,1031000000,103.1,5/15/03,37.10%,62.90%,-0.258
Abraham Lincoln: Vampire Hunter,79000000,79,375000000,37.5,1165000000,116.5,11/25/12,67.80%,32.20%,0.356
Absolute Power,42700000,42.7,500000000,50,927000000,92.7,1/1/98,46.10%,53.90%,-0.078
Ace Ventura,35000000,35,722000000,72.2,1072000000,107.2,1/18/96,32.60%,67.40%,-0.348
Ace Ventura : When Nature Calls,104000000,104,1084000000,108.4,2124000000,212.4,12/12/96,49.00%,51.00%,-0.02
The Addams Family,78000000,78,1134000000,113.4,1914000000,191.4,1/18/96,40.80%,59.20%,-0.184
Addicted To Love,27500000,27.5,347000000,34.7,622000000,62.2,1/1/98,44.20%,55.80%,-0.116
The Adjustment Bureau,66000000,66,625000000,62.5,1285000000,128.5,1/1/12,51.40%,48.60%,0.028
The Adventures of Tintin,296100000,296.1,776000000,77.6,3737000000,373.7,2/26/12,79.20%,20.80%,0.584
After Earth,180000000,180,605000000,60.5,2405000000,240.5,1/1/14,74.80%,25.20%,0.496
Air Force One,142200000,142.2,1726000000,172.6,3148000000,314.8,2/9/98,45.20%,54.80%,-0.096
Aladdin,280300000,280.3,2170000000,217,4973000000,497.3,1/18/96,56.40%,43.60%,0.128
Alexander,133000000,133,343000000,34.3,1673000000,167.3,5/1/05,79.50%,20.50%,0.59
Alice in Wonderland,690200000,690.2,3342000000,334.2,10244000000,1024.4,12/1/10,67.40%,32.60%,0.348
Alien,104000000,104,602000000,60.2,1642000000,164.2,1/1/98,63.30%,36.70%,0.266
Alien : Resurrection,113000000,113,475000000,47.5,1605000000,160.5,1/1/99,70.40%,29.60%,0.408
Alien vs. Predator,91000000,91,803000000,80.3,1713000000,171.3,1/1/08,53.10%,46.90%,0.062
Alien3,103000000,103,549000000,54.9,1579000000,157.9,11/30/97,65.20%,34.80%,0.304
Aliens vs. Predator - Requiem,87100000,87.1,418000000,41.8,1289000000,128.9,5/1/08,67.60%,32.40%,0.352
Along Came a Spider,20000000,20,742000000,74.2,942000000,94.2,8/16/01,21.20%,78.80%,-0.576
Along Came Polly,83100000,83.1,881000000,88.1,1712000000,171.2,11/14/04,48.50%,51.50%,-0.03
Alvin and the Chipmunks,143800000,143.8,2173000000,217.3,3611000000,361.1,1/1/11,39.80%,60.20%,-0.204
Alvin and the Chipmunks: Chipwrecked,209000000,209,1331000000,133.1,3421000000,342.1,9/1/12,61.10%,38.90%,0.222
Alvin and the Chipmunks: The Squeakquel,226000000,226,2196000000,219.6,4456000000,445.6,1/1/11,50.70%,49.30%,0.014
"Amazing Spider-Man, The",492000000,492,2620000000,262,7540000000,754,11/18/12,65.30%,34.70%,0.306
Amelie,119500000,119.5,332000000,33.2,1527000000,152.7,6/20/02,78.30%,21.70%,0.566
American Beauty,206000000,206,1301000000,130.1,3361000000,336.1,6/12/00,61.30%,38.70%,0.226
American Gangster,135000000,135,1302000000,130.2,2652000000,265.2,3/23/08,50.90%,49.10%,0.018
American Pie,100000000,100,1017000000,101.7,2017000000,201.7,1/31/00,49.60%,50.40%,-0.008
American Pie 2,131400000,131.4,1451000000,145.1,2765000000,276.5,1/15/02,47.50%,52.50%,-0.05
American Pie: The Wedding,126400000,126.4,1044000000,104.4,2308000000,230.8,2/29/04,54.80%,45.20%,0.096
American President,47800000,47.8,600000000,60,1078000000,107.8,4/22/96,44.30%,55.70%,-0.114
American Reunion,178000000,178,570000000,57,2350000000,235,8/12/12,75.70%,24.30%,0.514
America's Sweethearts,44700000,44.7,936000000,93.6,1383000000,138.3,11/6/01,32.30%,67.70%,-0.354
Amistad,29800000,29.8,442000000,44.2,740000000,74,7/1/02,40.30%,59.70%,-0.194
Anaconda,70800000,70.8,656000000,65.6,1364000000,136.4,1/1/98,51.90%,48.10%,0.038
Analyze This,70000000,70,1068000000,106.8,1768000000,176.8,1/1/00,39.60%,60.40%,-0.208
Anastasia,81000000,81,584000000,58.4,1394000000,139.4,1/1/99,58.10%,41.90%,0.162
Angels & Demons,352600000,352.6,1334000000,133.4,4860000000,486,1/1/10,72.60%,27.40%,0.452
Anger Management,38500000,38.5,1338000000,133.8,1723000000,172.3,6/19/03,22.30%,77.70%,-0.554
Anna and the King,69800000,69.8,393000000,39.3,1091000000,109.1,3/20/00,64.00%,36.00%,0.28
Antz,90800000,90.8,906000000,90.6,1814000000,181.4,7/1/02,50.10%,49.90%,0.002
Any Given Sunday,23000000,23,755000000,75.5,985000000,98.5,6/13/00,23.40%,76.60%,-0.532
Apollo 13,164900000,164.9,1721000000,172.1,3370000000,337,3/1/96,48.90%,51.10%,-0.022
Argo,95800000,95.8,1360000000,136,2318000000,231.8,4/7/13,41.30%,58.70%,-0.174
Armageddon,347600000,347.6,2016000000,201.6,5492000000,549.2,4/12/99,63.30%,36.70%,0.266
Arthur Christmas,101000000,101,465000000,46.5,1475000000,147.5,3/1/12,68.50%,31.50%,0.37
As Good As It Gets,165600000,165.6,1476000000,147.6,3132000000,313.2,1/1/99,52.90%,47.10%,0.058
Assassins,53200000,53.2,303000000,30.3,835000000,83.5,2/12/96,63.70%,36.30%,0.274
Atlantis: The Lost Empire,56400000,56.4,840000000,84,1404000000,140.4,12/13/01,40.20%,59.80%,-0.196
Atonement,77200000,77.2,509000000,50.9,1281000000,128.1,6/29/08,60.30%,39.70%,0.206
Atonement,76400000,76.4,509000000,50.9,1273000000,127.3,5/4/08,60.00%,40.00%,0.2
Austin Powers,13800000,13.8,539000000,53.9,677000000,67.7,1/1/98,20.40%,79.60%,-0.592
Austin Powers 2,104300000,104.3,2055000000,205.5,3098000000,309.8,2/8/00,33.70%,66.30%,-0.326
Austin Powers in Goldmember,76000000,76,2131000000,213.1,2891000000,289.1,11/7/02,26.30%,73.70%,-0.474
Australia,161800000,161.8,496000000,49.6,2114000000,211.4,1/1/10,76.50%,23.50%,0.53
Avatar,2021700000,2021.7,7605000000,760.5,27822000000,2782.2,10/24/10,72.70%,27.30%,0.454
The Avengers,895000000,895,6234000000,623.4,15184000000,1518.4,5/1/13,58.90%,41.10%,0.178
The Aviator,111000000,111,1026000000,102.6,2136000000,213.6,4/28/05,52.00%,48.00%,0.04
Babe,182400000,182.4,637000000,63.7,2461000000,246.1,12/12/96,74.10%,25.90%,0.482
Babe : Pig in the City,45000000,45,183000000,18.3,633000000,63.3,6/2/99,71.10%,28.90%,0.422
Babel,101000000,101,343000000,34.3,1353000000,135.3,1/1/08,74.60%,25.40%,0.492
Back To The Future,140000000,140,2082000000,208.2,3482000000,348.2,1/1/99,40.20%,59.80%,-0.196
Back To The Future II,213500000,213.5,1164000000,116.4,3299000000,329.9,1/18/96,64.70%,35.30%,0.294
Back To The Future III,156000000,156,865000000,86.5,2425000000,242.5,7/6/98,64.30%,35.70%,0.286
Bad Boys,75000000,75,656000000,65.6,1406000000,140.6,1/18/96,53.30%,46.70%,0.066
Bad Boys II,123600000,123.6,1384000000,138.4,2620000000,262,11/30/03,47.20%,52.80%,-0.056
Bad Teacher,116000000,116,1003000000,100.3,2163000000,216.3,3/1/12,53.60%,46.40%,0.072
Basic Instinct,235000000,235,1177000000,117.7,3527000000,352.7,1/18/96,66.60%,33.40%,0.332
Batman,160000000,160,2512000000,251.2,4112000000,411.2,1/18/96,38.90%,61.10%,-0.222
Batman & Robin,126400000,126.4,1073000000,107.3,2337000000,233.7,1/1/98,54.10%,45.90%,0.082
Batman Begins,166500000,166.5,2053000000,205.3,3718000000,371.8,9/8/05,44.80%,55.20%,-0.104
Batman Forever,149600000,149.6,1840000000,184,3336000000,333.6,7/1/96,44.80%,55.20%,-0.104
Batman Returns,120000000,120,1625000000,162.5,2825000000,282.5,1/18/96,42.50%,57.50%,-0.15
Battle: Los Angeles,128000000,128,836000000,83.6,2116000000,211.6,11/1/11,60.50%,39.50%,0.21
Battleship,237900000,237.9,654000000,65.4,3033000000,303.3,7/1/12,78.40%,21.60%,0.568
Be Cool,34500000,34.5,558000000,55.8,903000000,90.3,5/5/05,38.20%,61.80%,-0.236
The Beach,101000000,101,398000000,39.8,1408000000,140.8,5/29/00,71.70%,28.30%,0.434
Bean,186700000,186.7,453000000,45.3,2320000000,232,4/14/98,80.50%,19.50%,0.61
A Beautiful Mind,141400000,141.4,1707000000,170.7,3121000000,312.1,7/18/02,45.30%,54.70%,-0.094
Beauty And The Beast (97),203700000,203.7,1447000000,144.7,3484000000,348.4,1/18/96,58.50%,41.50%,0.17
Beavis and Butthead Do America,17100000,17.1,630000000,63,801000000,80.1,3/1/98,21.30%,78.70%,-0.574
Bedazzled,47300000,47.3,379000000,37.9,852000000,85.2,2/27/01,55.50%,44.50%,0.11
Bedtime Stories,109800000,109.8,1101000000,110.1,2199000000,219.9,4/26/09,49.90%,50.10%,-0.002
Bee Movie,160500000,160.5,1266000000,126.6,2871000000,287.1,6/30/08,55.90%,44.10%,0.118
Bend It Like Beckham,43600000,43.6,325000000,32.5,761000000,76.1,7/3/03,57.30%,42.70%,0.146
Beowulf,114000000,114,822000000,82.2,1962000000,196.2,2/17/08,58.10%,41.90%,0.162
"Best Exotic Marigold Hotel, The",90000000,90,464000000,46.4,1364000000,136.4,1/1/14,66.00%,34.00%,0.32
Beverly Hills Chihuahua,53000000,53,945000000,94.5,1475000000,147.5,6/1/09,35.90%,64.10%,-0.282
Beverly Hills Cop,81600000,81.6,2348000000,234.8,3164000000,316.4,3/1/98,25.80%,74.20%,-0.484
Beverly Hills Cop II,146300000,146.3,1537000000,153.7,3000000000,300,3/1/98,48.80%,51.20%,-0.024
Bewitched,66600000,66.6,623000000,62.3,1289000000,128.9,10/23/05,51.70%,48.30%,0.034
Bicentennial Man,56000000,56,582000000,58.2,1142000000,114.2,5/22/00,49.00%,51.00%,-0.02
Big Daddy,70100000,70.1,1635000000,163.5,2336000000,233.6,6/20/00,30.00%,70.00%,-0.4
Big Fish,56100000,56.1,668000000,66.8,1229000000,122.9,8/1/04,45.60%,54.40%,-0.088
The Big Lebowski,22000000,22,175000000,17.5,395000000,39.5,9/28/98,55.70%,44.30%,0.114
Big Momma's House,53700000,53.7,1176000000,117.6,1713000000,171.3,12/10/00,31.30%,68.70%,-0.374
Big Momma's House 2,66900000,66.9,702000000,70.2,1371000000,137.1,6/1/06,48.80%,51.20%,-0.024
Billy Elliot,82000000,82,220000000,22,1040000000,104,5/31/01,78.80%,21.20%,0.576
"Birdcage, The",61200000,61.2,1240000000,124,1852000000,185.2,1/1/97,33.00%,67.00%,-0.34
Black Hawk Down,50500000,50.5,1086000000,108.6,1591000000,159.1,4/11/02,31.70%,68.30%,-0.366
Black Swan,222400000,222.4,1070000000,107,3294000000,329.4,7/24/11,67.50%,32.50%,0.35
Blade,57800000,57.8,700000000,70,1278000000,127.8,5/25/99,45.20%,54.80%,-0.096
Blade 2,68500000,68.5,816000000,81.6,1501000000,150.1,8/19/02,45.60%,54.40%,-0.088
Blade: Trinity,74500000,74.5,524000000,52.4,1269000000,126.9,5/16/05,58.70%,41.30%,0.174
The Blair Witch Project,100000000,100,1405000000,140.5,2405000000,240.5,2/28/00,41.60%,58.40%,-0.168
The Blind Side,53000000,53,2560000000,256,3090000000,309,6/1/10,17.20%,82.80%,-0.656
Blood Diamond,114000000,114,574000000,57.4,1714000000,171.4,5/20/07,66.50%,33.50%,0.33
Blue Streak,43300000,43.3,682000000,68.2,1115000000,111.5,1/31/00,38.80%,61.20%,-0.224
Blues Brothers 2000,12000000,12,140000000,14,260000000,26,6/22/98,46.20%,53.80%,-0.076
Body of Lies,75900000,75.9,394000000,39.4,1153000000,115.3,2/22/09,65.80%,34.20%,0.316
The Bodyguard,285700000,285.7,1219000000,121.9,4076000000,407.6,1/18/96,70.10%,29.90%,0.402
Bolt,194000000,194,1141000000,114.1,3081000000,308.1,1/1/10,63.00%,37.00%,0.26
The Bone Collector,85000000,85,665000000,66.5,1515000000,151.5,11/1/00,56.10%,43.90%,0.122
Boogie Nights,14400000,14.4,264000000,26.4,408000000,40.8,6/22/98,35.30%,64.70%,-0.294
The Book of Eli,62000000,62,948000000,94.8,1568000000,156.8,6/1/10,39.50%,60.50%,-0.21
Borat,131400000,131.4,1285000000,128.5,2599000000,259.9,3/29/07,50.60%,49.40%,0.012
The Borrowers,24200000,24.2,224000000,22.4,466000000,46.6,10/19/98,51.90%,48.10%,0.038
The Bounty Hunter,69000000,69,671000000,67.1,1361000000,136.1,7/1/10,50.70%,49.30%,0.014
The Bourne Identity,92300000,92.3,1215000000,121.5,2138000000,213.8,5/8/03,43.20%,56.80%,-0.136
The Bourne Legacy,160000000,160,1132000000,113.2,2732000000,273.2,1/1/14,58.60%,41.40%,0.172
The Bourne Supremacy,112300000,112.3,1759000000,175.9,2882000000,288.2,4/24/05,39.00%,61.00%,-0.22
The Bourne Ultimatum,215000000,215,2275000000,227.5,4425000000,442.5,1/1/08,48.60%,51.40%,-0.028
Bowfinger,25300000,25.3,664000000,66.4,917000000,91.7,1/10/00,27.60%,72.40%,-0.448
Brave,300000000,300,2373000000,237.3,5373000000,537.3,1/1/14,55.80%,44.20%,0.116
Braveheart,134000000,134,750000000,75,2090000000,209,3/29/99,64.10%,35.90%,0.282
The Break-Up,84100000,84.1,1187000000,118.7,2028000000,202.8,10/22/06,41.50%,58.50%,-0.17
Breakdown,19600000,19.6,501000000,50.1,697000000,69.7,1/1/98,28.10%,71.90%,-0.438
Bride Wars,56300000,56.3,587000000,58.7,1150000000,115,7/7/09,49.00%,51.00%,-0.02
Bridesmaids,119000000,119,1691000000,169.1,2881000000,288.1,1/1/12,41.30%,58.70%,-0.174
Bridge to Terabithia,54500000,54.5,823000000,82.3,1368000000,136.8,5/4/08,39.80%,60.20%,-0.204
The Bridges of Madison County,110500000,110.5,715000000,71.5,1820000000,182,4/8/96,60.70%,39.30%,0.214
Bridget Jones: The Edge of Reason,214600000,214.6,402000000,40.2,2548000000,254.8,4/3/05,84.20%,15.80%,0.684
Bridget Jones's Diary,182900000,182.9,715000000,71.5,2544000000,254.4,10/30/01,71.90%,28.10%,0.438
Bringing Down the House,20600000,20.6,1326000000,132.6,1532000000,153.2,7/24/03,13.40%,86.60%,-0.732
Brokeback Mountain,91500000,91.5,830000000,83,1745000000,174.5,4/16/06,52.40%,47.60%,0.048
Broken Arrow,77500000,77.5,706000000,70.6,1481000000,148.1,1/1/97,52.30%,47.70%,0.046
Brother Bear,165000000,165,853000000,85.3,2503000000,250.3,6/1/04,65.90%,34.10%,0.318
Bruce Almighty,235200000,235.2,2427000000,242.7,4779000000,477.9,1/1/04,49.20%,50.80%,-0.016
BrÙno,79200000,79.2,601000000,60.1,1393000000,139.3,1/1/10,56.90%,43.10%,0.138
The Bucket List,80800000,80.8,935000000,93.5,1743000000,174.3,9/1/08,46.40%,53.60%,-0.072
A Bug's Life,199000000,199,1628000000,162.8,3618000000,361.8,8/1/99,55.00%,45.00%,0.1
Burn After Reading,97100000,97.1,604000000,60.4,1575000000,157.5,4/5/09,61.70%,38.30%,0.234
The Cable Guy,41800000,41.8,602000000,60.2,1020000000,102,1/1/97,41.00%,59.00%,-0.18
Captain America: The First Avenger,194000000,194,1767000000,176.7,3707000000,370.7,1/1/14,52.30%,47.70%,0.046
Captain Phillips,110000000,110,1071000000,107.1,2171000000,217.1,1/1/14,50.70%,49.30%,0.014
Cars,217900000,217.9,2441000000,244.1,4620000000,462,1/1/11,47.20%,52.80%,-0.056
Cars 2,368400000,368.4,1915000000,191.5,5599000000,559.9,1/1/12,65.80%,34.20%,0.316
Casino,68000000,68,424000000,42.4,1104000000,110.4,9/30/96,61.60%,38.40%,0.232
Casino Royale,432200000,432.2,1674000000,167.4,5996000000,599.6,1/1/12,72.10%,27.90%,0.442
Casper,184000000,184,1003000000,100.3,2843000000,284.3,1/29/96,64.70%,35.30%,0.294
Cast Away,192800000,192.8,2336000000,233.6,4264000000,426.4,3/1/01,45.20%,54.80%,-0.096
"Cat in the Hat, The",32700000,32.7,1005000000,100.5,1332000000,133.2,8/1/04,24.50%,75.50%,-0.51
Catch Me If You Can,185800000,185.8,1646000000,164.6,3504000000,350.4,1/1/04,53.00%,47.00%,0.06
Cats & Dogs,96000000,96,934000000,93.4,1894000000,189.4,11/6/01,50.70%,49.30%,0.014
The Cell,39500000,39.5,613000000,61.3,1008000000,100.8,3/27/01,39.20%,60.80%,-0.216
Chain Reaction,39000000,39,206000000,20.6,596000000,59.6,1/20/97,65.40%,34.60%,0.308
Changeling,77000000,77,357000000,35.7,1127000000,112.7,6/1/09,68.30%,31.70%,0.366
Charlie and the Chocolate Factory,266000000,266,2065000000,206.5,4725000000,472.5,1/1/06,56.30%,43.70%,0.126
Charlie Wilson's War,46900000,46.9,667000000,66.7,1136000000,113.6,5/4/08,41.30%,58.70%,-0.174
Charlie's Angels,138800000,138.8,1253000000,125.3,2641000000,264.1,1/1/03,52.60%,47.40%,0.052
Charlie's Angels: Full Throttle,158300000,158.3,1008000000,100.8,2591000000,259.1,1/1/04,61.10%,38.90%,0.222
Charlotte's Web,60000000,60,826000000,82.6,1426000000,142.6,4/25/07,42.10%,57.90%,-0.158
Cheaper by the Dozen,51600000,51.6,1386000000,138.6,1902000000,190.2,7/1/04,27.10%,72.90%,-0.458
Cheaper by the Dozen 2,52400000,52.4,826000000,82.6,1350000000,135,4/27/06,38.80%,61.20%,-0.224
Chicago,136000000,136,1707000000,170.7,3067000000,306.7,1/1/04,44.30%,55.70%,-0.114
Chicken Little,178500000,178.5,1354000000,135.4,3139000000,313.9,4/13/06,56.90%,43.10%,0.138
Chicken Run,118200000,118.2,1068000000,106.8,2250000000,225,6/19/01,52.50%,47.50%,0.05
Chocolat,75200000,75.2,713000000,71.3,1465000000,146.5,5/25/00,51.30%,48.70%,0.026
A Christmas Carol,187000000,187,1379000000,137.9,3249000000,324.9,3/1/10,57.60%,42.40%,0.152
Chronicle,62200000,62.2,646000000,64.6,1268000000,126.8,5/27/12,49.10%,50.90%,-0.018
The Chronicles of Narnia,453000000,453,2917000000,291.7,7447000000,744.7,1/1/08,60.80%,39.20%,0.216
The Chronicles of Narnia: Prince Caspian,278300000,278.3,1416000000,141.6,4199000000,419.9,1/1/09,66.30%,33.70%,0.326
Chronicles of Narnia: Voyage of the Dawn Treader,311900000,311.9,1044000000,104.4,4163000000,416.3,4/24/11,74.90%,25.10%,0.498
The Chronicles of Riddick,51000000,51,577000000,57.7,1087000000,108.7,9/19/04,46.90%,53.10%,-0.062
The Cider House Rules,29200000,29.2,575000000,57.5,867000000,86.7,7/10/00,33.70%,66.30%,-0.326
Cinderella Man,46600000,46.6,616000000,61.6,1082000000,108.2,12/8/05,43.10%,56.90%,-0.138
City of Angels,105100000,105.1,787000000,78.7,1838000000,183.8,1/1/99,57.20%,42.80%,0.144
City Slickers,120800000,120.8,550000000,55,1758000000,175.8,1/18/96,68.70%,31.30%,0.374
A Civil Action,17000000,17,567000000,56.7,737000000,73.7,2/1/00,23.10%,76.90%,-0.538
Clash of the Titans,330000000,330,1632000000,163.2,4932000000,493.2,8/1/10,66.90%,33.10%,0.338
Clear And Present Danger,85600000,85.6,1220000000,122,2076000000,207.6,1/18/96,41.20%,58.80%,-0.176
Click,100000000,100,1374000000,137.4,2374000000,237.4,4/1/07,42.10%,57.90%,-0.158
Cliffhanger,171000000,171,840000000,84,2550000000,255,7/6/98,67.10%,32.90%,0.342
Closer,78000000,78,340000000,34,1120000000,112,7/1/05,69.60%,30.40%,0.392
Cloudy With a Chance of Meatballs,121000000,121,1249000000,124.9,2459000000,245.9,1/1/13,49.20%,50.80%,-0.016
Cloudy with a Chance of Meatballs 2,150100000,150.1,1198000000,119.8,2699000000,269.9,2/23/14,55.60%,44.40%,0.112
Cloverfield,90600000,90.6,800000000,80,1706000000,170.6,7/31/08,53.10%,46.90%,0.062
Clueless,20700000,20.7,548000000,54.8,755000000,75.5,1/15/96,27.40%,72.60%,-0.452
Cold Mountain,77400000,77.4,956000000,95.6,1730000000,173,7/1/04,44.70%,55.30%,-0.106
Collateral,116600000,116.6,1007000000,100.7,2173000000,217.3,1/1/05,53.70%,46.30%,0.074
Collateral Damage,28900000,28.9,400000000,40,689000000,68.9,5/2/02,41.90%,58.10%,-0.162
Coming to America,160600000,160.6,1282000000,128.2,2888000000,288.8,1/1/98,55.60%,44.40%,0.112
Con Air,122100000,122.1,1011000000,101.1,2232000000,223.2,1/1/98,54.70%,45.30%,0.094
Confessions of a Shopaholic,60500000,60.5,443000000,44.3,1048000000,104.8,5/31/09,57.70%,42.30%,0.154
Congo,70100000,70.1,810000000,81,1511000000,151.1,1/1/96,46.40%,53.60%,-0.072
The Conjuring,181000000,181,1374000000,137.4,3184000000,318.4,1/1/14,56.80%,43.20%,0.136
Conspiracy Theory,64500000,64.5,761000000,76.1,1406000000,140.6,1/1/98,45.90%,54.10%,-0.082
Constantine,154000000,154,755000000,75.5,2295000000,229.5,6/12/05,67.10%,32.90%,0.342
Contact,70200000,70.2,1009000000,100.9,1711000000,171.1,1/1/98,41.00%,59.00%,-0.18
Contagion,59800000,59.8,757000000,75.7,1355000000,135.5,11/20/11,44.10%,55.90%,-0.118
Cop Land,18800000,18.8,449000000,44.9,637000000,63.7,2/3/98,29.50%,70.50%,-0.41
Coraline,47700000,47.7,753000000,75.3,1230000000,123,1/1/10,38.80%,61.20%,-0.224
Corpse Bride,63300000,63.3,533000000,53.3,1166000000,116.6,12/11/05,54.30%,45.70%,0.086
Couples Retreat,61400000,61.4,1092000000,109.2,1706000000,170.6,3/7/10,36.00%,64.00%,-0.28
Courage Under Fire,36200000,36.2,590000000,59,952000000,95.2,2/10/97,38.00%,62.00%,-0.24
Cowboys & Aliens,75000000,75,1002000000,100.2,1752000000,175.2,1/1/12,42.80%,57.20%,-0.144
Coyote Ugly,43400000,43.4,608000000,60.8,1042000000,104.2,12/21/00,41.70%,58.30%,-0.166
The Craft,30900000,30.9,248000000,24.8,557000000,55.7,1/1/97,55.50%,44.50%,0.11
Crash,39000000,39,546000000,54.6,936000000,93.6,4/6/06,41.70%,58.30%,-0.166
"Crazy, Stupid, Love",60700000,60.7,844000000,84.4,1451000000,145.1,10/23/11,41.80%,58.20%,-0.164
Crimson Tide,66000000,66,914000000,91.4,1574000000,157.4,3/1/96,41.90%,58.10%,-0.162
The Croods,400000000,400,1872000000,187.2,5872000000,587.2,1/1/14,68.10%,31.90%,0.362
"Crouching Tiger, Hidden Dragon",81000000,81,1281000000,128.1,2091000000,209.1,8/2/01,38.70%,61.30%,-0.226
Cruel Intentions,57000000,57,381000000,38.1,951000000,95.1,2/1/00,59.90%,40.10%,0.198
The Curious Case of Benjamin Button,205000000,205,1275000000,127.5,3325000000,332.5,6/1/09,61.70%,38.30%,0.234
The Da Vinci Code,539700000,539.7,2175000000,217.5,7572000000,757.2,1/1/09,71.30%,28.70%,0.426
Daddy Day Care,55400000,55.4,1041000000,104.1,1595000000,159.5,11/9/03,34.70%,65.30%,-0.306
Dances With Wolves,210000000,210,1840000000,184,3940000000,394,1/18/96,53.30%,46.70%,0.066
Dangerous Minds,94600000,94.6,848000000,84.8,1794000000,179.4,1/1/97,52.70%,47.30%,0.054
Dante's Peak,110200000,110.2,671000000,67.1,1773000000,177.3,1/1/98,62.20%,37.80%,0.244
Daredevil,76000000,76,1025000000,102.5,1785000000,178.5,7/17/03,42.60%,57.40%,-0.148
The Dark Knight Rises,636000000,636,4481000000,448.1,10841000000,1084.1,1/1/14,58.70%,41.30%,0.174
The Dark Knight,469700000,469.7,5333000000,533.3,10030000000,1003,1/1/12,46.80%,53.20%,-0.064
Dark Shadows,156800000,156.8,797000000,79.7,2365000000,236.5,7/8/12,66.30%,33.70%,0.326
Date Night,54000000,54,987000000,98.7,1527000000,152.7,10/10/10,35.40%,64.60%,-0.292
The Day After Tomorrow,442000000,442,1867000000,186.7,6287000000,628.7,1/1/05,70.30%,29.70%,0.406
The Day the Earth Stood Still,151500000,151.5,794000000,79.4,2309000000,230.9,2/22/09,65.60%,34.40%,0.312
Daylight,119600000,119.6,329000000,32.9,1525000000,152.5,3/17/97,78.40%,21.60%,0.568
Dead Man Walking,40700000,40.7,394000000,39.4,801000000,80.1,1/1/97,50.80%,49.20%,0.016
Dead Poets Society,145000000,145,945000000,94.5,2395000000,239.5,1/18/96,60.50%,39.50%,0.21
Deep Blue Sea,91000000,91,736000000,73.6,1646000000,164.6,1/31/00,55.30%,44.70%,0.106
Deep Impact,208300000,208.3,1405000000,140.5,3488000000,348.8,1/1/99,59.70%,40.30%,0.194
Deja Vu,116000000,116,640000000,64,1800000000,180,11/1/07,64.40%,35.60%,0.288
The Departed,155500000,155.5,1324000000,132.4,2879000000,287.9,3/20/07,54.00%,46.00%,0.08
The Descendants,94000000,94,826000000,82.6,1766000000,176.6,6/3/12,53.20%,46.80%,0.064
Despicable Me,292000000,292,2515000000,251.5,5435000000,543.5,1/23/11,53.70%,46.30%,0.074
Despicable Me 2,602000000,602,3681000000,368.1,9701000000,970.1,2/2/14,62.10%,37.90%,0.242
Deuce Bigalow,26600000,26.6,655000000,65.5,921000000,92.1,6/5/00,28.90%,71.10%,-0.422
The Devil Inside,48200000,48.2,533000000,53.3,1015000000,101.5,5/6/12,47.50%,52.50%,-0.05
The Devil Wears Prada,200000000,200,1247000000,124.7,3247000000,324.7,3/18/07,61.60%,38.40%,0.232
Devil's Advocate,92000000,92,610000000,61,1530000000,153,4/28/98,60.10%,39.90%,0.202
The Devil's Own,97900000,97.9,429000000,42.9,1408000000,140.8,1/1/98,69.50%,30.50%,0.39
Dick Tracy,59000000,59,1037000000,103.7,1627000000,162.7,1/18/96,36.30%,63.70%,-0.274
The Dictator,117800000,117.8,597000000,59.7,1775000000,177.5,9/16/12,66.40%,33.60%,0.328
Die Another Day,271000000,271,1609000000,160.9,4319000000,431.9,1/1/06,62.70%,37.30%,0.254
Die Hard 2,122500000,122.5,1153000000,115.3,2378000000,237.8,1/1/13,51.50%,48.50%,0.03
Live Free or Die Hard,249700000,249.7,1345000000,134.5,3842000000,384.2,1/1/13,65.00%,35.00%,0.3
Die Hard With A Vengeance,264500000,264.5,1000000000,100,3645000000,364.5,1/1/13,72.60%,27.40%,0.452
Dinosaur,210100000,210.1,1377000000,137.7,3478000000,347.8,1/23/01,60.40%,39.60%,0.208
Disclosure,129200000,129.2,830000000,83,2122000000,212.2,1/18/96,60.90%,39.10%,0.218
District 9,89000000,89,1156000000,115.6,2046000000,204.6,1/1/10,43.50%,56.50%,-0.13
Django Unchained,262000000,262,1628000000,162.8,4248000000,424.8,1/1/14,61.70%,38.30%,0.234
Doctor Dolittle,146000000,146,1441000000,144.1,2901000000,290.1,2/2/99,50.30%,49.70%,0.006
Dodgeball,49000000,49,1143000000,114.3,1633000000,163.3,11/7/04,30.00%,70.00%,-0.4
Don Juan DeMarco,45500000,45.5,220000000,22,675000000,67.5,3/11/96,67.40%,32.60%,0.348
Donnie Brasco,83000000,83,420000000,42,1250000000,125,12/8/97,66.40%,33.60%,0.328
Don't Say A Word,39000000,39,550000000,55,940000000,94,4/16/02,41.50%,58.50%,-0.17
Double Jeopardy,61100000,61.1,1167000000,116.7,1778000000,177.8,5/23/00,34.40%,65.60%,-0.312
Double Team,36700000,36.7,113000000,11.3,480000000,48,1/1/98,76.50%,23.50%,0.53
Dr. Dolittle 2,62100000,62.1,1129000000,112.9,1750000000,175,11/15/01,35.50%,64.50%,-0.29
Dragonheart,62900000,62.9,513000000,51.3,1142000000,114.2,3/31/97,55.10%,44.90%,0.102
Dreamcatcher,33500000,33.5,335000000,33.5,670000000,67,5/15/03,50.00%,50.00%,0
Dreamgirls,51200000,51.2,1034000000,103.4,1546000000,154.6,8/1/07,33.10%,66.90%,-0.338
Driving Miss Daisy,39200000,39.2,1064000000,106.4,1456000000,145.6,1/18/96,26.90%,73.10%,-0.462
Due Date,111000000,111,1005000000,100.5,2115000000,211.5,1/30/11,52.50%,47.50%,0.05
Dumb and Dumber,119200000,119.2,1272000000,127.2,2464000000,246.4,1/18/96,48.40%,51.60%,-0.032
E.T.,305000000,305,3998000000,399.8,7048000000,704.8,2/9/98,43.30%,56.70%,-0.134
Eagle Eye,76600000,76.6,1014000000,101.4,1780000000,178,2/22/09,43.00%,57.00%,-0.14
Eat Pray Love,124000000,124,806000000,80.6,2046000000,204.6,2/1/11,60.60%,39.40%,0.212
Eight Below,36900000,36.9,816000000,81.6,1185000000,118.5,6/1/06,31.10%,68.90%,-0.378
Elf,46400000,46.4,1734000000,173.4,2198000000,219.8,2/26/04,21.10%,78.90%,-0.578
Elizabeth,32000000,32,300000000,30,620000000,62,5/24/99,51.60%,48.40%,0.032
Elysium,188500000,188.5,931000000,93.1,2816000000,281.6,10/20/13,66.90%,33.10%,0.338
The Emperor's New Groove,70600000,70.6,892000000,89.2,1598000000,159.8,5/31/01,44.20%,55.80%,-0.116
Star Wars Ep. V: The Empire Strikes Back,182400000,182.4,2227000000,222.7,4051000000,405.1,3/31/97,45.00%,55.00%,-0.1
Empire Strikes Back - Special Edition,55800000,55.8,676000000,67.6,1234000000,123.4,1/1/98,45.20%,54.80%,-0.096
Enchanted,213400000,213.4,1278000000,127.8,3412000000,341.2,1/1/09,62.50%,37.50%,0.25
End of Days,142400000,142.4,669000000,66.9,2093000000,209.3,3/13/00,68.00%,32.00%,0.36
Enemy at the Gates,34200000,34.2,513000000,51.3,855000000,85.5,6/7/01,40.00%,60.00%,-0.2
Enemy of the State,138800000,138.8,1115000000,111.5,2503000000,250.3,8/1/99,55.50%,44.50%,0.11
The English Patient,151200000,151.2,787000000,78.7,2299000000,229.9,3/1/98,65.80%,34.20%,0.316
Entrapment,124000000,124,877000000,87.7,2117000000,211.7,2/1/00,58.60%,41.40%,0.172
Epic,160000000,160,1075000000,107.5,2675000000,267.5,1/1/14,59.80%,40.20%,0.196
Eragon,175000000,175,750000000,75,2500000000,250,11/1/07,70.00%,30.00%,0.4
Eraser,133200000,133.2,1012000000,101.2,2344000000,234.4,1/1/97,56.80%,43.20%,0.136
Erin Brockovich,131000000,131,1256000000,125.6,2566000000,256.6,11/1/00,51.10%,48.90%,0.022
Evan Almighty,72700000,72.7,1005000000,100.5,1732000000,173.2,12/2/07,42.00%,58.00%,-0.16
Event Horizon,20500000,20.5,266000000,26.6,471000000,47.1,5/18/98,43.50%,56.50%,-0.13
Ever After,21100000,21.1,656000000,65.6,867000000,86.7,1/25/99,24.30%,75.70%,-0.514
Everest,29700000,29.7,764000000,76.4,1061000000,106.1,6/30/00,28.00%,72.00%,-0.44
Evita,91000000,91,500000000,50,1410000000,141,5/5/97,64.50%,35.50%,0.29
Evolution,59400000,59.4,382000000,38.2,976000000,97.6,7/1/02,60.90%,39.10%,0.218
Executive Decision,60300000,60.3,550000000,55,1153000000,115.3,1/1/97,52.30%,47.70%,0.046
The Exorcism of Emily Rose,63000000,63,751000000,75.1,1381000000,138.1,3/12/06,45.60%,54.40%,-0.088
The Exorcist,119100000,119.1,1650000000,165,2841000000,284.1,10/1/98,41.90%,58.10%,-0.162
The Exorcist,65000000,65,396000000,39.6,1046000000,104.6,4/1/01,62.10%,37.90%,0.242
Expendables 2,220000000,220,850000000,85,3050000000,305,1/1/14,72.10%,27.90%,0.442
The Expendables,171400000,171.4,1031000000,103.1,2745000000,274.5,2/1/11,62.40%,37.60%,0.248
Eyes Wide Shut,105000000,105,557000000,55.7,1607000000,160.7,1/1/00,65.30%,34.70%,0.306
Face/Off,129000000,129,1122000000,112.2,2412000000,241.2,3/30/98,53.50%,46.50%,0.07
The Faculty,35000000,35,390000000,39,740000000,74,2/1/00,47.30%,52.70%,-0.054
Fahrenheit 9/11,85000000,85,1192000000,119.2,2042000000,204.2,9/12/04,41.60%,58.40%,-0.168
Failure to Launch,39400000,39.4,887000000,88.7,1281000000,128.1,7/23/06,30.80%,69.20%,-0.384
Fair Game,20800000,20.8,112000000,11.2,320000000,32,2/26/96,65.00%,35.00%,0.3
The Family Man,43900000,43.9,758000000,75.8,1197000000,119.7,4/5/01,36.70%,63.30%,-0.266
Fantastic Four,174900000,174.9,1547000000,154.7,3296000000,329.6,1/1/06,53.10%,46.90%,0.062
Fantastic Four: Rise of the Silver Surfer,156300000,156.3,1319000000,131.9,2882000000,288.2,9/23/07,54.20%,45.80%,0.084
Fargo,280000000,280,2000000000,200,4800000000,480,4/14/97,58.30%,41.70%,0.166
Fast & Furious,207800000,207.8,1551000000,155.1,3629000000,362.9,1/1/10,57.30%,42.70%,0.146
Fast & Furious 6,549300000,549.3,2387000000,238.7,7880000000,788,9/15/13,69.70%,30.30%,0.394
The Fast and the Furious,62900000,62.9,1445000000,144.5,2074000000,207.4,1/1/03,30.30%,69.70%,-0.394
The Fast and the Furious: Tokyo Drift,96000000,96,625000000,62.5,1585000000,158.5,5/1/11,60.60%,39.40%,0.212
Fast Five,416000000,416,2098000000,209.8,6258000000,625.8,6/1/13,66.50%,33.50%,0.33
A Few Good Men,95200000,95.2,1414000000,141.4,2366000000,236.6,1/18/96,40.20%,59.80%,-0.196
Fierce Creatures,31000000,31,92000000,9.2,402000000,40.2,1/1/98,77.10%,22.90%,0.542
The Fifth Element,200100000,200.1,635000000,63.5,2636000000,263.6,1/1/98,75.90%,24.10%,0.518
Fight Club,71000000,71,370000000,37,1080000000,108,3/13/00,65.70%,34.30%,0.314
Final Destination,51500000,51.5,533000000,53.3,1048000000,104.8,10/2/00,49.10%,50.90%,-0.018
Final Destination 5,117000000,117,426000000,42.6,1596000000,159.6,10/23/11,73.30%,26.70%,0.466
The Final Destination,119400000,119.4,665000000,66.5,1859000000,185.9,11/22/09,64.20%,35.80%,0.284
Final Fantasy,40300000,40.3,361000000,36.1,764000000,76.4,9/13/01,52.70%,47.30%,0.054
Finding Nemo,525000000,525,3397000000,339.7,8647000000,864.7,1/1/06,60.70%,39.30%,0.214
Finding Neverland,64300000,64.3,517000000,51.7,1160000000,116,4/28/05,55.40%,44.60%,0.108
The Firm,95500000,95.5,1583000000,158.3,2538000000,253.8,1/18/96,37.60%,62.40%,-0.248
First Knight,90000000,90,374000000,37.4,1274000000,127.4,1/1/96,70.60%,29.40%,0.412
The First Wives Club,76000000,76,1054000000,105.4,1814000000,181.4,6/2/97,41.90%,58.10%,-0.162
Flight,68000000,68,938000000,93.8,1618000000,161.8,3/17/13,42.00%,58.00%,-0.16
Flightplan,132700000,132.7,897000000,89.7,2224000000,222.4,3/9/06,59.70%,40.30%,0.194
The Flintstones,211000000,211,1305000000,130.5,3415000000,341.5,1/18/96,61.80%,38.20%,0.236
Flubber,85000000,85,930000000,93,1780000000,178,5/4/98,47.80%,52.20%,-0.044
Flushed Away,113000000,113,645000000,64.5,1775000000,177.5,3/1/07,63.70%,36.30%,0.274
Fool's Gold,40300000,40.3,702000000,70.2,1105000000,110.5,9/1/08,36.50%,63.50%,-0.27
Fools Rush In,12600000,12.6,293000000,29.3,419000000,41.9,1/1/98,30.10%,69.90%,-0.398
Forces of Nature,41000000,41,528000000,52.8,938000000,93.8,2/1/00,43.70%,56.30%,-0.126
Forgetting Sarah Marshall,42000000,42,629000000,62.9,1049000000,104.9,1/1/09,40.00%,60.00%,-0.2
Forrest Gump,350000000,350,3297000000,329.7,6797000000,679.7,2/9/98,51.50%,48.50%,0.03
Four Christmases,43000000,43,1201000000,120.1,1631000000,163.1,3/22/09,26.40%,73.60%,-0.472
Four Weddings and a Funeral,117000000,117,527000000,52.7,1697000000,169.7,11/30/97,68.90%,31.10%,0.378
Frankenstein,90000000,90,220000000,22,1120000000,112,1/18/96,80.40%,19.60%,0.608
Freaky Friday,42100000,42.1,1102000000,110.2,1523000000,152.3,1/11/04,27.60%,72.40%,-0.448
French Kiss,61500000,61.5,389000000,38.9,1004000000,100.4,2/26/96,61.30%,38.70%,0.226
Friends With Benefits,93700000,93.7,558000000,55.8,1495000000,149.5,1/1/12,62.70%,37.30%,0.254
The Fugitive,172800000,172.8,1839000000,183.9,3567000000,356.7,1/18/96,48.40%,51.60%,-0.032
The Full Monty,211000000,211,459000000,45.9,2569000000,256.9,1/1/99,82.10%,17.90%,0.642
Fun with Dick and Jane,89000000,89,1103000000,110.3,1993000000,199.3,4/2/06,44.70%,55.30%,-0.106
G-Force,173000000,173,1194000000,119.4,2924000000,292.4,1/1/10,59.20%,40.80%,0.184
G.I. Jane,50000000,50,482000000,48.2,982000000,98.2,3/10/98,50.90%,49.10%,0.018
G.I. Joe,152300000,152.3,1502000000,150.2,3025000000,302.5,1/1/10,50.30%,49.70%,0.006
G.I. Joe: Retaliation,250000000,250,1225000000,122.5,3725000000,372.5,1/1/14,67.10%,32.90%,0.342
The Game Plan,57200000,57.2,906000000,90.6,1478000000,147.8,9/1/08,38.70%,61.30%,-0.226
The Game,61100000,61.1,464000000,46.4,1075000000,107.5,4/7/98,56.80%,43.20%,0.136
Gangs of New York,112700000,112.7,776000000,77.6,1903000000,190.3,4/17/03,59.20%,40.80%,0.184
Garfield,123200000,123.2,754000000,75.4,1986000000,198.6,7/1/05,62.00%,38.00%,0.24
Garfield: A Tail of Two Kitties,104800000,104.8,284000000,28.4,1332000000,133.2,10/8/06,78.70%,21.30%,0.574
The General's Daughter,47000000,47,1027000000,102.7,1497000000,149.7,1/1/00,31.40%,68.60%,-0.372
George of the Jungle,69200000,69.2,1052000000,105.2,1744000000,174.4,5/4/98,39.70%,60.30%,-0.206
Get Smart,100400000,100.4,1303000000,130.3,2307000000,230.7,1/1/09,43.50%,56.50%,-0.13
Ghost,300000000,300,2175000000,217.5,5175000000,517.5,2/9/98,58.00%,42.00%,0.16
Ghost and the Darkness,28800000,28.8,385000000,38.5,673000000,67.3,3/18/97,42.80%,57.20%,-0.144
Ghost Rider,112900000,112.9,1158000000,115.8,2287000000,228.7,9/1/07,49.40%,50.60%,-0.012
Ghost Rider: Spirit of Vengeance,80800000,80.8,518000000,51.8,1326000000,132.6,9/1/12,60.90%,39.10%,0.218
Ghostbusters II,103000000,103,1119000000,111.9,2149000000,214.9,1/18/96,47.90%,52.10%,-0.042
"Girl with the Dragon Tattoo, The",130000000,130,1025000000,102.5,2325000000,232.5,9/1/12,55.90%,44.10%,0.118
Gladiator,270000000,270,1877000000,187.7,4577000000,457.7,7/1/02,59.00%,41.00%,0.18
"Glimmer Man, The",26200000,26.2,204000000,20.4,466000000,46.6,1/13/97,56.20%,43.80%,0.124
Gnomeo & Juliet,90000000,90,1000000000,100,1900000000,190,7/1/11,47.40%,52.60%,-0.052
The Godfather III,70400000,70.4,663000000,66.3,1367000000,136.7,1/1/98,51.50%,48.50%,0.03
The Godfather,110400000,110.4,1348000000,134.8,2452000000,245.2,1/18/96,45.00%,55.00%,-0.1
Godzilla,239700000,239.7,1360000000,136,3757000000,375.7,1/1/99,63.80%,36.20%,0.276
The Golden Compass,302100000,302.1,701000000,70.1,3722000000,372.2,6/29/08,81.20%,18.80%,0.624
Goldeneye,244800000,244.8,1065000000,106.5,3513000000,351.3,12/12/96,69.70%,30.30%,0.394
Gone in 60 Seconds,128900000,128.9,1016000000,101.6,2305000000,230.5,11/16/00,55.90%,44.10%,0.118
Gone With The Wind,191900000,191.9,2015000000,201.5,3934000000,393.4,7/13/98,48.80%,51.20%,-0.024
The Good Day to Die Hard,235000000,235,673000000,67.3,3023000000,302.3,4/14/13,77.70%,22.30%,0.554
Good Will Hunting,87500000,87.5,1383000000,138.3,2258000000,225.8,1/1/99,38.80%,61.20%,-0.224
Gosford Park,42000000,42,413000000,41.3,833000000,83.3,6/17/02,50.40%,49.60%,0.008
Gothika,81900000,81.9,596000000,59.6,1415000000,141.5,7/1/04,57.90%,42.10%,0.158
Gran Torino,115100000,115.1,1481000000,148.1,2632000000,263.2,5/31/09,43.70%,56.30%,-0.126
Grease,153100000,153.1,1855000000,185.5,3386000000,338.6,1/1/98,45.20%,54.80%,-0.096
Grease (reissue),11400000,11.4,284000000,28.4,398000000,39.8,7/27/98,28.60%,71.40%,-0.428
Great Expectations,28700000,28.7,263000000,26.3,550000000,55,1/1/99,52.20%,47.80%,0.044
The Great Gatsby,207000000,207,1448000000,144.8,3518000000,351.8,1/1/14,58.80%,41.20%,0.176
The Green Hornet,129000000,129,988000000,98.8,2278000000,227.8,7/1/11,56.60%,43.40%,0.132
Green Lantern,105300000,105.3,1166000000,116.6,2219000000,221.9,9/18/11,47.50%,52.50%,-0.05
The Green Mile,131900000,131.9,1368000000,136.8,2687000000,268.7,5/23/00,49.10%,50.90%,-0.018
The Grinch,80400000,80.4,2600000000,260,3404000000,340.4,2/22/01,23.60%,76.40%,-0.528
Grown Ups,109400000,109.4,1620000000,162,2714000000,271.4,2/1/11,40.30%,59.70%,-0.194
Grown Ups 2,110000000,110,1337000000,133.7,2437000000,243.7,1/1/14,45.10%,54.90%,-0.098
The Grudge,73000000,73,1102000000,110.2,1832000000,183.2,5/1/05,39.80%,60.20%,-0.204
Gulliver's Travels,195500000,195.5,428000000,42.8,2383000000,238.3,5/22/11,82.00%,18.00%,0.64
Hairspray,81800000,81.8,1189000000,118.9,2007000000,200.7,2/10/08,40.80%,59.20%,-0.184
Halloween: H20,20000000,20,549000000,54.9,749000000,74.9,12/21/98,26.70%,73.30%,-0.466
Hancock,396400000,396.4,2279000000,227.9,6243000000,624.3,1/1/09,63.50%,36.50%,0.27
The Hangover Part II,327000000,327,2545000000,254.5,5815000000,581.5,11/1/11,56.20%,43.80%,0.124
The Hangover Part III,250000000,250,1122000000,112.2,3622000000,362.2,1/1/14,69.00%,31.00%,0.38
The Hangover,191600000,191.6,2773000000,277.3,4689000000,468.9,1/1/11,40.90%,59.10%,-0.182
Hannah Montana The Movie,76000000,76,796000000,79.6,1556000000,155.6,1/1/10,48.80%,51.20%,-0.024
Hannibal,184200000,184.2,1651000000,165.1,3493000000,349.3,8/2/01,52.70%,47.30%,0.054
Hansel & Gretel: Witch Hunters,170000000,170,557000000,55.7,2257000000,225.7,5/19/13,75.30%,24.70%,0.506
The Happening,98900000,98.9,645000000,64.5,1634000000,163.4,3/8/09,60.50%,39.50%,0.21
Happy Feet,186100000,186.1,1980000000,198,3841000000,384.1,4/29/07,48.50%,51.50%,-0.03
Happy Feet Two,86400000,86.4,640000000,64,1504000000,150.4,3/1/12,57.40%,42.60%,0.148
Harry Potter and the Chamber of Secrets,615000000,615,2619000000,261.9,8769000000,876.9,1/1/11,70.10%,29.90%,0.402
Harry Potter and the Goblet of Fire,603000000,603,2900000000,290,8930000000,893,1/1/11,67.50%,32.50%,0.35
Harry Potter and the Half-Blood Prince,632000000,632,3020000000,302,9340000000,934,1/1/10,67.70%,32.30%,0.354
Harry Potter and the Order of the Phoenix,646800000,646.8,2920000000,292,9388000000,938.8,1/1/11,68.90%,31.10%,0.378
Harry Potter and the Prisoner of Azkaban,540000000,540,2494000000,249.4,7894000000,789.4,1/1/11,68.40%,31.60%,0.368
Harry Potter and the Deathly Hallows: Part I,660000000,660,2950000000,295,9550000000,955,11/1/11,69.10%,30.90%,0.382
Harry Potter and the Deathly Hallows: Part II,947100000,947.1,3810000000,381,13281000000,1328.1,9/18/11,71.30%,28.70%,0.426
Harry Potter and the SorcererÍs Stone,656000000,656,3176000000,317.6,9736000000,973.6,1/1/11,67.40%,32.60%,0.348
The Haunted Mansion,106400000,106.4,758000000,75.8,1822000000,182.2,7/1/04,58.40%,41.60%,0.168
The Haunting,92000000,92,912000000,91.2,1832000000,183.2,7/1/02,50.20%,49.80%,0.004
The Heartbreak Kid,91000000,91,368000000,36.8,1278000000,127.8,3/2/08,71.20%,28.80%,0.424
Heat,120000000,120,674000000,67.4,1874000000,187.4,12/12/96,64.00%,36.00%,0.28
The Heat,71500000,71.5,1596000000,159.6,2311000000,231.1,6/1/14,30.90%,69.10%,-0.382
Hellboy II: The Golden Army,84400000,84.4,760000000,76,1604000000,160.4,1/1/09,52.60%,47.40%,0.052
The Help,41900000,41.9,1697000000,169.7,2116000000,211.6,9/1/12,19.80%,80.20%,-0.604
Herbie: Fully Loaded,74600000,74.6,660000000,66,1406000000,140.6,10/6/05,53.10%,46.90%,0.062
Hercules,151600000,151.6,990000000,99,2506000000,250.6,1/13/98,60.50%,39.50%,0.21
Hero,116000000,116,536000000,53.6,1696000000,169.6,11/7/04,68.40%,31.60%,0.368
He's Just Not That Into You,76900000,76.9,940000000,94,1709000000,170.9,8/9/09,45.00%,55.00%,-0.1
Hide and Seek,71000000,71,511000000,51.1,1221000000,122.1,6/19/05,58.10%,41.90%,0.162
High School Musical 3,160500000,160.5,906000000,90.6,2511000000,251.1,3/22/09,63.90%,36.10%,0.278
Hitch,188600000,188.6,1178000000,117.8,3064000000,306.4,1/1/06,61.60%,38.40%,0.232
The Hitchhiker's Guide to the Galaxy,41200000,41.2,511000000,51.1,923000000,92.3,7/10/05,44.60%,55.40%,-0.108
The Hobbit: An Unexpected Journey,716000000,716,3030000000,303,10190000000,1019,1/1/14,70.30%,29.70%,0.406
The Holiday,141600000,141.6,632000000,63.2,2048000000,204.8,1/1/08,69.10%,30.90%,0.382
Hollow Man,118000000,118,732000000,73.2,1912000000,191.2,1/2/01,61.70%,38.30%,0.234
Home Alone,188900000,188.9,2858000000,285.8,4747000000,474.7,1/18/96,39.80%,60.20%,-0.204
Home Alone 2,205400000,205.4,1727000000,172.7,3781000000,378.1,1/18/96,54.30%,45.70%,0.086
Home Alone 3,29200000,29.2,307000000,30.7,599000000,59.9,3/30/98,48.70%,51.30%,-0.026
Honey I Shrunk The Kids,92000000,92,1302000000,130.2,2222000000,222.2,1/18/96,41.40%,58.60%,-0.172
Hook,181200000,181.2,1190000000,119,3002000000,300.2,1/18/96,60.40%,39.60%,0.208
Hop,80000000,80,1081000000,108.1,1881000000,188.1,1/1/12,42.50%,57.50%,-0.15
Hope Floats,18400000,18.4,600000000,60,784000000,78.4,3/9/99,23.50%,76.50%,-0.53
Horrible Bosses,92300000,92.3,1175000000,117.5,2098000000,209.8,10/2/11,44.00%,56.00%,-0.12
"Horse Whisperer, The",109300000,109.3,754000000,75.4,1847000000,184.7,1/1/99,59.20%,40.80%,0.184
Horton Hears A Who,142500000,142.5,1545000000,154.5,2970000000,297,1/1/09,48.00%,52.00%,-0.04
Hotel For Dogs,41700000,41.7,730000000,73,1147000000,114.7,4/26/09,36.40%,63.60%,-0.272
Hotel Transylvania,200000000,200,1483000000,148.3,3483000000,348.3,1/1/14,57.40%,42.60%,0.148
The Hours,50300000,50.3,416000000,41.6,919000000,91.9,5/15/03,54.70%,45.30%,0.094
House of Flying Daggers,81600000,81.6,111000000,11.1,927000000,92.7,5/16/05,88.00%,12.00%,0.76
How To Lose A Guy in 10 Days,70000000,70,1058000000,105.8,1758000000,175.8,11/9/03,39.80%,60.20%,-0.204
How To Train Your Dragon,277500000,277.5,2176000000,217.6,4951000000,495.1,12/1/10,56.00%,44.00%,0.12
Hugo,112000000,112,739000000,73.9,1859000000,185.9,9/1/12,60.20%,39.80%,0.204
Hulk,109600000,109.6,1319000000,131.9,2415000000,241.5,12/7/03,45.40%,54.60%,-0.092
Hunchback of Notre Dame,225600000,225.6,1000000000,100,3256000000,325.6,1/20/97,69.30%,30.70%,0.386
The Hunger Games,283000000,283,4080000000,408,6910000000,691,1/1/14,41.00%,59.00%,-0.18
The Hunt for Red October,78500000,78.5,1207000000,120.7,1992000000,199.2,1/1/99,39.40%,60.60%,-0.212
The Hurricane,17300000,17.3,507000000,50.7,680000000,68,4/24/00,25.40%,74.60%,-0.492
I Am Legend,327800000,327.8,2564000000,256.4,5842000000,584.2,6/1/08,56.10%,43.90%,0.122
I Am Number Four,89400000,89.4,551000000,55.1,1445000000,144.5,7/1/11,61.90%,38.10%,0.238
I Know What You Did Last Summer,53000000,53,722000000,72.2,1252000000,125.2,6/9/98,42.30%,57.70%,-0.154
I Now Pronounce You Chuck and Larry,64600000,64.6,1201000000,120.1,1847000000,184.7,12/2/07,35.00%,65.00%,-0.3
I Still Know What You Did Last Summer,44000000,44,400000000,40,840000000,84,2/1/00,52.40%,47.60%,0.048
"I, Robot",198000000,198,1448000000,144.8,3428000000,342.8,1/1/05,57.80%,42.20%,0.156
Ice Age,206900000,206.9,1764000000,176.4,3833000000,383.3,1/1/03,54.00%,46.00%,0.08
Ice Age: Continental Drift,718300000,718.3,1613000000,161.3,8796000000,879.6,1/1/14,81.70%,18.30%,0.634
Ice Age: Dawn of the Dinosaurs,693900000,693.9,1966000000,196.6,8905000000,890.5,1/1/12,77.90%,22.10%,0.558
Ice Age: The Meltdown,461200000,461.2,1953000000,195.3,6565000000,656.5,7/20/06,70.30%,29.70%,0.406
Identity Thief,41800000,41.8,1345000000,134.5,1763000000,176.3,6/1/14,23.70%,76.30%,-0.526
Immortals,143000000,143,835000000,83.5,2265000000,226.5,3/1/12,63.10%,36.90%,0.262
In & Out,21000000,21,638000000,63.8,848000000,84.8,2/9/98,24.80%,75.20%,-0.504
In Her Shoes,50100000,50.1,329000000,32.9,830000000,83,2/26/06,60.40%,39.60%,0.208
In The Line Of Fire,73800000,73.8,1023000000,102.3,1761000000,176.1,1/18/96,41.90%,58.10%,-0.162
In Time,136000000,136,375000000,37.5,1735000000,173.5,9/1/12,78.40%,21.60%,0.568
Inception,533000000,533,2926000000,292.6,8256000000,825.6,2/1/11,64.60%,35.40%,0.292
The Incredible Hulk,128600000,128.6,1348000000,134.8,2634000000,263.4,3/8/09,48.80%,51.20%,-0.024
The Incredibles,371000000,371,2614000000,261.4,6324000000,632.4,1/1/06,58.70%,41.30%,0.174
Indecent Proposal,151700000,151.7,1060000000,106,2577000000,257.7,1/18/96,58.90%,41.10%,0.178
Independence Day,505300000,505.3,3061000000,306.1,8114000000,811.4,2/9/98,62.30%,37.70%,0.246
Indiana Jones and the Last Crusade,297600000,297.6,1970000000,197,4946000000,494.6,1/18/96,60.20%,39.80%,0.204
Indiana Jones and the Temple of Doom,153000000,153,1800000000,180,3330000000,333,1/1/08,45.90%,54.10%,-0.082
Indiana Jones and the Kingdom of the Crystal Skull,469500000,469.5,3171000000,317.1,7866000000,786.6,1/1/09,59.70%,40.30%,0.194
Inglourious Basterds,200100000,200.1,1205000000,120.5,3206000000,320.6,1/31/10,62.40%,37.60%,0.248
Inside Man,94300000,94.3,885000000,88.5,1828000000,182.8,7/23/06,51.60%,48.40%,0.032
The Insider,29700000,29.7,290000000,29,587000000,58.7,6/5/00,50.60%,49.40%,0.012
Insomnia,42000000,42,674000000,67.4,1094000000,109.4,11/10/02,38.40%,61.60%,-0.232
Inspector Gadget,37000000,37,973000000,97.3,1343000000,134.3,2/1/00,27.60%,72.40%,-0.448
The Interpreter,88000000,88,726000000,72.6,1606000000,160.6,11/6/05,54.80%,45.20%,0.096
Interview With The Vampire,115800000,115.8,1053000000,105.3,2211000000,221.1,1/18/96,52.40%,47.60%,0.048
Intolerable Cruelty,82600000,82.6,351000000,35.1,1177000000,117.7,6/6/04,70.20%,29.80%,0.404
Invictus,87000000,87,375000000,37.5,1245000000,124.5,3/28/10,69.90%,30.10%,0.398
Iron Man,267000000,267,3184000000,318.4,5854000000,585.4,1/1/13,45.60%,54.40%,-0.088
Iron Man 2,312000000,312,3124000000,312.4,6244000000,624.4,1/1/13,50.00%,50.00%,0
Iron Man 3,806300000,806.3,4090000000,409,12153000000,1215.3,12/1/13,66.30%,33.70%,0.326
The Island,125000000,125,358000000,35.8,1608000000,160.8,1/1/06,77.70%,22.30%,0.554
The Italian Job,61400000,61.4,1056000000,105.6,1670000000,167,11/16/03,36.80%,63.20%,-0.264
It's Complicated,109000000,109,1127000000,112.7,2217000000,221.7,4/18/10,49.20%,50.80%,-0.016
Jack,29400000,29.4,586000000,58.6,880000000,88,1/1/97,33.40%,66.60%,-0.332
Jack and Jill,75000000,75,742000000,74.2,1492000000,149.2,9/1/12,50.30%,49.70%,0.006
Jack Reacher,138000000,138,801000000,80.1,2181000000,218.1,1/1/14,63.30%,36.70%,0.266
Jack the Giant Slayer,136000000,136,652000000,65.2,2012000000,201.2,1/1/14,67.60%,32.40%,0.352
The Jackal,104400000,104.4,546000000,54.6,1590000000,159,11/30/98,65.70%,34.30%,0.314
Jackass 3D,53000000,53,1172000000,117.2,1702000000,170.2,12/19/10,31.10%,68.90%,-0.378
Jackass Presents: Bad Grandpa,48900000,48.9,1020000000,102,1509000000,150.9,2/2/14,32.40%,67.60%,-0.352
Jackie Brown,47000000,47,397000000,39.7,867000000,86.7,7/13/98,54.20%,45.80%,0.084
Jarhead,34100000,34.1,627000000,62.7,968000000,96.8,7/1/06,35.20%,64.80%,-0.296
Jerry Maguire,117000000,117,1536000000,153.6,2706000000,270.6,7/14/97,43.20%,56.80%,-0.136
JFK,135000000,135,704000000,70.4,2054000000,205.4,7/6/98,65.70%,34.30%,0.314
Jingle All The Way,66300000,66.3,606000000,60.6,1269000000,126.9,2/24/97,52.20%,47.80%,0.044
John Carter,210400000,210.4,731000000,73.1,2835000000,283.5,5/13/12,74.20%,25.80%,0.484
Johnny English,118900000,118.9,280000000,28,1469000000,146.9,9/7/03,80.90%,19.10%,0.618
Johnny English Reborn,157000000,157,83000000,8.3,1653000000,165.3,2/5/12,95.00%,5.00%,0.9
Journey 2,222000000,222,1039000000,103.9,3259000000,325.9,5/13/12,68.10%,31.90%,0.362
Journey to the Center of the Earth,129800000,129.8,1017000000,101.7,2315000000,231.5,5/31/09,56.10%,43.90%,0.122
Judge Dredd,78800000,78.8,347000000,34.7,1135000000,113.5,1/1/96,69.40%,30.60%,0.388
Jumanji,164000000,164,1005000000,100.5,2645000000,264.5,12/12/96,62.00%,38.00%,0.24
Jumper,142100000,142.1,802000000,80.2,2223000000,222.3,9/1/08,63.90%,36.10%,0.278
Jungle 2 Jungle,24500000,24.5,599000000,59.9,844000000,84.4,1/1/98,29.00%,71.00%,-0.42
The Jungle Book 2,82700000,82.7,478000000,47.8,1305000000,130.5,5/29/03,63.40%,36.60%,0.268
Junior,53200000,53.2,368000000,36.8,900000000,90,1/1/96,59.10%,40.90%,0.182
Juno,87900000,87.9,1435000000,143.5,2314000000,231.4,9/1/08,38.00%,62.00%,-0.24
Jurassic Park,563000000,563,3568000000,356.8,9198000000,919.8,9/1/99,61.20%,38.80%,0.224
Jurassic Park 3D,71100000,71.1,454000000,45.4,1165000000,116.5,9/15/13,61.00%,39.00%,0.22
Jurassic Park III,181800000,181.8,1812000000,181.2,3630000000,363,12/13/01,50.10%,49.90%,0.002
The Juror,40300000,40.3,227000000,22.7,630000000,63,1/1/97,64.00%,36.00%,0.28
Just Go With It,111700000,111.7,1030000000,103,2147000000,214.7,6/1/11,52.00%,48.00%,0.04
Just Married,36500000,36.5,561000000,56.1,926000000,92.6,5/15/03,39.40%,60.60%,-0.212
The Karate Kid,182000000,182,1766000000,176.6,3586000000,358.6,12/1/10,50.80%,49.20%,0.016
The Kid,28300000,28.3,697000000,69.7,980000000,98,11/16/00,28.90%,71.10%,-0.422
Kill Bill: Volume 1,111400000,111.4,701000000,70.1,1815000000,181.5,6/1/04,61.40%,38.60%,0.228
Kill Bill: Volume 2,85900000,85.9,662000000,66.2,1521000000,152.1,9/1/04,56.50%,43.50%,0.13
Kindergarten Cop,202000000,202,906000000,90.6,2926000000,292.6,7/6/98,69.00%,31.00%,0.38
King Arthur,149000000,149,519000000,51.9,2009000000,200.9,12/5/04,74.20%,25.80%,0.484
King Kong,331100000,331.1,2181000000,218.1,5492000000,549.2,7/1/06,60.30%,39.70%,0.206
Kingdom of Heaven,163800000,163.8,474000000,47.4,2112000000,211.2,1/1/06,77.60%,22.40%,0.552
The KingÍs Speech,275000000,275,1388000000,138.8,4138000000,413.8,7/1/11,66.50%,33.50%,0.33
Kiss the Girls,25700000,25.7,605000000,60.5,862000000,86.2,3/16/98,29.80%,70.20%,-0.404
Knight and Day,186000000,186,764000000,76.4,2624000000,262.4,1/1/11,70.90%,29.10%,0.418
Knocked Up,70200000,70.2,1488000000,148.8,2190000000,219,2/10/08,32.10%,67.90%,-0.358
Knowing,96000000,96,800000000,80,1760000000,176,8/9/09,54.50%,45.50%,0.09
Kung Fu Hustle,80300000,80.3,171000000,17.1,974000000,97.4,8/4/05,82.40%,17.60%,0.648
Kung Fu Panda,416500000,416.5,2154000000,215.4,6319000000,631.9,1/1/09,65.90%,34.10%,0.318
Kung Fu Panda 2,500000000,500,1652000000,165.2,6652000000,665.2,3/1/12,75.20%,24.80%,0.504
L.A. Confidential,61600000,61.6,646000000,64.6,1262000000,126.2,12/1/98,48.80%,51.20%,-0.024
The Lake House,62100000,62.1,523000000,52.3,1144000000,114.4,10/29/06,54.30%,45.70%,0.086
Lara Croft Tomb Raider 2,87200000,87.2,657000000,65.7,1529000000,152.9,11/13/03,57.00%,43.00%,0.14
Lara Croft: Tomb Raider,120500000,120.5,1310000000,131,2515000000,251.5,10/16/01,47.90%,52.10%,-0.042
The Last Airbender,187000000,187,1318000000,131.8,3188000000,318.8,1/1/11,58.70%,41.30%,0.174
Last Man Standing,23900000,23.9,181000000,18.1,420000000,42,3/10/97,56.90%,43.10%,0.138
The Last Samurai,345600000,345.6,1111000000,111.1,4567000000,456.7,6/1/04,75.70%,24.30%,0.514
The League of Extraordinary Gentleman,109000000,109,665000000,66.5,1755000000,175.5,11/13/03,62.10%,37.90%,0.242
A League of Their Own,23000000,23,1074000000,107.4,1304000000,130.4,1/18/96,17.60%,82.40%,-0.648
Legally Blonde,34700000,34.7,962000000,96.2,1309000000,130.9,12/13/01,26.50%,73.50%,-0.47
Legally Blonde 2,22300000,22.3,900000000,90,1123000000,112.3,9/21/03,19.90%,80.10%,-0.602
Legend of the Guardians,84000000,84,557000000,55.7,1397000000,139.7,2/1/11,60.10%,39.90%,0.202
The Legend of Zorro,95900000,95.9,454000000,45.4,1413000000,141.3,2/1/06,67.90%,32.10%,0.358
Legends of the Fall,94000000,94,665000000,66.5,1605000000,160.5,1/18/96,58.60%,41.40%,0.172
Lemony Snicket's A Series of of Unfortunant Events,80800000,80.8,1186000000,118.6,1994000000,199.4,4/28/05,40.50%,59.50%,-0.19
Les Miserables,293000000,293,1488000000,148.8,4418000000,441.8,8/1/13,66.30%,33.70%,0.326
Lethal Weapon 2,80000000,80,1472000000,147.2,2272000000,227.2,1/18/96,35.20%,64.80%,-0.296
Lethal Weapon 3,175000000,175,1446000000,144.6,3196000000,319.6,1/18/96,54.80%,45.20%,0.096
Lethal Weapon 4,141700000,141.7,1297000000,129.7,2714000000,271.4,1/1/99,52.20%,47.80%,0.044
"Liar, Liar",118600000,118.6,1814000000,181.4,3000000000,300,3/1/98,39.50%,60.50%,-0.21
License to Kill,122000000,122,350000000,35,1570000000,157,12/1/99,77.70%,22.30%,0.554
Life is Beautiful,171400000,171.4,576000000,57.6,2290000000,229,9/20/99,74.80%,25.20%,0.496
Life of Pi,482600000,482.6,1250000000,125,6076000000,607.6,3/17/13,79.40%,20.60%,0.588
Lilo & Stitch,111700000,111.7,1457000000,145.7,2574000000,257.4,3/23/03,43.40%,56.60%,-0.132
Limitless,85000000,85,792000000,79.2,1642000000,164.2,10/23/11,51.80%,48.20%,0.036
Lincoln,93100000,93.1,1822000000,182.2,2753000000,275.3,10/1/13,33.80%,66.20%,-0.324
The Lion King 3D,83000000,83,942000000,94.2,1772000000,177.2,9/1/12,46.80%,53.20%,-0.064
The Lion King,454000000,454,3129000000,312.9,7669000000,766.9,2/9/98,59.20%,40.80%,0.184
Little Fockers,162000000,162,1484000000,148.4,3104000000,310.4,7/1/11,52.20%,47.80%,0.044
Little Man,33500000,33.5,583000000,58.3,918000000,91.8,10/1/06,36.50%,63.50%,-0.27
The Little Mermaid,105600000,105.6,844000000,84.4,1900000000,190,11/24/97,55.60%,44.40%,0.112
Little Miss Sunshine,37400000,37.4,599000000,59.9,973000000,97.3,3/20/07,38.40%,61.60%,-0.232
Little Women,45000000,45,498000000,49.8,948000000,94.8,1/18/96,47.50%,52.50%,-0.05
The Living Daylights,140000000,140,510000000,51,1910000000,191,12/1/99,73.30%,26.70%,0.466
The Lone Ranger,170700000,170.7,893000000,89.3,2600000000,260,10/13/13,65.70%,34.30%,0.314
Long Kiss Goodnight,40600000,40.6,335000000,33.5,741000000,74.1,2/10/97,54.80%,45.20%,0.096
The Longest Yard,29000000,29,1581000000,158.1,1871000000,187.1,10/6/05,15.50%,84.50%,-0.69
Look Who's Talking,149300000,149.3,1381000000,138.1,2874000000,287.4,1/18/96,51.90%,48.10%,0.038
The Lorax,127100000,127.1,2140000000,214,3411000000,341.1,10/7/12,37.30%,62.70%,-0.254
Lost in Space,66000000,66,691000000,69.1,1351000000,135.1,3/22/99,48.90%,51.10%,-0.022
Lost in Translation,61900000,61.9,446000000,44.6,1065000000,106.5,3/25/04,58.10%,41.90%,0.162
The Lost World,385300000,385.3,2291000000,229.1,6144000000,614.4,2/15/98,62.70%,37.30%,0.254
LOTR: The Fellowship of the Ring,552900000,552.9,3148000000,314.8,8677000000,867.7,12/18/03,63.70%,36.30%,0.274
LOTR: The Return of the King,742000000,742,3770000000,377,11190000000,1119,8/1/04,66.30%,33.70%,0.326
LOTR: The Two Towers,581200000,581.2,3417000000,341.7,9229000000,922.9,12/18/03,63.00%,37.00%,0.26
Love Actually,185200000,185.2,595000000,59.5,2447000000,244.7,8/1/04,75.70%,24.30%,0.514
Madagascar,337700000,337.7,1932000000,193.2,5309000000,530.9,1/1/06,63.60%,36.40%,0.272
Madagascar 3,524100000,524.1,2164000000,216.4,7405000000,740.5,11/25/12,70.80%,29.20%,0.416
Madagascar 2,422000000,422,1800000000,180,6020000000,602,6/1/09,70.10%,29.90%,0.402
Made of Honor,60000000,60,460000000,46,1060000000,106,1/1/09,56.60%,43.40%,0.132
Magnolia,16700000,16.7,225000000,22.5,392000000,39.2,4/10/00,42.60%,57.40%,-0.148
Maid in Manhattan,55000000,55,938000000,93.8,1488000000,148.8,4/20/03,37.00%,63.00%,-0.26
Mama,75900000,75.9,716000000,71.6,1475000000,147.5,8/1/13,51.50%,48.50%,0.03
Mamma Mia!,458000000,458,1441000000,144.1,6021000000,602.1,6/1/09,76.10%,23.90%,0.522
The Man in the Iron Mask,126000000,126,570000000,57,1830000000,183,1/1/99,68.90%,31.10%,0.378
Man of Steel,372000000,372,2910000000,291,6630000000,663,1/1/14,56.10%,43.90%,0.122
Man on the Moon,11000000,11,346000000,34.6,456000000,45.6,6/13/00,24.10%,75.90%,-0.518
March of the Penguins,28800000,28.8,774000000,77.4,1062000000,106.2,11/17/05,27.10%,72.90%,-0.458
Marley & Me,100300000,100.3,1432000000,143.2,2435000000,243.5,7/5/09,41.20%,58.80%,-0.176
Mars Attacks!,63600000,63.6,377000000,37.7,1013000000,101.3,1/1/98,62.80%,37.20%,0.256
"Mask of Zorro, The",139600000,139.6,938000000,93.8,2334000000,233.4,1/26/99,59.80%,40.20%,0.196
The Mask,224000000,224,1199000000,119.9,3439000000,343.9,1/1/99,65.10%,34.90%,0.302
Master and Commander,116500000,116.5,939000000,93.9,2104000000,210.4,4/15/04,55.40%,44.60%,0.108
The Matrix Reloaded,456400000,456.4,2816000000,281.6,7380000000,738,1/1/04,61.80%,38.20%,0.236
The Matrix Revolutions,284800000,284.8,1393000000,139.3,4241000000,424.1,2/26/04,67.20%,32.80%,0.344
The Matrix,285000000,285,1714000000,171.4,4564000000,456.4,1/1/00,62.40%,37.60%,0.248
Maverick,81400000,81.4,1016000000,101.6,1830000000,183,1/18/96,44.50%,55.50%,-0.11
Maximum Risk,32700000,32.7,141000000,14.1,468000000,46.8,11/11/97,69.90%,30.10%,0.398
"Me, Myself, and Irene",56500000,56.5,906000000,90.6,1471000000,147.1,12/10/00,38.40%,61.60%,-0.232
Mean Girls,40500000,40.5,860000000,86,1265000000,126.5,1/16/05,32.00%,68.00%,-0.36
Meet Joe Black,98200000,98.2,446000000,44.6,1428000000,142.8,1/1/00,68.80%,31.20%,0.376
Meet the Fockers,237400000,237.4,2792000000,279.2,5166000000,516.6,1/1/06,46.00%,54.00%,-0.08
Meet the Parents,138000000,138,1662000000,166.2,3042000000,304.2,1/1/11,45.40%,54.60%,-0.092
Meet the Robinsons,71300000,71.3,978000000,97.8,1691000000,169.1,2/10/08,42.20%,57.80%,-0.156
Megamind,173000000,173,1484000000,148.4,3214000000,321.4,7/1/11,53.80%,46.20%,0.076
Memoirs of a Geisha,93100000,93.1,575000000,57.5,1506000000,150.6,3/16/06,61.80%,38.20%,0.236
Men in Black,338700000,338.7,2501000000,250.1,5888000000,588.8,1/1/12,57.50%,42.50%,0.15
Men in Black 3,445000000,445,1790000000,179,6240000000,624,11/18/12,71.30%,28.70%,0.426
Men in Black 3,251400000,251.4,1904000000,190.4,4418000000,441.8,1/1/12,56.90%,43.10%,0.138
Mercury Rising,63000000,63,329000000,32.9,959000000,95.9,1/1/99,65.70%,34.30%,0.314
Message in a Bottle,66000000,66,528000000,52.8,1188000000,118.8,1/1/00,55.60%,44.40%,0.112
The Messenger,45100000,45.1,142000000,14.2,593000000,59.3,3/14/00,76.10%,23.90%,0.522
Metro,42400000,42.4,320000000,32,744000000,74.4,1/1/98,57.00%,43.00%,0.14
The Mexican,52100000,52.1,668000000,66.8,1189000000,118.9,5/31/01,43.80%,56.20%,-0.124
Miami Vice,100200000,100.2,635000000,63.5,1637000000,163.7,11/26/06,61.20%,38.80%,0.224
Michael,24400000,24.4,953000000,95.3,1197000000,119.7,1/1/98,20.40%,79.60%,-0.592
Michael Collins,24700000,24.7,110000000,11,357000000,35.7,3/10/97,69.20%,30.80%,0.384
Mighty Joe Young,37000000,37,506000000,50.6,876000000,87.6,2/1/00,42.20%,57.80%,-0.156
The Mighty Morphin Power Rangers,23900000,23.9,378000000,37.8,617000000,61.7,12/4/95,38.70%,61.30%,-0.226
Million Dollar Baby,120000000,120,1004000000,100.4,2204000000,220.4,1/1/06,54.40%,45.60%,0.088
Mimic,13100000,13.1,255000000,25.5,386000000,38.6,3/9/98,33.90%,66.10%,-0.322
Minority Report,196800000,196.8,1321000000,132.1,3289000000,328.9,12/22/02,59.80%,40.20%,0.196
The Mirror Has Two Faces,31800000,31.8,413000000,41.3,731000000,73.1,3/10/97,43.50%,56.50%,-0.13
Mirror Mirror,97900000,97.9,649000000,64.9,1628000000,162.8,5/13/12,60.10%,39.90%,0.202
Miss Congeniality,100200000,100.2,1068000000,106.8,2070000000,207,6/26/01,48.40%,51.60%,-0.032
Miss Congeniality 2,52900000,52.9,485000000,48.5,1014000000,101.4,6/19/05,52.20%,47.80%,0.044
Mission to Mars,45100000,45.1,609000000,60.9,1060000000,106,7/10/00,42.50%,57.50%,-0.15
Mission: Impossible,284000000,284,1809000000,180.9,4649000000,464.9,1/1/00,61.10%,38.90%,0.222
Mission: Impossible - Ghost Protocol,485300000,485.3,2094000000,209.4,6947000000,694.7,7/1/12,69.90%,30.10%,0.398
Mission: Impossible 2,331000000,331,2154000000,215.4,5464000000,546.4,1/1/11,60.60%,39.40%,0.212
Mission: Impossible III,264000000,264,1340000000,134,3980000000,398,1/1/07,66.30%,33.70%,0.326
Mona Lisa Smile,61100000,61.1,637000000,63.7,1248000000,124.8,3/7/04,49.00%,51.00%,-0.02
Money Train,30000000,30,353000000,35.3,653000000,65.3,4/29/96,45.90%,54.10%,-0.082
Monster-in-Law,72900000,72.9,829000000,82.9,1558000000,155.8,1/1/06,46.80%,53.20%,-0.064
Monster House,60100000,60.1,735000000,73.5,1336000000,133.6,10/26/06,45.00%,55.00%,-0.1
Monsters University,476400000,476.4,2685000000,268.5,7449000000,744.9,12/15/13,64.00%,36.00%,0.28
Monsters vs. Aliens,183000000,183,1984000000,198.4,3814000000,381.4,1/1/10,48.00%,52.00%,-0.04
"Monsters, Inc.",273100000,273.1,2559000000,255.9,5290000000,529,8/29/02,51.60%,48.40%,0.032
Mortal Kombat,51800000,51.8,704000000,70.4,1222000000,122.2,1/1/97,42.40%,57.60%,-0.152
Moulin Rouge,117600000,117.6,574000000,57.4,1750000000,175,4/25/02,67.20%,32.80%,0.344
Mouse Hunt,72600000,72.6,618000000,61.8,1344000000,134.4,7/1/02,54.00%,46.00%,0.08
Mr. & Mrs. Smith,279000000,279,1863000000,186.3,4653000000,465.3,1/1/06,60.00%,40.00%,0.2
Mr. Bean's Holiday,195200000,195.2,326000000,32.6,2278000000,227.8,2/3/08,85.70%,14.30%,0.714
Mr. Deeds,35500000,35.5,1263000000,126.3,1618000000,161.8,11/17/02,21.90%,78.10%,-0.562
Mr. Popper's Penguins,119900000,119.9,682000000,68.2,1881000000,188.1,10/23/11,63.70%,36.30%,0.274
Mrs. Doubtfire,203900000,203.9,2191000000,219.1,4230000000,423,1/18/96,48.20%,51.80%,-0.036
Mulan,182800000,182.8,1206000000,120.6,3034000000,303.4,5/24/99,60.30%,39.70%,0.206
The Mummy Returns,216700000,216.7,2020000000,202,4187000000,418.7,10/4/01,51.80%,48.20%,0.036
The Mummy,258100000,258.1,1553000000,155.3,4134000000,413.4,1/1/00,62.40%,37.60%,0.248
The Mummy: Tomb of the Dragon Emperor,294300000,294.3,1025000000,102.5,3968000000,396.8,1/1/09,74.20%,25.80%,0.484
Munich,80000000,80,475000000,47.5,1275000000,127.5,3/30/06,62.70%,37.30%,0.254
The Muppets,69800000,69.8,886000000,88.6,1584000000,158.4,3/4/12,44.10%,55.90%,-0.118
Murder at 1600,15300000,15.3,258000000,25.8,411000000,41.1,6/22/98,37.20%,62.80%,-0.256
Muriel's Wedding,42400000,42.4,151000000,15.1,575000000,57.5,1/1/96,73.70%,26.30%,0.474
Music and Lyrics,95300000,95.3,506000000,50.6,1459000000,145.9,7/1/07,65.30%,34.70%,0.306
My Best Friend's Wedding,172100000,172.1,1268000000,126.8,2989000000,298.9,10/1/98,57.60%,42.40%,0.152
My Big Fat Greek Wedding,115100000,115.1,2414000000,241.4,3565000000,356.5,3/27/03,32.30%,67.70%,-0.354
Mystic River,66500000,66.5,901000000,90.1,1566000000,156.6,5/20/04,42.50%,57.50%,-0.15
Nanny McPhee,74200000,74.2,471000000,47.1,1213000000,121.3,5/28/06,61.20%,38.80%,0.224
National Treasure,174400000,174.4,1730000000,173,3474000000,347.4,4/28/05,50.20%,49.80%,0.004
National Treasure: Book of Secrets,237100000,237.1,2200000000,220,4571000000,457.1,1/1/09,51.90%,48.10%,0.038
The Negotiator,21800000,21.8,447000000,44.7,665000000,66.5,1/1/99,32.80%,67.20%,-0.344
Nell,73000000,73,336000000,33.6,1066000000,106.6,1/18/96,68.50%,31.50%,0.37
The Net,59900000,59.9,506000000,50.6,1105000000,110.5,2/26/96,54.20%,45.80%,0.084
Never Been Kissed,28000000,28,555000000,55.5,835000000,83.5,2/1/00,33.50%,66.50%,-0.33
New Year's Eve,87600000,87.6,545000000,54.5,1421000000,142.1,1/16/12,61.60%,38.40%,0.232
Night at the Museum,329000000,329,2509000000,250.9,5799000000,579.9,1/1/11,56.70%,43.30%,0.134
Night at the Museum 2,237400000,237.4,1772000000,177.2,4146000000,414.6,1/1/10,57.30%,42.70%,0.146
Nine Months,64900000,64.9,697000000,69.7,1346000000,134.6,2/5/96,48.20%,51.80%,-0.036
The Ninth Gate,37700000,37.7,187000000,18.7,564000000,56.4,6/12/00,66.80%,33.20%,0.336
No Country For Old Men,86700000,86.7,743000000,74.3,1610000000,161,7/31/08,53.90%,46.10%,0.078
No Strings Attached,75000000,75,707000000,70.7,1457000000,145.7,4/24/11,51.50%,48.50%,0.03
Norbit,63300000,63.3,954000000,95.4,1587000000,158.7,7/1/07,39.90%,60.10%,-0.202
Nothing To Lose,21000000,21,445000000,44.5,655000000,65.5,1/20/98,32.10%,67.90%,-0.358
Notting Hill,247000000,247,1161000000,116.1,3631000000,363.1,1/1/00,68.00%,32.00%,0.36
Now You See Me,236000000,236,1177000000,117.7,3537000000,353.7,1/1/14,66.70%,33.30%,0.334
Nutty Professor II,40300000,40.3,1233000000,123.3,1636000000,163.6,12/21/00,24.60%,75.40%,-0.508
The Nutty Professor,141300000,141.3,1288000000,128.8,2694000000,269.4,1/20/97,52.20%,47.80%,0.044
Oblivion,197100000,197.1,891000000,89.1,2862000000,286.2,8/1/13,68.90%,31.10%,0.378
Ocean's Eleven,260900000,260.9,1834000000,183.4,4443000000,444.3,5/2/02,58.70%,41.30%,0.174
Ocean's Thirteen,194200000,194.2,1172000000,117.2,3114000000,311.4,9/23/07,62.40%,37.60%,0.248
Ocean's Twelve,237200000,237.2,1254000000,125.4,3626000000,362.6,5/1/05,65.40%,34.60%,0.308
The Omen,64100000,64.1,546000000,54.6,1187000000,118.7,8/31/06,54.00%,46.00%,0.08
One Fine Day,50100000,50.1,461000000,46.1,962000000,96.2,1/1/98,52.10%,47.90%,0.042
Open Season,99000000,99,851000000,85.1,1841000000,184.1,1/7/07,53.80%,46.20%,0.076
The Others,60000000,60,961000000,96.1,1561000000,156.1,11/27/01,38.40%,61.60%,-0.232
Out of Sight,35300000,35.3,375000000,37.5,728000000,72.8,1/1/99,48.50%,51.50%,-0.03
Outbreak,122200000,122.2,678000000,67.8,1900000000,190,1/18/96,64.30%,35.70%,0.286
Over the Hedge,175000000,175,1550000000,155,3300000000,330,11/5/06,53.00%,47.00%,0.06
Oz the Great and Powerful,258400000,258.4,2349000000,234.9,4933000000,493.3,12/15/13,52.40%,47.60%,0.048
P.S. I Love You,88400000,88.4,537000000,53.7,1421000000,142.1,5/4/08,62.20%,37.80%,0.244
Pacific Rim,310000000,310,1018000000,101.8,4118000000,411.8,1/1/14,75.30%,24.70%,0.506
The Pacifier,85000000,85,1131000000,113.1,1981000000,198.1,1/1/07,42.90%,57.10%,-0.142
Panic Room,100000000,100,953000000,95.3,1953000000,195.3,11/18/02,51.20%,48.80%,0.024
Paranormal Activity,85500000,85.5,1079000000,107.9,1934000000,193.4,10/1/11,44.20%,55.80%,-0.116
Paranormal Activity 2,92800000,92.8,848000000,84.8,1776000000,177.6,10/1/11,52.30%,47.70%,0.046
Paranormal Activity 3,102800000,102.8,1040000000,104,2068000000,206.8,10/1/12,49.70%,50.30%,-0.006
Paranormal Activity 4,84500000,84.5,539000000,53.9,1384000000,138.4,11/25/12,61.10%,38.90%,0.222
The Parent Trap,25800000,25.8,663000000,66.3,921000000,92.1,4/12/99,28.00%,72.00%,-0.44
The Passion of the Christ,240000000,240,3703000000,370.3,6103000000,610.3,1/1/05,39.30%,60.70%,-0.214
Patch Adams,67200000,67.2,1350000000,135,2022000000,202.2,1/1/00,33.20%,66.80%,-0.336
The Patriot,102000000,102,1133000000,113.3,2153000000,215.3,1/1/01,47.40%,52.60%,-0.052
Payback,81000000,81,815000000,81.5,1625000000,162.5,1/1/00,49.80%,50.20%,-0.004
The Peacemaker,75600000,75.6,413000000,41.3,1169000000,116.9,7/1/02,64.70%,35.30%,0.294
Pearl Harbor,251500000,251.5,1985000000,198.5,4500000000,450,12/17/01,55.90%,44.10%,0.118
The Pelican Brief,94500000,94.5,1008000000,100.8,1953000000,195.3,1/18/96,48.40%,51.60%,-0.032
The People vs. Larry Flynt,23300000,23.3,202000000,20.2,435000000,43.5,1/1/98,53.60%,46.40%,0.072
Percy Jackson & the Olympians,138500000,138.5,888000000,88.8,2273000000,227.3,10/10/10,60.90%,39.10%,0.218
A Perfect Murder,60400000,60.4,676000000,67.6,1280000000,128,12/15/98,47.20%,52.80%,-0.056
The Perfect Storm,143100000,143.1,1826000000,182.6,3257000000,325.7,1/1/01,43.90%,56.10%,-0.122
Peter Pan,73500000,73.5,484000000,48.4,1219000000,121.9,6/1/04,60.30%,39.70%,0.206
The Phantom of the Opera,102700000,102.7,512000000,51.2,1539000000,153.9,5/5/05,66.70%,33.30%,0.334
Phenomenon,47200000,47.2,1046000000,104.6,1518000000,151.8,1/27/97,31.10%,68.90%,-0.378
Philadelphia,124000000,124,773000000,77.3,2013000000,201.3,7/6/98,61.60%,38.40%,0.232
Phone Booth,27600000,27.6,466000000,46.6,742000000,74.2,7/24/03,37.20%,62.80%,-0.256
The Pianist,87500000,87.5,318000000,31.8,1193000000,119.3,1/1/04,73.30%,26.70%,0.466
The Pink Panther,76400000,76.4,822000000,82.2,1586000000,158.6,6/11/06,48.20%,51.80%,-0.036
Pirates of the Caribbean,347800000,347.8,3054000000,305.4,6532000000,653.2,1/8/04,53.20%,46.80%,0.064
Pirates of the Caribbean: AWE,651600000,651.6,3094000000,309.4,9610000000,961,9/1/07,67.80%,32.20%,0.356
Pirates of the Caribbean: DMC,642000000,642,4233000000,423.3,10653000000,1065.3,12/20/06,60.30%,39.70%,0.206
Pirates of the Caribbean: OST,803000000,803,2411000000,241.1,10441000000,1044.1,3/1/12,76.90%,23.10%,0.538
Planes,129500000,129.5,903000000,90.3,2198000000,219.8,11/10/13,58.90%,41.10%,0.178
Planet of the Apes,178900000,178.9,1800000000,180,3589000000,358.9,2/5/02,49.80%,50.20%,-0.004
Pocahontas,204300000,204.3,1416000000,141.6,3459000000,345.9,11/25/96,59.10%,40.90%,0.182
Pokemon : The First Movie,77900000,77.9,857000000,85.7,1636000000,163.6,6/13/00,47.60%,52.40%,-0.048
Pokemon 2000,56300000,56.3,437000000,43.7,1000000000,100,10/5/00,56.30%,43.70%,0.126
The Polar Express,123800000,123.8,1680000000,168,2918000000,291.8,1/19/06,42.40%,57.60%,-0.152
Poseidon,121000000,121,607000000,60.7,1817000000,181.7,8/27/06,66.60%,33.40%,0.332
"Postino, Il",58700000,58.7,218000000,21.8,805000000,80.5,1/1/97,72.90%,27.10%,0.458
The Postman,9400000,9.4,174000000,17.4,268000000,26.8,1/1/99,35.10%,64.90%,-0.298
Practical Magic,34000000,34,468000000,46.8,808000000,80.8,3/23/99,42.10%,57.90%,-0.158
Predators,79900000,79.9,520000000,52,1319000000,131.9,9/12/10,60.60%,39.40%,0.212
The Prestige,48400000,48.4,531000000,53.1,1015000000,101.5,1/28/07,47.70%,52.30%,-0.046
Presumed Innocent,86300000,86.3,1350000000,135,2213000000,221.3,7/6/98,39.00%,61.00%,-0.22
Pretty Woman,259800000,259.8,1781000000,178.1,4379000000,437.9,2/1/00,59.30%,40.70%,0.186
Pride & Prejudice,79500000,79.5,384000000,38.4,1179000000,117.9,4/9/06,67.40%,32.60%,0.348
Primal Fear,46500000,46.5,561000000,56.1,1026000000,102.6,1/1/97,45.30%,54.70%,-0.094
The Prince of Egypt,126900000,126.9,1012000000,101.2,2281000000,228.1,7/1/02,55.60%,44.40%,0.112
Prince of Persia,244000000,244,908000000,90.8,3348000000,334.8,12/1/10,72.90%,27.10%,0.458
The Prince of Tides,56000000,56,728000000,72.8,1288000000,128.8,1/1/98,43.50%,56.50%,-0.13
The Princess and the Frog,162000000,162,1044000000,104.4,2664000000,266.4,5/1/10,60.80%,39.20%,0.216
The Princess Diaries,45500000,45.5,1082000000,108.2,1537000000,153.7,1/29/02,29.60%,70.40%,-0.408
Princess Mononoke,157000000,157,23000000,2.3,1593000000,159.3,1/1/99,98.60%,1.40%,0.972
Prometheus,276800000,276.8,1265000000,126.5,4033000000,403.3,10/7/12,68.60%,31.40%,0.372
The Proposal,150700000,150.7,1640000000,164,3147000000,314.7,10/18/09,47.90%,52.10%,-0.042
Public Enemies,117800000,117.8,971000000,97.1,2149000000,214.9,1/17/10,54.80%,45.20%,0.096
Pulp Fiction,105000000,105,1080000000,108,2130000000,213,1/18/96,49.30%,50.70%,-0.014
The Pursuit of Happyness,131400000,131.4,1626000000,162.6,2940000000,294,3/11/07,44.70%,55.30%,-0.106
Puss in Boots,405500000,405.5,1493000000,149.3,5548000000,554.8,5/13/12,73.10%,26.90%,0.462
Quantum of Solace,407700000,407.7,1684000000,168.4,5761000000,576.1,1/1/12,70.80%,29.20%,0.416
The Queen,64300000,64.3,564000000,56.4,1207000000,120.7,5/13/07,53.30%,46.70%,0.066
Race to Witch Mountain,32500000,32.5,672000000,67.2,997000000,99.7,5/3/09,32.60%,67.40%,-0.348
Raiders of the Lost Ark,141000000,141,2424000000,242.4,3834000000,383.4,1/1/08,36.80%,63.20%,-0.264
Rambo,70500000,70.5,428000000,42.8,1133000000,113.3,6/29/08,62.20%,37.80%,0.244
Random Hearts,32100000,32.1,302000000,30.2,623000000,62.3,1/10/00,51.50%,48.50%,0.03
Rango,121500000,121.5,1233000000,123.3,2448000000,244.8,10/23/11,49.60%,50.40%,-0.008
Ransom,172400000,172.4,1365000000,136.5,3089000000,308.9,11/17/97,55.80%,44.20%,0.116
Ratatouille,417300000,417.3,2064000000,206.4,6237000000,623.7,1/1/11,66.90%,33.10%,0.338
Ray,47900000,47.9,752000000,75.2,1231000000,123.1,6/12/05,38.90%,61.10%,-0.222
Real Steel,210000000,210,855000000,85.5,2955000000,295.5,1/15/12,71.10%,28.90%,0.422
The Recruit,40600000,40.6,528000000,52.8,934000000,93.4,6/15/03,43.50%,56.50%,-0.13
Red,96200000,96.2,904000000,90.4,1866000000,186.6,5/1/11,51.60%,48.40%,0.032
Red Corner,13300000,13.3,224000000,22.4,357000000,35.7,6/16/98,37.30%,62.70%,-0.254
Red Dragon,116300000,116.3,925000000,92.5,2088000000,208.8,5/8/03,55.70%,44.30%,0.114
The Replacement Killers,16100000,16.1,190000000,19,351000000,35.1,6/9/98,45.90%,54.10%,-0.082
Resident Evil,63800000,63.8,395000000,39.5,1033000000,103.3,1/1/12,61.80%,38.20%,0.236
Resident Evil: Afterlife,236100000,236.1,601000000,60.1,2962000000,296.2,12/26/10,79.70%,20.30%,0.594
Resident Evil: Apocalypse,78200000,78.2,507000000,50.7,1289000000,128.9,1/1/07,60.70%,39.30%,0.214
Resident Evil: Extinction,95500000,95.5,506000000,50.6,1461000000,146.1,2/10/08,65.40%,34.60%,0.308
Resident Evil: Retribution,197000000,197,423000000,42.3,2393000000,239.3,1/1/14,82.30%,17.70%,0.646
Star Wars Ep. VI: Return of the Jedi,117400000,117.4,2637000000,263.7,3811000000,381.1,3/31/97,30.80%,69.20%,-0.384
Return of the Jedi - Special Edition,42500000,42.5,455000000,45.5,880000000,88,1/1/98,48.30%,51.70%,-0.034
The Ring Two,84500000,84.5,759000000,75.9,1604000000,160.4,7/10/05,52.70%,47.30%,0.054
The Ring,101600000,101.6,1283000000,128.3,2299000000,229.9,7/6/03,44.20%,55.80%,-0.116
Rio,342500000,342.5,1436000000,143.6,4861000000,486.1,8/14/11,70.50%,29.50%,0.41
Rise of the Guardians,200300000,200.3,1034000000,103.4,3037000000,303.7,2/17/13,66.00%,34.00%,0.32
Rise of the Planet of the Apes,306100000,306.1,1768000000,176.8,4829000000,482.9,12/4/11,63.40%,36.60%,0.268
Road to Perdition,57300000,57.3,1041000000,104.1,1614000000,161.4,12/15/02,35.50%,64.50%,-0.29
Road Trip,53200000,53.2,685000000,68.5,1217000000,121.7,7/1/02,43.70%,56.30%,-0.126
Robin Hood,216400000,216.4,1053000000,105.3,3217000000,321.7,1/9/11,67.30%,32.70%,0.346
Robin Hood : Prince of Thieves,225000000,225,1643000000,164.3,3893000000,389.3,1/18/96,57.80%,42.20%,0.156
Robots,132500000,132.5,1282000000,128.2,2607000000,260.7,1/1/06,50.80%,49.20%,0.016
The Rock,200300000,200.3,1340000000,134,3343000000,334.3,4/28/97,59.90%,40.10%,0.198
Rocky Balboa,81000000,81,703000000,70.3,1513000000,151.3,4/22/07,53.50%,46.50%,0.07
Romeo & Juliet,89400000,89.4,463000000,46.3,1357000000,135.7,3/1/98,65.90%,34.10%,0.318
Romeo Must Die,19500000,19.5,560000000,56,755000000,75.5,6/19/00,25.80%,74.20%,-0.484
Ronin,51800000,51.8,416000000,41.6,934000000,93.4,6/8/99,55.50%,44.50%,0.11
The Rugrats Movie,54200000,54.2,1005000000,100.5,1547000000,154.7,1/1/00,35.00%,65.00%,-0.3
Rumble In The Bronx,43500000,43.5,323000000,32.3,758000000,75.8,1/1/97,57.40%,42.60%,0.148
Rumor Has It,44000000,44,430000000,43,870000000,87,3/9/06,50.60%,49.40%,0.012
Runaway Bride,155800000,155.8,1522000000,152.2,3080000000,308,1/24/00,50.60%,49.40%,0.012
Rush Hour,104100000,104.1,1412000000,141.2,2453000000,245.3,2/8/00,42.40%,57.60%,-0.152
Rush Hour 2,103000000,103,2261000000,226.1,3291000000,329.1,2/12/02,31.30%,68.70%,-0.374
Rush Hour 3,114600000,114.6,1401000000,140.1,2547000000,254.7,12/2/07,45.00%,55.00%,-0.1
S.W.A.T.,76300000,76.3,1167000000,116.7,1930000000,193,12/21/03,39.50%,60.50%,-0.21
Safe House,81700000,81.7,1264000000,126.4,2081000000,208.1,9/23/12,39.30%,60.70%,-0.214
Sahara,51700000,51.7,687000000,68.7,1204000000,120.4,8/4/05,42.90%,57.10%,-0.142
The Saint,56700000,56.7,614000000,61.4,1181000000,118.1,1/1/98,48.00%,52.00%,-0.04
Salt,175700000,175.7,1183000000,118.3,2940000000,294,12/1/10,59.80%,40.20%,0.196
The Santa Clause 2,33600000,33.6,1392000000,139.2,1728000000,172.8,2/6/03,19.40%,80.60%,-0.612
The Santa Clause,50000000,50,1448000000,144.8,1948000000,194.8,1/8/96,25.70%,74.30%,-0.486
Save the Last Dance,24900000,24.9,910000000,91,1159000000,115.9,6/14/01,21.50%,78.50%,-0.57
Saving Private Ryan,268800000,268.8,2163000000,216.3,4851000000,485.1,7/1/02,55.40%,44.60%,0.108
Saw 3D,90000000,90,457000000,45.7,1357000000,135.7,2/20/11,66.30%,33.70%,0.326
Saw II,44400000,44.4,870000000,87,1314000000,131.4,2/1/06,33.80%,66.20%,-0.324
Saw III,84000000,84,802000000,80.2,1642000000,164.2,10/1/07,51.20%,48.80%,0.024
Saw IV,72000000,72,633000000,63.3,1353000000,135.3,5/4/08,53.20%,46.80%,0.064
Saw V,56300000,56.3,567000000,56.7,1130000000,113,2/22/09,49.80%,50.20%,-0.004
Scary Movie,103000000,103,1570000000,157,2600000000,260,11/16/00,39.60%,60.40%,-0.208
Scary Movie 2,45900000,45.9,713000000,71.3,1172000000,117.2,11/6/01,39.20%,60.80%,-0.216
Scary Movie 3,88200000,88.2,1100000000,110,1982000000,198.2,3/14/04,44.50%,55.50%,-0.11
Scary Movie 4,85700000,85.7,907000000,90.7,1764000000,176.4,8/3/06,48.60%,51.40%,-0.028
Schindler's List,225100000,225.1,961000000,96.1,3212000000,321.2,1/18/96,70.10%,29.90%,0.402
School of Rock,49700000,49.7,813000000,81.3,1310000000,131,8/1/04,37.90%,62.10%,-0.242
Scooby Doo,114400000,114.4,1533000000,153.3,2677000000,267.7,10/17/02,42.70%,57.30%,-0.146
Scooby Doo 2,97000000,97,842000000,84.2,1812000000,181.2,10/31/04,53.50%,46.50%,0.07
The Score,21000000,21,711000000,71.1,921000000,92.1,10/30/01,22.80%,77.20%,-0.544
The Scorpion King,73400000,73.4,903000000,90.3,1637000000,163.7,10/6/02,44.80%,55.20%,-0.104
Scream,70000000,70,1030000000,103,1730000000,173,3/1/98,40.50%,59.50%,-0.19
Scream 2,71000000,71,1013000000,101.3,1723000000,172.3,1/1/99,41.20%,58.80%,-0.176
Scream 3,63200000,63.2,891000000,89.1,1523000000,152.3,7/10/00,41.50%,58.50%,-0.17
Secrets & Lies,40100000,40.1,132000000,13.2,533000000,53.3,5/5/97,75.20%,24.80%,0.504
Sense and Sensibility,92100000,92.1,420000000,42,1341000000,134.1,1/1/97,68.70%,31.30%,0.374
Seven,250000000,250,1000000000,100,3500000000,350,1/1/99,71.40%,28.60%,0.428
Seven Pounds,97000000,97,700000000,70,1670000000,167,3/22/09,58.10%,41.90%,0.162
Seven Years in Tibet,130000000,130,379000000,37.9,1679000000,167.9,3/13/00,77.40%,22.60%,0.548
Sex and the City,257400000,257.4,1526000000,152.6,4100000000,410,1/1/09,62.80%,37.20%,0.256
Sex and the City 2,193000000,193,953000000,95.3,2883000000,288.3,12/1/10,66.90%,33.10%,0.338
Shaft,14000000,14,703000000,70.3,843000000,84.3,11/7/00,16.60%,83.40%,-0.668
Shakespeare in Love,188900000,188.9,1003000000,100.3,2892000000,289.2,1/1/00,65.30%,34.70%,0.306
Shall We Dance? (2004),90300000,90.3,579000000,57.9,1482000000,148.2,5/3/05,60.90%,39.10%,0.218
Shallow Hal,66000000,66,708000000,70.8,1368000000,136.8,10/16/02,48.20%,51.80%,-0.036
Shanghai Knights,22700000,22.7,605000000,60.5,832000000,83.2,6/5/03,27.30%,72.70%,-0.454
Shanghai Noon,38600000,38.6,569000000,56.9,955000000,95.5,10/24/00,40.40%,59.60%,-0.192
Shark Tale,202600000,202.6,1608000000,160.8,3634000000,363.4,4/3/05,55.80%,44.20%,0.116
Sherlock Holmes,315000000,315,2090000000,209,5240000000,524,1/1/11,60.10%,39.90%,0.202
Sherlock Holmes: A Game of Shadows,357000000,357,1868000000,186.8,5438000000,543.8,5/13/12,65.60%,34.40%,0.312
She's All That,40300000,40.3,633000000,63.3,1036000000,103.6,7/10/00,38.90%,61.10%,-0.222
Shine,53300000,53.3,358000000,35.8,891000000,89.1,3/1/98,59.80%,40.20%,0.196
Showtime,31300000,31.3,379000000,37.9,692000000,69.2,6/6/02,45.20%,54.80%,-0.096
Shrek,210400000,210.4,2677000000,267.7,4781000000,478.1,7/1/02,44.00%,56.00%,-0.12
Shrek 2,478500000,478.5,4367000000,436.7,9152000000,915.2,4/3/05,52.30%,47.70%,0.046
Shrek Forever After,513900000,513.9,2387000000,238.7,7526000000,752.6,1/1/12,68.30%,31.70%,0.366
Shrek the Third,475000000,475,3227000000,322.7,7977000000,797.7,1/1/08,59.50%,40.50%,0.19
Shutter Island,167000000,167,1280000000,128,2950000000,295,5/16/10,56.60%,43.40%,0.132
Sideways,36000000,36,715000000,71.5,1075000000,107.5,5/5/05,33.50%,66.50%,-0.33
The Siege,67500000,67.5,409000000,40.9,1084000000,108.4,4/18/00,62.30%,37.70%,0.246
Signs,174100000,174.1,2280000000,228,4021000000,402.1,2/6/03,43.30%,56.70%,-0.134
The Silence Of The Lambs,123000000,123,1307000000,130.7,2537000000,253.7,1/18/96,48.50%,51.50%,-0.03
The Simpsons Movie,343600000,343.6,1831000000,183.1,5267000000,526.7,1/15/08,65.20%,34.80%,0.304
Sin City,84600000,84.6,741000000,74.1,1587000000,158.7,11/28/05,53.30%,46.70%,0.066
Sister Act,145400000,145.4,1394000000,139.4,2848000000,284.8,1/18/96,51.10%,48.90%,0.022
"Six Days, Seven Nights",90500000,90.5,743000000,74.3,1648000000,164.8,2/2/99,54.90%,45.10%,0.098
The Sixth Sense,368000000,368,2935000000,293.5,6615000000,661.5,5/22/00,55.60%,44.40%,0.112
The Skeleton Key,44000000,44,478000000,47.8,918000000,91.8,12/4/05,47.90%,52.10%,-0.042
Skyfall,804000000,804,3044000000,304.4,11084000000,1108.4,1/1/14,72.50%,27.50%,0.45
Sleepers,112300000,112.3,533000000,53.3,1656000000,165.6,5/27/97,67.80%,32.20%,0.356
Sleeping With The Enemy,72300000,72.3,1004000000,100.4,1727000000,172.7,1/18/96,41.90%,58.10%,-0.162
Sleepless In Seattle,94000000,94,1265000000,126.5,2205000000,220.5,1/18/96,42.60%,57.40%,-0.148
Sleepy Hollow,101000000,101,1011000000,101.1,2021000000,202.1,4/24/00,50.00%,50.00%,0
Sliding Doors,55300000,55.3,119000000,11.9,672000000,67.2,1/1/99,82.30%,17.70%,0.646
Slumdog Millionaire,236000000,236,1413000000,141.3,3773000000,377.3,1/1/10,62.50%,37.50%,0.25
Small Soldiers,39500000,39.5,551000000,55.1,946000000,94.6,7/1/02,41.80%,58.20%,-0.164
The Smurfs 2,276000000,276,710000000,71,3470000000,347,1/1/14,79.50%,20.50%,0.59
The Smurfs,421000000,421,1426000000,142.6,5636000000,563.6,3/1/12,74.70%,25.30%,0.494
Snake Eyes,48300000,48.3,556000000,55.6,1039000000,103.9,3/8/99,46.50%,53.50%,-0.07
Snow White and the Huntsman,241000000,241,1553000000,155.3,3963000000,396.3,1/1/13,60.80%,39.20%,0.216
The Social Network,127600000,127.6,970000000,97,2246000000,224.6,5/1/11,56.80%,43.20%,0.136
Something's Gotta Give,142000000,142,1247000000,124.7,2667000000,266.7,6/1/04,53.20%,46.80%,0.064
The Sorcerer's Apprentice,152000000,152,632000000,63.2,2152000000,215.2,10/31/10,70.60%,29.40%,0.412
Source Code,68000000,68,547000000,54.7,1227000000,122.7,7/1/11,55.40%,44.60%,0.108
South Park,26600000,26.6,520000000,52,786000000,78.6,2/15/00,33.80%,66.20%,-0.324
Space Cowboys,38400000,38.4,905000000,90.5,1289000000,128.9,1/18/01,29.80%,70.20%,-0.404
Space Jam,159800000,159.8,904000000,90.4,2502000000,250.2,5/19/97,63.90%,36.10%,0.278
Spawn,24800000,24.8,550000000,55,798000000,79.8,2/23/98,31.10%,68.90%,-0.378
The Specialist,113000000,113,574000000,57.4,1704000000,170.4,1/18/96,66.30%,33.70%,0.326
Species,53300000,53.3,601000000,60.1,1134000000,113.4,1/1/96,47.00%,53.00%,-0.06
Species II,14300000,14.3,192000000,19.2,335000000,33.5,9/29/98,42.70%,57.30%,-0.146
Speed,161600000,161.6,1212000000,121.2,2828000000,282.8,1/18/96,57.10%,42.90%,0.142
Speed 2,105200000,105.2,481000000,48.1,1533000000,153.3,1/1/98,68.60%,31.40%,0.372
Speed Racer,49400000,49.4,439000000,43.9,933000000,93.3,12/1/08,52.90%,47.10%,0.058
Sphere,36300000,36.3,373000000,37.3,736000000,73.6,1/1/99,49.30%,50.70%,-0.014
Spice World,48600000,48.6,293000000,29.3,779000000,77.9,4/27/98,62.40%,37.60%,0.248
Spider-Man,417900000,417.9,4037000000,403.7,8216000000,821.6,1/1/06,50.90%,49.10%,0.018
Spider-Man 2,410200000,410.2,3734000000,373.4,7836000000,783.6,1/1/05,52.30%,47.70%,0.046
Spider-Man 3,555400000,555.4,3365000000,336.5,8919000000,891.9,1/1/08,62.30%,37.70%,0.246
The Spiderwick Chronicles,91100000,91.1,712000000,71.2,1623000000,162.3,6/29/08,56.10%,43.90%,0.122
Spirit,47400000,47.4,733000000,73.3,1207000000,120.7,6/1/03,39.30%,60.70%,-0.214
The SpongeBob SquarePants Movie,52600000,52.6,854000000,85.4,1380000000,138,9/18/05,38.10%,61.90%,-0.238
Spy Game,57700000,57.7,623000000,62.3,1200000000,120,2/5/02,48.10%,51.90%,-0.038
Spy Hard,57200000,57.2,268000000,26.8,840000000,84,1/1/97,68.10%,31.90%,0.362
Spy Kids,26200000,26.2,1126000000,112.6,1388000000,138.8,9/13/01,18.90%,81.10%,-0.622
Spy Kids 3D,81000000,81,1118000000,111.8,1928000000,192.8,8/26/04,42.00%,58.00%,-0.16
Star Trek,128000000,128,2577000000,257.7,3857000000,385.7,1/1/10,33.20%,66.80%,-0.336
Star Trek : First Contact,54000000,54,918000000,91.8,1458000000,145.8,3/24/97,37.00%,63.00%,-0.26
Star Trek : Generations,42400000,42.4,756000000,75.6,1180000000,118,1/22/96,35.90%,64.10%,-0.282
Star Trek Into Darkness,238200000,238.2,2288000000,228.8,4670000000,467,9/22/13,51.00%,49.00%,0.02
Star Trek: Insurrection,47700000,47.7,702000000,70.2,1179000000,117.9,1/1/00,40.50%,59.50%,-0.19
Star Trek: Nemesis,23600000,23.6,431000000,43.1,667000000,66.7,6/18/03,35.40%,64.60%,-0.292
Star Wars Episode I,492000000,492,4311000000,431.1,9231000000,923.1,2/8/00,53.30%,46.70%,0.066
Star Wars Episode II,339000000,339,3107000000,310.7,6497000000,649.7,1/1/05,52.20%,47.80%,0.044
Star Wars Episode III,469800000,469.8,3803000000,380.3,8501000000,850.1,1/1/06,55.30%,44.70%,0.106
Stardust,98000000,98,386000000,38.6,1366000000,136.6,2/3/08,71.70%,28.30%,0.434
Stargate,125000000,125,715000000,71.5,1965000000,196.5,1/18/96,63.60%,36.40%,0.272
Starship Troopers,66400000,66.4,547000000,54.7,1211000000,121.1,5/19/98,54.80%,45.20%,0.096
Starsky & Hutch,82000000,82,882000000,88.2,1702000000,170.2,9/1/04,48.20%,51.80%,-0.036
Stealth,41200000,41.2,317000000,31.7,729000000,72.9,10/23/05,56.50%,43.50%,0.13
Step Up 2 The Streets,90200000,90.2,580000000,58,1482000000,148.2,5/18/08,60.90%,39.10%,0.218
Step Up 3D,119000000,119,424000000,42.4,1614000000,161.4,10/24/10,73.70%,26.30%,0.474
Stepmom,69000000,69,910000000,91,1600000000,160,9/27/99,43.10%,56.90%,-0.138
Stigmata,39200000,39.2,500000000,50,892000000,89.2,5/8/00,43.90%,56.10%,-0.122
The Story of Us,30200000,30.2,271000000,27.1,573000000,57.3,5/23/00,52.70%,47.30%,0.054
Street Fighter,70000000,70,332000000,33.2,1032000000,103.2,1/18/96,67.80%,32.20%,0.356
Striptease,80200000,80.2,320000000,32,1122000000,112.2,1/1/97,71.50%,28.50%,0.43
Stuart Little,157600000,157.6,1400000000,140,2976000000,297.6,1/1/01,53.00%,47.00%,0.06
Stuart Little 2,101300000,101.3,647000000,64.7,1660000000,166,12/19/02,61.00%,39.00%,0.22
Sudden Death,27300000,27.3,202000000,20.2,475000000,47.5,4/29/96,57.50%,42.50%,0.15
The Sum of All Fears,58600000,58.6,1185000000,118.5,1771000000,177.1,12/15/02,33.10%,66.90%,-0.338
Super 8,133000000,133,1270000000,127,2600000000,260,3/1/12,51.20%,48.80%,0.024
Superbad,48400000,48.4,1215000000,121.5,1699000000,169.9,2/10/08,28.50%,71.50%,-0.43
Superman Returns,190000000,190,2001000000,200.1,3901000000,390.1,11/2/06,48.70%,51.30%,-0.026
Surf's Up,90700000,90.7,589000000,58.9,1496000000,149.6,2/10/08,60.60%,39.40%,0.212
Surrogates,83900000,83.9,386000000,38.6,1225000000,122.5,1/31/10,68.50%,31.50%,0.37
Sweeney Todd,99600000,99.6,529000000,52.9,1525000000,152.5,6/1/08,65.30%,34.70%,0.306
Sweet Home Alabama,48300000,48.3,1272000000,127.2,1755000000,175.5,2/6/03,27.50%,72.50%,-0.45
Swordfish,60000000,60,697000000,69.7,1297000000,129.7,11/6/01,46.30%,53.70%,-0.074
Syriana,42200000,42.2,508000000,50.8,930000000,93,4/9/06,45.40%,54.60%,-0.092
Taken,75000000,75,1450000000,145,2200000000,220,5/17/09,34.10%,65.90%,-0.318
Taken 2,234100000,234.1,1399000000,139.9,3740000000,374,1/13/13,62.60%,37.40%,0.252
The Taking of Pelham 1 2 3,84600000,84.6,655000000,65.5,1501000000,150.1,1/1/10,56.40%,43.60%,0.128
The Talented Mr. Ripley,44000000,44,813000000,81.3,1253000000,125.3,8/14/00,35.10%,64.90%,-0.298
Tangled,389900000,389.9,2008000000,200.8,5907000000,590.7,7/1/11,66.00%,34.00%,0.32
Tarzan,276000000,276,1711000000,171.1,4471000000,447.1,11/1/00,61.70%,38.30%,0.234
Ted,328600000,328.6,2188000000,218.8,5474000000,547.4,3/17/13,60.00%,40.00%,0.2
Teenage Mutant Ninja Turtles,66700000,66.7,1350000000,135,2017000000,201.7,1/18/96,33.10%,66.90%,-0.338
The Terminal,131800000,131.8,772000000,77.2,2090000000,209,4/24/05,63.10%,36.90%,0.262
Terminator 2 : Judgment Day,312000000,312,2045000000,204.5,5165000000,516.5,2/9/98,60.40%,39.60%,0.208
Terminator 3,282700000,282.7,1504000000,150.4,4331000000,433.1,1/1/04,65.30%,34.70%,0.306
Terminator Salvation,246800000,246.8,1253000000,125.3,3721000000,372.1,1/1/10,66.30%,33.70%,0.326
There's Something About Mary,183600000,183.6,1765000000,176.5,3601000000,360.1,3/1/99,51.00%,49.00%,0.02
The Thin Red Line,50000000,50,364000000,36.4,864000000,86.4,2/1/00,57.90%,42.10%,0.158
The Thirteenth Warrior,29000000,29,327000000,32.7,617000000,61.7,2/1/00,47.00%,53.00%,-0.06
This Is It,188000000,188,721000000,72.1,2601000000,260.1,1/1/10,72.30%,27.70%,0.446
This Means War,102000000,102,548000000,54.8,1568000000,156.8,7/1/12,65.10%,34.90%,0.302
The Thomas Crown Affair,55000000,55,693000000,69.3,1243000000,124.3,1/1/00,44.20%,55.80%,-0.116
Thor,268000000,268,1810000000,181,4490000000,449,1/1/13,59.70%,40.30%,0.194
Thor: The Dark World,438000000,438,2064000000,206.4,6444000000,644.4,9/1/14,68.00%,32.00%,0.36
Three Kings,47100000,47.1,607000000,60.7,1078000000,107.8,4/17/00,43.70%,56.30%,-0.126
The Three Musketeers,119000000,119,204000000,20.4,1394000000,139.4,1/8/12,85.40%,14.60%,0.708
The Time Machine,66500000,66.5,567000000,56.7,1232000000,123.2,8/26/02,54.00%,46.00%,0.08
The Time Machine,46800000,46.8,567000000,56.7,1035000000,103.5,7/25/02,45.20%,54.80%,-0.096
The Time To Kill,43500000,43.5,1087000000,108.7,1522000000,152.2,1/1/97,28.60%,71.40%,-0.428
Timecop,53500000,53.5,460000000,46,995000000,99.5,1/18/96,53.80%,46.20%,0.076
Tin Cup,27100000,27.1,539000000,53.9,810000000,81,1/1/97,33.50%,66.50%,-0.33
Titanic,1242000000,1242,6008000000,600.8,18428000000,1842.8,1/1/10,67.40%,32.60%,0.348
Tomorrow Never Dies,218000000,218,1252000000,125.2,3432000000,343.2,1/1/99,63.50%,36.50%,0.27
Total Recall,139000000,139,589000000,58.9,1979000000,197.9,1/1/14,70.20%,29.80%,0.404
Total Recall,143300000,143.3,1183000000,118.3,2616000000,261.6,1/18/96,54.80%,45.20%,0.096
The Tourist,210700000,210.7,676000000,67.6,2783000000,278.3,6/3/11,75.70%,24.30%,0.514
Tower Heist,75000000,75,780000000,78,1530000000,153,9/1/12,49.00%,51.00%,-0.02
The Town,64600000,64.6,922000000,92.2,1568000000,156.8,2/27/11,41.20%,58.80%,-0.176
Toy Story,166400000,166.4,1918000000,191.8,3582000000,358.2,12/12/96,46.50%,53.50%,-0.07
Toy Story 2,239900000,239.9,2458000000,245.8,4857000000,485.7,6/30/00,49.40%,50.60%,-0.012
Toy Story 3,649200000,649.2,4150000000,415,10642000000,1064.2,12/1/10,61.00%,39.00%,0.22
Traffic,81000000,81,1240000000,124,2050000000,205,6/7/01,39.50%,60.50%,-0.21
Trainspotting,55600000,55.6,165000000,16.5,721000000,72.1,1/1/97,77.10%,22.90%,0.542
Transformers,389000000,389,3191000000,319.1,7081000000,708.1,1/1/09,54.90%,45.10%,0.098
Transformers: Dark of the Moon,771000000,771,3524000000,352.4,11234000000,1123.4,3/1/12,68.60%,31.40%,0.372
Transformers: ROTF,434000000,434,4021000000,402.1,8361000000,836.1,1/1/10,51.90%,48.10%,0.038
Treasure Planet,50700000,50.7,381000000,38.1,888000000,88.8,2/6/03,57.10%,42.90%,0.142
TRON: Legacy,228000000,228,1721000000,172.1,4001000000,400.1,1/1/13,57.00%,43.00%,0.14
Tropic Thunder,77500000,77.5,1105000000,110.5,1880000000,188,1/4/09,41.20%,58.80%,-0.176
Troy,364000000,364,1334000000,133.4,4974000000,497.4,11/14/04,73.20%,26.80%,0.464
True Grit,80000000,80,1711000000,171.1,2511000000,251.1,7/1/11,31.90%,68.10%,-0.362
True Lies,208100000,208.1,1463000000,146.3,3544000000,354.4,1/18/96,58.70%,41.30%,0.174
The Truman Show,122300000,122.3,1256000000,125.6,2479000000,247.9,1/19/99,49.30%,50.70%,-0.014
Truth About Cats & Dogs,20400000,20.4,341000000,34.1,545000000,54.5,1/1/97,37.40%,62.60%,-0.252
The Tuxedo,48600000,48.6,506000000,50.6,992000000,99.2,3/16/03,49.00%,51.00%,-0.02
Twelve Monkeys,106600000,106.6,571000000,57.1,1637000000,163.7,1/1/97,65.10%,34.90%,0.302
Twilight,192200000,192.2,1915000000,191.5,3837000000,383.7,4/5/09,50.10%,49.90%,0.002
The Twilight Saga: Breaking Dawn Part I,423800000,423.8,2813000000,281.3,7051000000,705.1,3/1/12,60.10%,39.90%,0.202
The Twilight Saga: Breaking Dawn Part II,537000000,537,2923000000,292.3,8293000000,829.3,3/3/13,64.80%,35.20%,0.296
The Twilight Saga: Eclipse,398000000,398,3005000000,300.5,6985000000,698.5,2/1/11,57.00%,43.00%,0.14
The Twilight Saga: New Moon,416000000,416,2966000000,296.6,7126000000,712.6,11/1/11,58.40%,41.60%,0.168
Twister,251900000,251.9,2417000000,241.7,4936000000,493.6,1/1/97,51.00%,49.00%,0.02
Two Weeks Notice,105400000,105.4,932000000,93.2,1986000000,198.6,6/1/03,53.10%,46.90%,0.062
U-571,37500000,37.5,771000000,77.1,1146000000,114.6,10/10/00,32.70%,67.30%,-0.346
U.S. Marshals,45200000,45.2,578000000,57.8,1030000000,103,1/1/99,43.90%,56.10%,-0.122
The Ugly Truth,116000000,116,889000000,88.9,2049000000,204.9,3/1/10,56.60%,43.40%,0.132
Unbreakable,154000000,154,950000000,95,2490000000,249,5/3/01,61.80%,38.20%,0.236
Under Siege,72800000,72.8,836000000,83.6,1564000000,156.4,1/1/00,46.50%,53.50%,-0.07
Under Siege 2,54300000,54.3,500000000,50,1043000000,104.3,1/29/96,52.10%,47.90%,0.042
Underworld: Awakening,98000000,98,623000000,62.3,1603000000,160.3,9/1/12,61.10%,38.90%,0.222
Underworld: Evolution,33100000,33.1,623000000,62.3,954000000,95.4,3/16/06,34.70%,65.30%,-0.306
Unfaithful,52000000,52,528000000,52.8,1048000000,104.8,10/16/02,49.60%,50.40%,-0.008
Unforgiven,58000000,58,1012000000,101.2,1592000000,159.2,1/18/96,36.40%,63.60%,-0.272
Unknown,67100000,67.1,637000000,63.7,1308000000,130.8,5/22/11,51.30%,48.70%,0.026
Unstoppable,87800000,87.8,816000000,81.6,1694000000,169.4,3/20/11,51.80%,48.20%,0.036
Up,438300000,438.3,2930000000,293,7313000000,731.3,1/1/11,59.90%,40.10%,0.198
Up Close and Personal,49600000,49.6,511000000,51.1,1007000000,100.7,1/1/97,49.30%,50.70%,-0.014
Up in the Air,79600000,79.6,838000000,83.8,1634000000,163.4,4/11/10,48.70%,51.30%,-0.026
Urban Legend,22100000,22.1,381000000,38.1,602000000,60.2,3/30/99,36.70%,63.30%,-0.266
V for Vendetta,60900000,60.9,705000000,70.5,1314000000,131.4,5/21/06,46.30%,53.70%,-0.074
Valentine's Day,106000000,106,1105000000,110.5,2165000000,216.5,1/1/11,49.00%,51.00%,-0.02
Valkyrie,115600000,115.6,831000000,83.1,1987000000,198.7,6/7/09,58.20%,41.80%,0.164
Van Helsing,181500000,181.5,1201000000,120.1,3016000000,301.6,5/6/05,60.20%,39.80%,0.204
Vanilla Sky,100500000,100.5,1006000000,100.6,2011000000,201.1,5/2/02,50.00%,50.00%,0
Vantage Point,78900000,78.9,723000000,72.3,1512000000,151.2,9/1/08,52.20%,47.80%,0.044
Vertical Limit,144000000,144,685000000,68.5,2125000000,212.5,5/3/01,67.80%,32.20%,0.356
The Village,142000000,142,1142000000,114.2,2562000000,256.2,12/5/04,55.40%,44.60%,0.108
Volcano,73500000,73.5,475000000,47.5,1210000000,121,1/1/98,60.70%,39.30%,0.214
The Vow,71000000,71,1250000000,125,1960000000,196,9/1/12,36.20%,63.80%,-0.276
Wag the Dog,20200000,20.2,430000000,43,632000000,63.2,5/27/98,32.00%,68.00%,-0.36
Waiting to Exhale,13000000,13,670000000,67,800000000,80,8/10/98,16.30%,83.80%,-0.675
The Walk In The Clouds,45000000,45,500000000,50,950000000,95,2/5/96,47.40%,52.60%,-0.052
Walk the Line,64800000,64.8,1195000000,119.5,1843000000,184.3,6/11/06,35.20%,64.80%,-0.296
Wall Street 2: Money Never Sleeps,85500000,85.5,525000000,52.5,1380000000,138,2/27/11,62.00%,38.00%,0.24
WALL-E,310900000,310.9,2238000000,223.8,5347000000,534.7,2/22/09,58.10%,41.90%,0.162
Wallace & Gromit,129600000,129.6,561000000,56.1,1857000000,185.7,7/1/06,69.80%,30.20%,0.396
Wanted,209500000,209.5,1345000000,134.5,3440000000,344,1/1/09,60.90%,39.10%,0.218
War Horse,97700000,97.7,799000000,79.9,1776000000,177.6,4/8/12,55.00%,45.00%,0.1
War of the Worlds,361700000,361.7,2343000000,234.3,5960000000,596,1/1/06,60.70%,39.30%,0.214
Watchmen,74900000,74.9,1075000000,107.5,1824000000,182.4,4/26/09,41.10%,58.90%,-0.178
Water for Elephants,58100000,58.1,587000000,58.7,1168000000,116.8,7/24/11,49.70%,50.30%,-0.006
The Waterboy,29000000,29,1615000000,161.5,1905000000,190.5,12/13/99,15.20%,84.80%,-0.696
Waterworld,170000000,170,882000000,88.2,2582000000,258.2,2/5/96,65.80%,34.20%,0.316
Wayne's World,59200000,59.2,1217000000,121.7,1809000000,180.9,1/18/96,32.70%,67.30%,-0.346
Wedding Crashers,75800000,75.8,2092000000,209.2,2850000000,285,1/1/06,26.60%,73.40%,-0.468
The Wedding Singer,41400000,41.4,802000000,80.2,1216000000,121.6,1/1/99,34.00%,66.00%,-0.32
We're the Millers,120000000,120,1504000000,150.4,2704000000,270.4,1/1/14,44.40%,55.60%,-0.112
What Dreams May Come,25600000,25.6,554000000,55.4,810000000,81,1/11/99,31.60%,68.40%,-0.368
What Happens in Vegas,139000000,139,803000000,80.3,2193000000,219.3,1/1/09,63.40%,36.60%,0.268
What Lies Beneath,120200000,120.2,1554000000,155.4,2756000000,275.6,1/4/01,43.60%,56.40%,-0.128
What Women Want,188000000,188,1828000000,182.8,3708000000,370.8,6/7/01,50.70%,49.30%,0.014
While You Were Sleeping,100900000,100.9,810000000,81,1819000000,181.9,1/1/96,55.50%,44.50%,0.11
White House Down,132000000,132,731000000,73.1,2051000000,205.1,1/1/14,64.40%,35.60%,0.288
Wild Hogs,84600000,84.6,1683000000,168.3,2529000000,252.9,9/1/07,33.50%,66.50%,-0.33
Wild Things,37100000,37.1,301000000,30.1,672000000,67.2,1/1/99,55.20%,44.80%,0.104
Wild Wild West,104000000,104,1138000000,113.8,2178000000,217.8,1/1/00,47.80%,52.20%,-0.044
The Wolfman,77800000,77.8,620000000,62,1398000000,139.8,5/1/10,55.70%,44.30%,0.114
The Wolverine,282000000,282,1326000000,132.6,4146000000,414.6,10/20/13,68.00%,32.00%,0.36
The World is Not Enough,225100000,225.1,1269000000,126.9,3520000000,352,4/17/00,63.90%,36.10%,0.278
World Trade Center,88400000,88.4,703000000,70.3,1587000000,158.7,11/19/06,55.70%,44.30%,0.114
World War Z,337200000,337.2,2024000000,202.4,5396000000,539.6,9/22/13,62.50%,37.50%,0.25
Wrath of the Titans,218300000,218.3,837000000,83.7,3020000000,302,5/13/12,72.30%,27.70%,0.446
Wreck-It Ralph,281800000,281.8,1894000000,189.4,4712000000,471.2,4/14/13,59.80%,40.20%,0.196
The X-Files: I Want to Believe,47100000,47.1,210000000,21,681000000,68.1,11/30/08,69.20%,30.80%,0.384
X-Men,139000000,139,1573000000,157.3,2963000000,296.3,1/1/11,46.90%,53.10%,-0.062
X-Men Origins: Wolverine,195900000,195.9,1799000000,179.9,3758000000,375.8,1/1/11,52.10%,47.90%,0.042
X-Men: First Class,206800000,206.8,1464000000,146.4,3532000000,353.2,8/21/11,58.60%,41.40%,0.172
X-Men: The Last Stand,222000000,222,2344000000,234.4,4564000000,456.4,1/1/07,48.60%,51.40%,-0.028
The X Files,101000000,101,839000000,83.9,1849000000,184.9,1/1/99,54.60%,45.40%,0.092
X2,193200000,193.2,2149000000,214.9,4081000000,408.1,1/1/11,47.30%,52.70%,-0.054
XXX,112000000,112,1412000000,141.2,2532000000,253.2,11/14/02,44.20%,55.80%,-0.116
XXX: State of the Union,40000000,40,261000000,26.1,661000000,66.1,5/26/05,60.50%,39.50%,0.21
Yes Man,131300000,131.3,977000000,97.7,2290000000,229,4/5/09,57.30%,42.70%,0.146
Yogi Bear,101000000,101,1002000000,100.2,2012000000,201.2,7/1/11,50.20%,49.80%,0.004
You Don't Mess with the Zohan,101800000,101.8,1000000000,100,2018000000,201.8,12/7/08,50.40%,49.60%,0.008
"You, Me and Dupree",53700000,53.7,756000000,75.6,1293000000,129.3,12/3/06,41.50%,58.50%,-0.17
You've Got Mail,135000000,135,1158000000,115.8,2508000000,250.8,8/1/99,53.80%,46.20%,0.076
Zookeeper,89000000,89,804000000,80.4,1694000000,169.4,3/1/12,52.50%,47.50%,0.05